Handle,Title,Body (HTML),Vendor,Product Category,Type,Tags,Published,Option1 Name,Option1 Value,Option1 Linked To,Option2 Name,Option2 Value,Option2 Linked To,Option3 Name,Option3 Value,Option3 Linked To,Variant SKU,Variant Grams,Variant Inventory Tracker,Variant Inventory Qty,Variant Inventory Policy,Variant Fulfillment Service,Variant Price,Variant Compare At Price,Variant Requires Shipping,Variant Taxable,Unit Price Total Measure,Unit Price Total Measure Unit,Unit Price Base Measure,Unit Price Base Measure Unit,Variant Barcode,Image Src,Image Position,Image Alt Text,Gift Card,SEO Title,SEO Description,Google Shopping / Google Product Category,Google Shopping / Gender,Google Shopping / Age Group,Google Shopping / MPN,Google Shopping / Condition,Google Shopping / Custom Product,Google Shopping / Custom Label 0,Google Shopping / Custom Label 1,Google Shopping / Custom Label 2,Google Shopping / Custom Label 3,Google Shopping / Custom Label 4,Diamond Weight (ct) (product.metafields.custom.diamond_weight_ct),Colors (product.metafields.jhango.colors),Google: Custom Product (product.metafields.mm-google-shopping.custom_product),Product rating count (product.metafields.reviews.rating_count),Age group (product.metafields.shopify.age-group),Bracelet design (product.metafields.shopify.bracelet-design),Color (product.metafields.shopify.color-pattern),Earring design (product.metafields.shopify.earring-design),Jewelry material (product.metafields.shopify.jewelry-material),Jewelry type (product.metafields.shopify.jewelry-type),Necklace design (product.metafields.shopify.necklace-design),Ring design (product.metafields.shopify.ring-design),Ring size (product.metafields.shopify.ring-size),Target gender (product.metafields.shopify.target-gender),Complementary products (product.metafields.shopify--discovery--product_recommendation.complementary_products),Related products (product.metafields.shopify--discovery--product_recommendation.related_products),Related products settings (product.metafields.shopify--discovery--product_recommendation.related_products_display),Search product boosts (product.metafields.shopify--discovery--product_search_boost.queries),Variant Image,Variant Weight Unit,Variant Tax Code,Cost per item,Included / India,Price / India,Compare At Price / India,Status
italian-exclusive-aaa-og-handshake-ring-in-925-silver-by-svadezi,Italian Exclusive Hug Ring (Adjustable) in 925 Silver By SVADEZI,"<p>High Quality Nickel Free Rhodium Coated</p>
<p>Size: Adjustable for all Sizes (Mention Size in order Note)</p>
<p>- This ring is made of 925 silver, which is a high-quality metal that does not tarnish or corrode easily.<br>- The ring is coated with rhodium, a rare and precious metal that gives it a shiny and durable finish. Rhodium is also nickel-free, which means it is hypoallergenic and safe for sensitive skin.<br>- The ring features an exclusive design by SVADEZI, a brand that specializes in handmade jewelry with an Italian flair. The design is inspired by the OG handshake, a gesture of respect and friendship among hip-hop fans.<br>- The ring is a limited edition item, only available from SVADEZI. It comes with a certificate of authenticity and a gift box. It is a perfect accessory for anyone who loves hip-hop culture and Italian style.</p>",SVADEZI,Apparel & Accessories > Jewelry > Rings,Ring,"svadezi, svadezijewellery",false,Color,Rose Gold,,,,,,,,,4.0,shopify,68,continue,manual,1849.0,2649.0,true,true,,,,,,https://cdn.shopify.com/s/files/1/0651/8987/1813/files/hug-ring-925-sterling-silver-rings-higherchakra-29882419576967.webp?v=1740600070,1,,false,,,,,,,,,,,,,,,,,'8,,,,,,,,,,,,,,,https://cdn.shopify.com/s/files/1/0651/8987/1813/files/Untitled_design_81238e96-66ec-44e7-9a8d-6b47eb57d6ed.svg?v=1716321692,g,,0.00,true,,,active
italian-exclusive-aaa-og-handshake-ring-in-925-silver-by-svadezi,,,,,,,,,Rhodium,,,,,,,,,4.0,shopify,35,continue,manual,1749.0,2649.0,true,true,,,,,,https://cdn.shopify.com/s/files/1/0651/8987/1813/files/DSC08778-Enhanced-NR-scaled.jpg?v=1740600072,2,,,,,,,,,,,,,,,,,,,,,,,,,,,,,,,,,,https://cdn.shopify.com/s/files/1/0651/8987/1813/files/hug-ring-925-sterling-silver-rings-higherchakra-29882419576967.webp?v=1740600070,g,,0.00,,,,
italian-exclusive-aaa-og-handshake-ring-in-925-silver-by-svadezi,,,,,,,,,22k Gold,,,,,,,,,0.4,shopify,51,continue,manual,1949.0,2749.0,true,true,,,,,,https://cdn.shopify.com/s/files/1/0651/8987/1813/files/DSC08772-Enhanced-NR-scaled.jpg?v=1740600073,3,,,,,,,,,,,,,,,,,,,,,,,,,,,,,,,,,,https://cdn.shopify.com/s/files/1/0651/8987/1813/files/next-craetion-golden-hug-ring-for-women-girls-hugging-hand-open-statement-ring-product-images-rvhatailht-2-202307280348.jpg?v=1740600081,g,,0.00,,,,
italian-exclusive-aaa-og-handshake-ring-in-925-silver-by-svadezi,,,,,,,,,,,,,,,,,,,,,,,,,,,,,,,,https://cdn.shopify.com/s/files/1/0651/8987/1813/files/DSC09119-scaled.jpg?v=1740600074,4,,,,,,,,,,,,,,,,,,,,,,,,,,,,,,,,,,,,,,,,,
italian-exclusive-aaa-og-handshake-ring-in-925-silver-by-svadezi,,,,,,,,,,,,,,,,,,,,,,,,,,,,,,,,https://cdn.shopify.com/s/files/1/0651/8987/1813/files/DSC08762-Enhanced-NR-scaled.jpg?v=1740600076,5,,,,,,,,,,,,,,,,,,,,,,,,,,,,,,,,,,,,,,,,,
italian-exclusive-aaa-og-handshake-ring-in-925-silver-by-svadezi,,,,,,,,,,,,,,,,,,,,,,,,,,,,,,,,https://cdn.shopify.com/s/files/1/0651/8987/1813/files/hug-ring-500x500.jpg?v=1740600076,6,,,,,,,,,,,,,,,,,,,,,,,,,,,,,,,,,,,,,,,,,
italian-exclusive-aaa-og-handshake-ring-in-925-silver-by-svadezi,,,,,,,,,,,,,,,,,,,,,,,,,,,,,,,,https://cdn.shopify.com/s/files/1/0651/8987/1813/files/Untitled_design_81238e96-66ec-44e7-9a8d-6b47eb57d6ed.svg?v=1716321692,7,,,,,,,,,,,,,,,,,,,,,,,,,,,,,,,,,,,,,,,,,
italian-exclusive-aaa-og-handshake-ring-in-925-silver-by-svadezi,,,,,,,,,,,,,,,,,,,,,,,,,,,,,,,,https://cdn.shopify.com/s/files/1/0651/8987/1813/files/hugring.webp?v=1740600077,8,,,,,,,,,,,,,,,,,,,,,,,,,,,,,,,,,,,,,,,,,
italian-exclusive-aaa-og-handshake-ring-in-925-silver-by-svadezi,,,,,,,,,,,,,,,,,,,,,,,,,,,,,,,,https://cdn.shopify.com/s/files/1/0651/8987/1813/files/Hugring-01_PRYA_2000x_6c137f77-fa5c-474f-83c0-be912b710107.webp?v=1740600079,9,,,,,,,,,,,,,,,,,,,,,,,,,,,,,,,,,,,,,,,,,
italian-exclusive-aaa-og-handshake-ring-in-925-silver-by-svadezi,,,,,,,,,,,,,,,,,,,,,,,,,,,,,,,,https://cdn.shopify.com/s/files/1/0651/8987/1813/files/adjustable-1-gold-ring-hug-ring-university-trendz-original-imagbap4azuhgfbw.webp?v=1740600080,10,,,,,,,,,,,,,,,,,,,,,,,,,,,,,,,,,,,,,,,,,
italian-exclusive-aaa-og-handshake-ring-in-925-silver-by-svadezi,,,,,,,,,,,,,,,,,,,,,,,,,,,,,,,,https://cdn.shopify.com/s/files/1/0651/8987/1813/files/next-craetion-golden-hug-ring-for-women-girls-hugging-hand-open-statement-ring-product-images-rvhatailht-2-202307280348.jpg?v=1740600081,11,,,,,,,,,,,,,,,,,,,,,,,,,,,,,,,,,,,,,,,,,
clovers-magnetic-necklace-in-925-silver-by-svadezi,Clovers Magnetic Necklace in 925 Silver by SVADEZI,"<p><strong>Length: 21CM with Pendant(Adjustable)</strong></p>
<p>Explore the timeless beauty of SVADEZI's Clover Magnetic Necklace. Made with high-quality 925 Sterling Silver, each piece showcases expert craftsmanship and comes with an <strong>authenticity certificate</strong>. Elevate your style with this elegant and traditional necklace.</p>",SVADEZI,Apparel & Accessories > Jewelry > Charms & Pendants,necklace,"svadezi, svadezijewellery",false,Color,White Gold,,,,,,,,,5.0,shopify,9,deny,manual,2349.0,4208.0,true,true,,,,,,https://cdn.shopify.com/s/files/1/0651/8987/1813/files/252.jpg?v=1740601176,1,,false,,,192,,,,,,,,,,,,,,'19,,,,,,,,,,,,,,,https://cdn.shopify.com/s/files/1/0651/8987/1813/files/252.jpg?v=1740601176,g,,,true,,,active
clovers-magnetic-necklace-in-925-silver-by-svadezi,,,,,,,,,Rose Gold,,,,,,,,,5.0,shopify,10,deny,manual,2349.0,4208.0,true,true,,,,,,https://cdn.shopify.com/s/files/1/0651/8987/1813/files/1_1200x1200_35ab5872-a63b-404f-b904-ea183781d76f.webp?v=1740601178,2,,,,,,,,,,,,,,,,,,,,,,,,,,,,,,,,,,https://cdn.shopify.com/s/files/1/0651/8987/1813/files/08_1f131905-516d-4922-a368-4b6c16fc6ce6.jpg?v=1740601193,g,,,,,,
clovers-magnetic-necklace-in-925-silver-by-svadezi,,,,,,,,,,,,,,,,,,,,,,,,,,,,,,,,https://cdn.shopify.com/s/files/1/0651/8987/1813/files/320df51423af8bb8a542c5bd2ec5853c.jpg?v=1740601179,3,,,,,,,,,,,,,,,,,,,,,,,,,,,,,,,,,,,,,,,,,
clovers-magnetic-necklace-in-925-silver-by-svadezi,,,,,,,,,,,,,,,,,,,,,,,,,,,,,,,,https://cdn.shopify.com/s/files/1/0651/8987/1813/files/ShinyClover_4_96b8a80f-6f51-4ffc-a557-d70760d73f66.webp?v=1740601180,4,,,,,,,,,,,,,,,,,,,,,,,,,,,,,,,,,,,,,,,,,
clovers-magnetic-necklace-in-925-silver-by-svadezi,,,,,,,,,,,,,,,,,,,,,,,,,,,,,,,,https://cdn.shopify.com/s/files/1/0651/8987/1813/files/Vintage-Lucky-Four-Leaf-Clover-Necklaces-for-Women-Goth-Love-Heart-Pendant-Choker-Chain-Necklace-Stainless.webp?v=1740601181,5,,,,,,,,,,,,,,,,,,,,,,,,,,,,,,,,,,,,,,,,,
clovers-magnetic-necklace-in-925-silver-by-svadezi,,,,,,,,,,,,,,,,,,,,,,,,,,,,,,,,https://cdn.shopify.com/s/files/1/0651/8987/1813/files/fashion-frill-hearts-clover-pendant-necklace-for-women-magnetic-chain-necklace-for-women-girls-valentine-gift-for-wife-girlfriend-women-s-fashion-jewellery-product-images-rvhfij5dby-1.webp?v=1740601182,6,,,,,,,,,,,,,,,,,,,,,,,,,,,,,,,,,,,,,,,,,
clovers-magnetic-necklace-in-925-silver-by-svadezi,,,,,,,,,,,,,,,,,,,,,,,,,,,,,,,,https://cdn.shopify.com/s/files/1/0651/8987/1813/files/four-leaf-clover-magnetic-necklace-zeneein-496390.webp?v=1740601183,7,,,,,,,,,,,,,,,,,,,,,,,,,,,,,,,,,,,,,,,,,
clovers-magnetic-necklace-in-925-silver-by-svadezi,,,,,,,,,,,,,,,,,,,,,,,,,,,,,,,,https://cdn.shopify.com/s/files/1/0651/8987/1813/files/533c53b4ad4a9fb7be959262c72c1dd2.jpg?v=1740601184,8,,,,,,,,,,,,,,,,,,,,,,,,,,,,,,,,,,,,,,,,,
clovers-magnetic-necklace-in-925-silver-by-svadezi,,,,,,,,,,,,,,,,,,,,,,,,,,,,,,,,https://cdn.shopify.com/s/files/1/0651/8987/1813/files/H1945726f642047ba92a94e5099d4d2c1i_1024x_6c589b41-e5bb-4bec-a01c-c0a801b21d16.webp?v=1740601185,9,,,,,,,,,,,,,,,,,,,,,,,,,,,,,,,,,,,,,,,,,
clovers-magnetic-necklace-in-925-silver-by-svadezi,,,,,,,,,,,,,,,,,,,,,,,,,,,,,,,,https://cdn.shopify.com/s/files/1/0651/8987/1813/files/27fb6a69317d10b668c807ececfa0b6a.jpg?v=1740601186,10,,,,,,,,,,,,,,,,,,,,,,,,,,,,,,,,,,,,,,,,,
clovers-magnetic-necklace-in-925-silver-by-svadezi,,,,,,,,,,,,,,,,,,,,,,,,,,,,,,,,https://cdn.shopify.com/s/files/1/0651/8987/1813/files/0abec3250a44fd87d66c15d549f8571b.jpg?v=1740601187,11,,,,,,,,,,,,,,,,,,,,,,,,,,,,,,,,,,,,,,,,,
clovers-magnetic-necklace-in-925-silver-by-svadezi,,,,,,,,,,,,,,,,,,,,,,,,,,,,,,,,https://cdn.shopify.com/s/files/1/0651/8987/1813/files/61zbPfNLU7L._AC_UY580.jpg?v=1740601188,12,,,,,,,,,,,,,,,,,,,,,,,,,,,,,,,,,,,,,,,,,
clovers-magnetic-necklace-in-925-silver-by-svadezi,,,,,,,,,,,,,,,,,,,,,,,,,,,,,,,,https://cdn.shopify.com/s/files/1/0651/8987/1813/files/6315bb5173d761d223f96c0f-large.webp?v=1740601189,13,,,,,,,,,,,,,,,,,,,,,,,,,,,,,,,,,,,,,,,,,
clovers-magnetic-necklace-in-925-silver-by-svadezi,,,,,,,,,,,,,,,,,,,,,,,,,,,,,,,,https://cdn.shopify.com/s/files/1/0651/8987/1813/files/249.jpg?v=1740601190,14,,,,,,,,,,,,,,,,,,,,,,,,,,,,,,,,,,,,,,,,,
clovers-magnetic-necklace-in-925-silver-by-svadezi,,,,,,,,,,,,,,,,,,,,,,,,,,,,,,,,https://cdn.shopify.com/s/files/1/0651/8987/1813/files/107.jpg?v=1740601192,15,,,,,,,,,,,,,,,,,,,,,,,,,,,,,,,,,,,,,,,,,
clovers-magnetic-necklace-in-925-silver-by-svadezi,,,,,,,,,,,,,,,,,,,,,,,,,,,,,,,,https://cdn.shopify.com/s/files/1/0651/8987/1813/files/08_1f131905-516d-4922-a368-4b6c16fc6ce6.jpg?v=1740601193,16,,,,,,,,,,,,,,,,,,,,,,,,,,,,,,,,,,,,,,,,,
clovers-magnetic-necklace-in-925-silver-by-svadezi,,,,,,,,,,,,,,,,,,,,,,,,,,,,,,,,https://cdn.shopify.com/s/files/1/0651/8987/1813/files/29_d5673e94-e4c0-4756-a546-59876546c032.jpg?v=1740601196,17,,,,,,,,,,,,,,,,,,,,,,,,,,,,,,,,,,,,,,,,,
flower-threader-earrings-in-925-silver-by-svadezi,Flower Threader Earrings in 925 silver by SVADEZI,"<p><!---->Discover the elegant and modern design of SVADEZI's Flower Threader Earrings. Made from high-quality 925 silver, these earrings are the perfect addition to any outfit, providing a touch of sophistication and style. The unique threader style adds versatility, making them perfect for any occasion. Upgrade your accessory game with SVADEZI.</p>
<!---->",SVADEZI,,earrings,,false,Title,Default Title,,,,,,,,,3.5,shopify,12,deny,manual,2149.0,4028.0,true,true,,,,,,https://cdn.shopify.com/s/files/1/0651/8987/1813/files/Flower_Threader_Earrings_Main-topaz-enhance-4x.jpg?v=1740601201,1,,false,,,,,,,,,,,,,,,,,'1,,,,,,,,,,,,,,,,g,,,true,,,active
flower-threader-earrings-in-925-silver-by-svadezi,,,,,,,,,,,,,,,,,,,,,,,,,,,,,,,,https://cdn.shopify.com/s/files/1/0651/8987/1813/files/E266-topaz-enhance-2.1x.jpg?v=1740601204,2,,,,,,,,,,,,,,,,,,,,,,,,,,,,,,,,,,,,,,,,,
flower-threader-earrings-in-925-silver-by-svadezi,,,,,,,,,,,,,,,,,,,,,,,,,,,,,,,,https://cdn.shopify.com/s/files/1/0651/8987/1813/files/Flower_Threader_Earrings_Wear-topaz-enhance-4x.jpg?v=1740601206,3,,,,,,,,,,,,,,,,,,,,,,,,,,,,,,,,,,,,,,,,,
flower-threader-earrings-in-925-silver-by-svadezi,,,,,,,,,,,,,,,,,,,,,,,,,,,,,,,,https://cdn.shopify.com/s/files/1/0651/8987/1813/files/29a27464fbebdc5ae8faf43182089dc89944d9e3-700_480x_7720bb78-44a2-4208-93be-acea9aba3a5c.webp?v=1740601207,4,,,,,,,,,,,,,,,,,,,,,,,,,,,,,,,,,,,,,,,,,
designer-cz-adjustable-bracelet-in-925-silver-by-svadezi,Designer CZ Adjustable Bracelet in 925 Silver by SVADEZI,"<p><strong>Length- 17cm (Adjustable)</strong></p>
<p>Introducing our exquisite silver adjustable chain bracelet, featuring a captivating round design adorned with shimmering white Swarovski zircon. Crafted with elegance and versatility in mind, this bracelet adds a touch of sophistication to any ensemble. The adjustable feature ensures a comfortable fit, making it perfect for any occasion.</p>",SVADEZI,Apparel & Accessories > Jewelry > Bracelets,Ring,"svadezi, svadezijewellery",false,Title,Default Title,,,,,,,,SBRL/10014,3.49,shopify,30,deny,manual,2249.0,2625.0,true,true,,,,,,https://cdn.shopify.com/s/files/1/0651/8987/1813/files/34.jpg?v=1740601210,1,,false,,,191,,,,,,,,,,,,,,'0,,,,,,,,,,,,,,,,g,,,true,,,active
designer-cz-adjustable-bracelet-in-925-silver-by-svadezi,,,,,,,,,,,,,,,,,,,,,,,,,,,,,,,,https://cdn.shopify.com/s/files/1/0651/8987/1813/files/87.jpg?v=1740601212,2,,,,,,,,,,,,,,,,,,,,,,,,,,,,,,,,,,,,,,,,,
designer-cz-adjustable-bracelet-in-925-silver-by-svadezi,,,,,,,,,,,,,,,,,,,,,,,,,,,,,,,,https://cdn.shopify.com/s/files/1/0651/8987/1813/files/IMG_20240302_202437.jpg?v=1740601214,3,,,,,,,,,,,,,,,,,,,,,,,,,,,,,,,,,,,,,,,,,
butterfly-embrace-heart-pendant-in-925-silver-by-svadezi,butterfly embrace heart pendant in 925 Silver by SVADEZI,"<p><span><strong>Length- 23.2 cm (Adjustable)</strong></span></p>
<p>Stunning silver charm chain, featuring a bespoke pendant design showcasing a delicate semi-precious stone butterfly. Within the butterfly's embrace, a heart pendant with the heartfelt inscription ""I love you"" awaits. This exquisite combination of intricate craftsmanship and sentimental symbolism adds a unique and cherished touch to your ensemble.</p>",SVADEZI,Apparel & Accessories > Jewelry > Charms & Pendants,pendant,"svadezi, svadezijewellery",false,Title,Default Title,,,,,,,,SCH/14045,6.75,shopify,30,continue,manual,3049.0,3900.0,true,true,,,,,,https://cdn.shopify.com/s/files/1/0651/8987/1813/files/08.jpg?v=1740601216,1,,false,,,192,,,,,,,,,,,,,,'0,,,,,,,,,,,,,,,,g,,,true,,,active
butterfly-embrace-heart-pendant-in-925-silver-by-svadezi,,,,,,,,,,,,,,,,,,,,,,,,,,,,,,,,https://cdn.shopify.com/s/files/1/0651/8987/1813/files/07_4bee1a06-7e9c-4a21-a225-2165ac2fa95e.jpg?v=1740601218,2,,,,,,,,,,,,,,,,,,,,,,,,,,,,,,,,,,,,,,,,,
butterfly-embrace-heart-pendant-in-925-silver-by-svadezi,,,,,,,,,,,,,,,,,,,,,,,,,,,,,,,,https://cdn.shopify.com/s/files/1/0651/8987/1813/files/IMG_20240209_193206.jpg?v=1740601221,3,,,,,,,,,,,,,,,,,,,,,,,,,,,,,,,,,,,,,,,,,
butterfly-embrace-heart-pendant-in-925-silver-by-svadezi,,,,,,,,,,,,,,,,,,,,,,,,,,,,,,,,https://cdn.shopify.com/s/files/1/0651/8987/1813/files/09.jpg?v=1740601224,4,,,,,,,,,,,,,,,,,,,,,,,,,,,,,,,,,,,,,,,,,
butterfly-embrace-heart-pendant-in-925-silver-by-svadezi,,,,,,,,,,,,,,,,,,,,,,,,,,,,,,,,https://cdn.shopify.com/s/files/1/0651/8987/1813/files/57.jpg?v=1740601227,5,,,,,,,,,,,,,,,,,,,,,,,,,,,,,,,,,,,,,,,,,
butterfly-embrace-heart-pendant-in-925-silver-by-svadezi,,,,,,,,,,,,,,,,,,,,,,,,,,,,,,,,https://cdn.shopify.com/s/files/1/0651/8987/1813/files/58.jpg?v=1740601229,6,,,,,,,,,,,,,,,,,,,,,,,,,,,,,,,,,,,,,,,,,
bali-hanging-bird-in-925-silver-by-svadezi,Bali hanging bird in 925 Silver by SVADEZI,"<p><strong>Length- 1.9 cm Width- 0.8 cm </strong></p>
<p>Introducing our Bali earrings adorned with a hanging bird design, embellished with white Swarovski zircon and accented by a lovely pink semi-precious stone in the eye. These earrings exude charm and elegance, adding a touch of uniqueness to any outfit. Versatile and stylish, they are perfect for various occasions.</p>",SVADEZI,Apparel & Accessories > Jewelry > Earrings,earrings,"svadezi, svadezijewellery",false,Title,Default Title,,,,,,,,STPS/17987,1.6,shopify,30,deny,manual,1749.0,2428.0,true,true,,,,,,https://cdn.shopify.com/s/files/1/0651/8987/1813/files/19.jpg?v=1740601232,1,,false,,,194,,,,,,,,,,,,,,'0,,,,,,,,,,,,,,,,g,,,true,,,active
bali-hanging-bird-in-925-silver-by-svadezi,,,,,,,,,,,,,,,,,,,,,,,,,,,,,,,,https://cdn.shopify.com/s/files/1/0651/8987/1813/files/20_de7a69a3-4de1-439c-86fa-6ce7cfbefda4.jpg?v=1740601235,2,,,,,,,,,,,,,,,,,,,,,,,,,,,,,,,,,,,,,,,,,
bali-hanging-bird-in-925-silver-by-svadezi,,,,,,,,,,,,,,,,,,,,,,,,,,,,,,,,https://cdn.shopify.com/s/files/1/0651/8987/1813/files/30.jpg?v=1740601239,3,,,,,,,,,,,,,,,,,,,,,,,,,,,,,,,,,,,,,,,,,
fresh-water-pearl-studed-earrings-in-925-silver-by-svadezi,Fresh Water pearl studed earrings in 925 Silver by SVADEZI,"<p><strong>Length- 3.0CM Width- 1.5CM</strong></p>
<p>Enhance your personal style with our exclusive earrings, featuring captivating designs that exude individuality and elegance, making them the perfect statement accessory for any occasion. White pearl stud Is separately and can be wore separately</p>",SVADEZI,Apparel & Accessories > Jewelry > Earrings,earrings,"svadezi, svadezijewellery",false,Color,rose-gold,product.metafields.shopify.color-pattern,,,,,,,STPS/14950,3.05,shopify,30,continue,manual,2349.0,3530.0,true,true,,,,,,https://cdn.shopify.com/s/files/1/0651/8987/1813/files/IMG_5709.jpg?v=1740601240,1,,false,,,194,,,,,,,,,,,,,,'0,,,rose-gold; white-gold,,,,,,,,,,,,https://cdn.shopify.com/s/files/1/0651/8987/1813/files/16_36724c9e-d9d0-4fda-b3b7-2af20d87b046.jpg?v=1740601246,g,,,true,,,active
fresh-water-pearl-studed-earrings-in-925-silver-by-svadezi,,,,,,,,,white-gold,,,,,,,,STPS/14951,3.05,shopify,30,continue,manual,2349.0,3530.0,true,true,,,,,,https://cdn.shopify.com/s/files/1/0651/8987/1813/files/312.jpg?v=1740601244,2,,,,,,,,,,,,,,,,,,,,,,,,,,,,,,,,,,https://cdn.shopify.com/s/files/1/0651/8987/1813/files/IMG_5709.jpg?v=1740601240,g,,,,,,
fresh-water-pearl-studed-earrings-in-925-silver-by-svadezi,,,,,,,,,,,,,,,,,,,,,,,,,,,,,,,,https://cdn.shopify.com/s/files/1/0651/8987/1813/files/IMG_5733.jpg?v=1740601244,3,,,,,,,,,,,,,,,,,,,,,,,,,,,,,,,,,,,,,,,,,
fresh-water-pearl-studed-earrings-in-925-silver-by-svadezi,,,,,,,,,,,,,,,,,,,,,,,,,,,,,,,,https://cdn.shopify.com/s/files/1/0651/8987/1813/files/15_8e3d5d9c-9391-4eef-b8bd-649e1f625f9c.jpg?v=1740601246,4,,,,,,,,,,,,,,,,,,,,,,,,,,,,,,,,,,,,,,,,,
fresh-water-pearl-studed-earrings-in-925-silver-by-svadezi,,,,,,,,,,,,,,,,,,,,,,,,,,,,,,,,https://cdn.shopify.com/s/files/1/0651/8987/1813/files/16_36724c9e-d9d0-4fda-b3b7-2af20d87b046.jpg?v=1740601246,5,,,,,,,,,,,,,,,,,,,,,,,,,,,,,,,,,,,,,,,,,
fresh-water-pearl-studed-earrings-in-925-silver-by-svadezi,,,,,,,,,,,,,,,,,,,,,,,,,,,,,,,,https://cdn.shopify.com/s/files/1/0651/8987/1813/files/311.jpg?v=1740601251,6,,,,,,,,,,,,,,,,,,,,,,,,,,,,,,,,,,,,,,,,,
blue-topaz-butterfly-bracelet-in-925silver-by-svadezi,Blue Topaz Butterfly Bracelet in 925Silver by SVADEZI,"<p><strong>Length- 17 cm ( Adjustable)</strong></p>
<p>Introducing our elegant silver adjustable chain bracelet featuring a charming butterfly centerpiece adorned with white Swarovski zircon and a radiant Blue Topaz  stone. This exquisite design adds a touch of grace and sophistication to your ensemble, perfect for both casual and special occasions</p>",SVADEZI,Apparel & Accessories > Jewelry > Bracelets,bracelet,,false,Title,Default Title,,,,,,,,SBRL/10014,3.01,shopify,30,deny,manual,2449.0,3704.0,true,true,,,,,,https://cdn.shopify.com/s/files/1/0651/8987/1813/files/03_442f56b5-60d7-474d-88cd-f5cbedd8201f.jpg?v=1740601254,1,,false,,,191,,,,,,,,,,,,,,'0,,,,,,,,,,,,,,,,g,,,true,,,active
blue-topaz-butterfly-bracelet-in-925silver-by-svadezi,,,,,,,,,,,,,,,,,,,,,,,,,,,,,,,,https://cdn.shopify.com/s/files/1/0651/8987/1813/files/IMG_20240101_133930.jpg?v=1740601255,2,,,,,,,,,,,,,,,,,,,,,,,,,,,,,,,,,,,,,,,,,
blue-topaz-butterfly-bracelet-in-925silver-by-svadezi,,,,,,,,,,,,,,,,,,,,,,,,,,,,,,,,https://cdn.shopify.com/s/files/1/0651/8987/1813/files/IMG_20240102_130300.jpg?v=1740601256,3,,,,,,,,,,,,,,,,,,,,,,,,,,,,,,,,,,,,,,,,,
butterfly-ring-featuring-sparkling-white-swarovski,Butterfly ring featuring sparkling white Swarovski,"<p><strong>Size -15</strong></p>
<p>Embrace sophistication with our butterfly ring featuring sparkling white Swarovski zircon and a radiant solitaire. This adjustable ring beautifully blends the allure of a butterfly motif with the brilliance of Swarovski zircon, ensuring a stylish and versatile addition to your jewelry collection.</p>",SVADEZI,Apparel & Accessories > Jewelry > Rings,Ring,"svadezi, svadezijewellery",false,Title,Default Title,,,,,,,,SLR92/18999,4.73,shopify,30,continue,manual,2549.0,4206.0,true,true,,,,,,https://cdn.shopify.com/s/files/1/0651/8987/1813/files/000.jpg?v=1740601259,1,,false,,,200,,,,,,,,,,,,,,'0,,,,,,,,,,,,,,,,g,,,true,,,active
butterfly-ring-featuring-sparkling-white-swarovski,,,,,,,,,,,,,,,,,,,,,,,,,,,,,,,,https://cdn.shopify.com/s/files/1/0651/8987/1813/files/199.jpg?v=1740601263,2,,,,,,,,,,,,,,,,,,,,,,,,,,,,,,,,,,,,,,,,,
butterfly-ring-featuring-sparkling-white-swarovski,,,,,,,,,,,,,,,,,,,,,,,,,,,,,,,,https://cdn.shopify.com/s/files/1/0651/8987/1813/files/dgg.jpg?v=1740601270,3,,,,,,,,,,,,,,,,,,,,,,,,,,,,,,,,,,,,,,,,,
rectangular-sleek-multi-stone-earrings-in-925-silver-by-svadezi,Rectangular Sleek Multi Stone Earrings in 925 Silver by SVADEZI,"<p><strong>Length- 3cm Width- 0.3 cm</strong></p>
<p>Discover sophistication with our rectangular semi-precious stone earrings, boasting vibrant hues that catch the eye. The sleek design adds an elegant touch to any ensemble, making them a versatile choice for both casual and formal occasions.</p>",SVADEZI,Apparel & Accessories > Jewelry > Earrings,earrings,"svadezi, svadezijewellery",false,Title,Default Title,,,,,,,,STPS/17932,4.48,shopify,30,continue,manual,2449.0,3600.0,true,true,,,,,,https://cdn.shopify.com/s/files/1/0651/8987/1813/files/10_27d98ad4-8310-477c-9028-5d366ce8093b.jpg?v=1740601272,1,,false,,,194,,,,,,,,,,,,,,'0,,,,,,,,,,,,,,,,g,,,true,,,active
rectangular-sleek-multi-stone-earrings-in-925-silver-by-svadezi,,,,,,,,,,,,,,,,,,,,,,,,,,,,,,,,https://cdn.shopify.com/s/files/1/0651/8987/1813/files/IMG_5688.jpg?v=1740601274,2,,,,,,,,,,,,,,,,,,,,,,,,,,,,,,,,,,,,,,,,,
rectangular-sleek-multi-stone-earrings-in-925-silver-by-svadezi,,,,,,,,,,,,,,,,,,,,,,,,,,,,,,,,https://cdn.shopify.com/s/files/1/0651/8987/1813/files/m.jpg?v=1740601275,3,,,,,,,,,,,,,,,,,,,,,,,,,,,,,,,,,,,,,,,,,
dazzling-white-swarovski-pendant-set-in-925-silver-by-svadezi,Dazzling white Swarovski pendant Set in 925 Silver by SVADEZI,"<p><span>Pendent With Chain Length - 22.8 cm (Adjustable)</span></p>
<p><span> Earring Length- 2.3 cm Width- 1.5 cm </span></p>
<p>Presenting our exquisite silver pendant set featuring a dazzling white Swarovski zircon top and a captivating white round crystal hanging below. This chic and stylish accessory effortlessly combines elegance with modernity, making it the perfect addition to any ensemble.</p>",SVADEZI,Apparel & Accessories > Jewelry > Charms & Pendants,pendant,"svadezi, svadezijewellery",false,Title,Default Title,,,,,,,,SCSET/1169,9.74,shopify,30,continue,manual,3749.0,4382.0,true,true,,,,,,https://cdn.shopify.com/s/files/1/0651/8987/1813/files/36_41398dbb-6af1-4a52-81af-9e9459e274a9.jpg?v=1740601278,1,,false,,,192,,,,,,,,,,,,,,'0,,,,,,,,,,,,,,,,g,,,true,,,active
dazzling-white-swarovski-pendant-set-in-925-silver-by-svadezi,,,,,,,,,,,,,,,,,,,,,,,,,,,,,,,,https://cdn.shopify.com/s/files/1/0651/8987/1813/files/06_5442009a-fc54-4c2e-a4cc-7aa13a6ec780.jpg?v=1740601280,2,,,,,,,,,,,,,,,,,,,,,,,,,,,,,,,,,,,,,,,,,
dazzling-white-swarovski-pendant-set-in-925-silver-by-svadezi,,,,,,,,,,,,,,,,,,,,,,,,,,,,,,,,https://cdn.shopify.com/s/files/1/0651/8987/1813/files/07_526d878a-8727-4481-8bdf-e096a1ea0267.jpg?v=1740601282,3,,,,,,,,,,,,,,,,,,,,,,,,,,,,,,,,,,,,,,,,,
dazzling-white-swarovski-pendant-set-in-925-silver-by-svadezi,,,,,,,,,,,,,,,,,,,,,,,,,,,,,,,,https://cdn.shopify.com/s/files/1/0651/8987/1813/files/29_cb05f580-63c6-4173-89d4-a7080f599702.jpg?v=1740601285,4,,,,,,,,,,,,,,,,,,,,,,,,,,,,,,,,,,,,,,,,,
butterfly-casting-ring-in-925-silver-by-svadezi,Butterfly Casting Ring in 925 Silver by SVADEZI,"<p>Add a touch of whimsy to your ensemble with our stunning silver butterfly adjustable ring. Crafted with precision from high-quality silver, this charming piece exudes elegance and grace. The intricate butterfly motif lends a playful yet stylish vibe, making it a standout accessory for any occasion.</p>",SVADEZI,Apparel & Accessories > Jewelry > Rings,Ring,"svadezi, svadezijewellery",false,Title,Default Title,,,,,,,,SLR92/18947,1.89,shopify,36,continue,manual,1749.0,2319.0,true,true,,,,,,https://cdn.shopify.com/s/files/1/0651/8987/1813/files/72.jpg?v=1740601286,1,,false,,,200,,,,,,,,,,,,,,'0,,,,,,,,,,,,,,,,g,,,true,,,active
butterfly-casting-ring-in-925-silver-by-svadezi,,,,,,,,,,,,,,,,,,,,,,,,,,,,,,,,https://cdn.shopify.com/s/files/1/0651/8987/1813/files/28.jpg?v=1740601290,2,,,,,,,,,,,,,,,,,,,,,,,,,,,,,,,,,,,,,,,,,
butterfly-casting-ring-in-925-silver-by-svadezi,,,,,,,,,,,,,,,,,,,,,,,,,,,,,,,,https://cdn.shopify.com/s/files/1/0651/8987/1813/files/71.jpg?v=1740601294,3,,,,,,,,,,,,,,,,,,,,,,,,,,,,,,,,,,,,,,,,,
swarovski-blue-pendant-in-925-silver-by-svadezi,Swarovski Blue Pendant in 925 Silver by SVADEZI,"<p><strong>Length- 23.5 cm (Adjustable)</strong></p>
<p>Silver adjustable chain showcasing a heart pendant crafted from semi-precious blue stone, embellished with intricate lines and a flower design in dazzling white Swarovski zircon. This elegant piece seamlessly combines the natural allure of the blue stone with the shimmer of Swarovski zircon, adding a touch of sophistication to any ensemble.</p>",SVADEZI,Apparel & Accessories > Jewelry > Charms & Pendants,pendant,"svadezi, svadezijewellery",false,Title,Default Title,,,,,,,,SCH/14754,6.71,shopify,30,continue,manual,2749.0,3640.0,true,true,,,,,,https://cdn.shopify.com/s/files/1/0651/8987/1813/files/25.jpg?v=1740601296,1,,false,,,192,,,,,,,,,,,,,,'0,,,,,,,,,,,,,,,,g,,,true,,,active
swarovski-blue-pendant-in-925-silver-by-svadezi,,,,,,,,,,,,,,,,,,,,,,,,,,,,,,,,https://cdn.shopify.com/s/files/1/0651/8987/1813/files/15.jpg?v=1740601302,2,,,,,,,,,,,,,,,,,,,,,,,,,,,,,,,,,,,,,,,,,
swarovski-blue-pendant-in-925-silver-by-svadezi,,,,,,,,,,,,,,,,,,,,,,,,,,,,,,,,https://cdn.shopify.com/s/files/1/0651/8987/1813/files/39.jpg?v=1740601304,3,,,,,,,,,,,,,,,,,,,,,,,,,,,,,,,,,,,,,,,,,
pristine-cut-quartz-bracelete-in-925-silver-by-svadezi,Pristine cut Quartz Bracelete in 925 Silver by SVADEZI,"<p><strong>Length- 17 cm</strong></p>
<p>Presenting our exquisite silver chain bracelet, featuring a pristine white rectangular crystal at its heart, embraced by a halo of dazzling white Swarovski zircon. This understated yet elegant piece is perfect for adding a touch of sophistication to any outfit.</p>",SVADEZI,Apparel & Accessories > Jewelry > Bracelets,bracelet,"svadezi, svadezijewellery",false,Title,Default Title,,,,,,,,SBRL/11006,5.62,shopify,30,continue,manual,2749.0,3626.0,true,true,,,,,,https://cdn.shopify.com/s/files/1/0651/8987/1813/files/33_6020f3cd-390b-4084-b37e-9763cf657ef8.jpg?v=1740601307,1,,false,,,191,,,,,,,,,,,,,,'0,,,,,,,,,,,,,,,,g,,,true,,,active
pristine-cut-quartz-bracelete-in-925-silver-by-svadezi,,,,,,,,,,,,,,,,,,,,,,,,,,,,,,,,https://cdn.shopify.com/s/files/1/0651/8987/1813/files/IMG_20240302_202602.jpg?v=1740601309,2,,,,,,,,,,,,,,,,,,,,,,,,,,,,,,,,,,,,,,,,,
pristine-cut-quartz-bracelete-in-925-silver-by-svadezi,,,,,,,,,,,,,,,,,,,,,,,,,,,,,,,,https://cdn.shopify.com/s/files/1/0651/8987/1813/files/91.jpg?v=1740601313,3,,,,,,,,,,,,,,,,,,,,,,,,,,,,,,,,,,,,,,,,,
vibrant-colored-zirconiumring-in-925-silver-by-svadezi,Vibrant colored Zirconium ring in 925 Silver by SVADEZI,"<p>Elevate your style with our sterling silver crossed ring adorned with dazzling white Swarovski zircon and a vibrant colored semi-precious stone. This chic and contemporary design merges the elegance of Swarovski zircon with the vibrant allure of the colored stone, creating a stunning and distinctive accessory.</p>",SVADEZI,Apparel & Accessories > Jewelry > Rings,Ring,"svadezi, svadezijewellery",false,Title,Default Title,,,,,,,,SLR92/18947,7.51,shopify,30,continue,manual,3049.0,4209.0,true,true,,,,,,https://cdn.shopify.com/s/files/1/0651/8987/1813/files/54_8fbdebea-0f97-4cde-a6e7-13ec941f0139.jpg?v=1740601315,1,,false,,,200,,,,,,,,,,,,,,'0,,,,,,,,,,,,,,,,g,,,true,,,active
vibrant-colored-zirconiumring-in-925-silver-by-svadezi,,,,,,,,,,,,,,,,,,,,,,,,,,,,,,,,https://cdn.shopify.com/s/files/1/0651/8987/1813/files/002_940aaf8e-0321-451e-a6e2-ba76577cc36a.jpg?v=1740601319,2,,,,,,,,,,,,,,,,,,,,,,,,,,,,,,,,,,,,,,,,,
vibrant-colored-zirconiumring-in-925-silver-by-svadezi,,,,,,,,,,,,,,,,,,,,,,,,,,,,,,,,https://cdn.shopify.com/s/files/1/0651/8987/1813/files/186.jpg?v=1740601321,3,,,,,,,,,,,,,,,,,,,,,,,,,,,,,,,,,,,,,,,,,
blue-zirconium-rose-gold-studs-in-925-silver-by-svadezi,Blue Zirconium Rose Gold Studs in 925 Silver by SVADEZI,"<p><strong>Length- 1.0cm Width-1.0cm</strong></p>
<p>Introducing our exquisite Rose Gold Butterfly Earrings, adorned with stunning blue semi-precious stones as studs. Crafted with rose gold polish and silver, these earrings exude sophistication and charm, perfect for adding a touch of elegance to any ensemble.</p>",SVADEZI,Apparel & Accessories > Jewelry > Earrings,earrings,"svadezi, svadezijewellery",false,Title,Default Title,,,,,,,,STPS/15221,1.28,shopify,20,deny,manual,1649.0,2070.0,true,true,,,,,,https://cdn.shopify.com/s/files/1/0651/8987/1813/files/7.jpg?v=1740601324,1,,false,,,194,,,,,,,,,,,,,,'0,,,,,,,,,,,,,,,,g,,,true,,,active
blue-zirconium-rose-gold-studs-in-925-silver-by-svadezi,,,,,,,,,,,,,,,,,,,,,,,,,,,,,,,,https://cdn.shopify.com/s/files/1/0651/8987/1813/files/93.jpg?v=1740601329,2,,,,,,,,,,,,,,,,,,,,,,,,,,,,,,,,,,,,,,,,,
blue-zirconium-rose-gold-studs-in-925-silver-by-svadezi,,,,,,,,,,,,,,,,,,,,,,,,,,,,,,,,https://cdn.shopify.com/s/files/1/0651/8987/1813/files/290.jpg?v=1740601333,3,,,,,,,,,,,,,,,,,,,,,,,,,,,,,,,,,,,,,,,,,
swarovski-leaf-earrings-in-925-silver-by-svadezi,Swarovski leaf Earrings in 925 Silver by SVADEZI,"<p><strong>Length- 3.5 cm width- 1.3 cm</strong></p>
<p>Rose gold polish silver earrings in a leaf design adorned with white Swarovski zircon and featuring a white pearl hanging in the center. This nature-inspired and elegant design adds a touch of sophistication and natural beauty to your jewelry collection.</p>",SVADEZI,Apparel & Accessories > Jewelry > Earrings,earrings,,false,Color,rose-gold,product.metafields.shopify.color-pattern,,,,,,,STPS/17921,4.28,shopify,29,continue,manual,2649.0,3875.0,true,true,,,,,,https://cdn.shopify.com/s/files/1/0651/8987/1813/files/04_95e7771d-55bf-461b-bddb-656d73171848.jpg?v=1740601335,1,,false,,,194,,,,,,,,,,,,,,,,,rose-gold; white-gold,,rose-gold; silver,,,,,female,,,,,https://cdn.shopify.com/s/files/1/0651/8987/1813/files/04_95e7771d-55bf-461b-bddb-656d73171848.jpg?v=1740601335,g,,,true,,,active
swarovski-leaf-earrings-in-925-silver-by-svadezi,,,,,,,,,white-gold,,,,,,,,STPS/17922,4.28,,29,deny,manual,2649.0,3875.0,true,true,,,,,,https://cdn.shopify.com/s/files/1/0651/8987/1813/files/98.jpg?v=1740601339,2,,,,,,,,,,,,,,,,,,,,,,,,,,,,,,,,,,https://cdn.shopify.com/s/files/1/0651/8987/1813/files/03.jpg?v=1740601343,g,,,,,,
swarovski-leaf-earrings-in-925-silver-by-svadezi,,,,,,,,,,,,,,,,,,,,,,,,,,,,,,,,https://cdn.shopify.com/s/files/1/0651/8987/1813/files/fhh.jpg?v=1740601341,3,,,,,,,,,,,,,,,,,,,,,,,,,,,,,,,,,,,,,,,,,
swarovski-leaf-earrings-in-925-silver-by-svadezi,,,,,,,,,,,,,,,,,,,,,,,,,,,,,,,,https://cdn.shopify.com/s/files/1/0651/8987/1813/files/03.jpg?v=1740601343,4,,,,,,,,,,,,,,,,,,,,,,,,,,,,,,,,,,,,,,,,,
swarovski-leaf-earrings-in-925-silver-by-svadezi,,,,,,,,,,,,,,,,,,,,,,,,,,,,,,,,https://cdn.shopify.com/s/files/1/0651/8987/1813/files/33.jpg?v=1740601347,5,,,,,,,,,,,,,,,,,,,,,,,,,,,,,,,,,,,,,,,,,
swarovski-leaf-earrings-in-925-silver-by-svadezi,,,,,,,,,,,,,,,,,,,,,,,,,,,,,,,,https://cdn.shopify.com/s/files/1/0651/8987/1813/files/97_bd313755-56c0-472f-9f9e-d44c200648fc.jpg?v=1740601350,6,,,,,,,,,,,,,,,,,,,,,,,,,,,,,,,,,,,,,,,,,
charming-bird-and-flower-ring-adjustable-in-925-silver-by-svadezi,Charming Bird and Flower Ring (Adjustable) in 925 Silver by SVADEZI,"<p>Introducing our lightweight ring, crafted with sterling silver and adorned with a charming bird and half-flower design. The center opening adds a touch of versatility to this elegant piece, making it a standout accessory for any occasion. With its unique craftsmanship and style, this ring is sure to add a touch of sophistication to your look.</p>",SVADEZI,Apparel & Accessories > Jewelry > Rings,Ring,"svadezi, svadezijewellery",false,Title,Default Title,,,,,,,,SLR92/21733,2.53,shopify,30,deny,manual,2149.0,3117.0,true,true,,,,,,https://cdn.shopify.com/s/files/1/0651/8987/1813/files/45_fc0ce98b-bf15-459b-9a1f-9b41eba519c4.jpg?v=1740601353,1,,false,,,200,,,,,,,,,,,,,,'0,,,,,,,,,,,,,,,,g,,,true,,,active
charming-bird-and-flower-ring-adjustable-in-925-silver-by-svadezi,,,,,,,,,,,,,,,,,,,,,,,,,,,,,,,,https://cdn.shopify.com/s/files/1/0651/8987/1813/files/51.jpg?v=1740601355,2,,,,,,,,,,,,,,,,,,,,,,,,,,,,,,,,,,,,,,,,,
charming-bird-and-flower-ring-adjustable-in-925-silver-by-svadezi,,,,,,,,,,,,,,,,,,,,,,,,,,,,,,,,https://cdn.shopify.com/s/files/1/0651/8987/1813/files/gfhj.jpg?v=1740601359,3,,,,,,,,,,,,,,,,,,,,,,,,,,,,,,,,,,,,,,,,,
evil-eye-earring-in-925-silver-by-svadezi,Evil Eye Earring in 925 Silver by SVADEZI,"<p><strong>Length- 2.5cm </strong></p>
<p><strong>Width- 1 cm </strong></p>
<p>Embrace mysticism and spirituality with our captivating Evil Eye Earring. Crafted with a unique design, this earring is a symbol of protection and positivity, making it a meaningful addition to any jewelry collection. Perfect for those who appreciate both style and symbolism, this earring is sure to make a statement wherever you go.</p>",SVADEZI,Apparel & Accessories > Jewelry > Earrings,earrings,"svadezi, svadezijewellery",false,Title,Default Title,,,,,,,,STPS/15167,4.3,shopify,30,continue,manual,2549.0,4216.0,true,true,,,,,,https://cdn.shopify.com/s/files/1/0651/8987/1813/files/01_16.jpg?v=1740601361,1,,false,,,194,,,,,,,,,,,,,,'0,,,,,,,,,,,,,,,,g,,,true,,,active
evil-eye-earring-in-925-silver-by-svadezi,,,,,,,,,,,,,,,,,,,,,,,,,,,,,,,,https://cdn.shopify.com/s/files/1/0651/8987/1813/files/84.jpg?v=1740601366,2,,,,,,,,,,,,,,,,,,,,,,,,,,,,,,,,,,,,,,,,,
evil-eye-earring-in-925-silver-by-svadezi,,,,,,,,,,,,,,,,,,,,,,,,,,,,,,,,https://cdn.shopify.com/s/files/1/0651/8987/1813/files/286.jpg?v=1740601371,3,,,,,,,,,,,,,,,,,,,,,,,,,,,,,,,,,,,,,,,,,
enamel-butterfly-ring-in-925-silver-by-svadezi,Enamel Butterfly ring in  925 Silver by SVADEZI,"<p>Elevate your style with our Enamel Butterfly ring, featuring shades of blue and yellow on its wings. This smart and minimalist accessory is perfect for special occasions, blending simplicity with sophistication for a flawless look.</p>",SVADEZI,Apparel & Accessories > Jewelry > Rings,,,false,Title,Default Title,,,,,,,,SLR92/21860,1.77,shopify,30,continue,manual,1749.0,2428.0,true,true,,,,,,https://cdn.shopify.com/s/files/1/0651/8987/1813/files/12.jpg?v=1740601372,1,,false,,,200,,,,,,,,,,,,,,'0,,,,,,,,,,,,,,,,g,,,true,,,active
enamel-butterfly-ring-in-925-silver-by-svadezi,,,,,,,,,,,,,,,,,,,,,,,,,,,,,,,,https://cdn.shopify.com/s/files/1/0651/8987/1813/files/15_171534df-2714-4070-8c2a-29cdb61aa52f.jpg?v=1740601375,2,,,,,,,,,,,,,,,,,,,,,,,,,,,,,,,,,,,,,,,,,
enamel-butterfly-ring-in-925-silver-by-svadezi,,,,,,,,,,,,,,,,,,,,,,,,,,,,,,,,https://cdn.shopify.com/s/files/1/0651/8987/1813/files/gfhyj.jpg?v=1740601380,3,,,,,,,,,,,,,,,,,,,,,,,,,,,,,,,,,,,,,,,,,
exquisite-swan-design-pendant-set-in-925-silver-by-svadezi,Exquisite Swan Design Pendant Set in 925 Silver by SVADEZI,"<p>The exquisite swan design, meticulously crafted from premium silver polish, exudes a luxurious and sophisticated aura. Adorned with shimmering zircon stones, the pendant emanates a subtle yet captivating sparkle, adding a touch of glamour to its elegance. With its graceful long neck and gracefully curved wings, the swan pendant stands out as a stunning and distinctive piece in any jewelry collection, symbolizing beauty and grace.</p>",SVADEZI,Apparel & Accessories > Jewelry > Charms & Pendants,pendant,"svadezi, svadezijewellery",false,Title,Default Title,,,,,,,,SPST/5911,4.01,shopify,30,continue,manual,2349.0,2906.0,true,true,,,,,,https://cdn.shopify.com/s/files/1/0651/8987/1813/files/01_6.jpg?v=1740601382,1,,false,,,192,,,,,,,,,,,,,,'0,,,,,,,,,,,,,,,,g,,,true,,,active
exquisite-swan-design-pendant-set-in-925-silver-by-svadezi,,,,,,,,,,,,,,,,,,,,,,,,,,,,,,,,https://cdn.shopify.com/s/files/1/0651/8987/1813/files/114.jpg?v=1740601387,2,,,,,,,,,,,,,,,,,,,,,,,,,,,,,,,,,,,,,,,,,
exquisite-swan-design-pendant-set-in-925-silver-by-svadezi,,,,,,,,,,,,,,,,,,,,,,,,,,,,,,,,https://cdn.shopify.com/s/files/1/0651/8987/1813/files/Untitled-1.jpg?v=1740601392,3,,,,,,,,,,,,,,,,,,,,,,,,,,,,,,,,,,,,,,,,,
butterfly-minable-ring-adjustable-in-925-silver-by-svadezi,Butterfly Minable Ring (Adjustable) in 925 Silver by SVADEZI,"<p><strong>Adjustable</strong></p>
<p>The Butterfly Minable Ring enchants with its charming and captivating design, captivating attention with its delightful aesthetic. Its unique charm not only captivates the eye but also enhances its overall allure, making it a standout piece in any collection.</p>",SVADEZI,Apparel & Accessories > Jewelry > Rings,Ring,"svadezi, svadezijewellery",false,Title,Default Title,,,,,,,,SLR92/20327,1.68,shopify,29,continue,manual,1749.0,2304.0,true,true,,,,,,https://cdn.shopify.com/s/files/1/0651/8987/1813/files/44.jpg?v=1740601394,1,,false,,,200,,,,,,,,,,,,,,,,,red; pink,,silver,fine-jewelry,,beaded,,female,,,,,,g,,,true,,,active
butterfly-minable-ring-adjustable-in-925-silver-by-svadezi,,,,,,,,,,,,,,,,,,,,,,,,,,,,,,,,https://cdn.shopify.com/s/files/1/0651/8987/1813/files/02_08db6837-8f0a-4c9e-ae37-b0b77436db5e.jpg?v=1740601397,2,,,,,,,,,,,,,,,,,,,,,,,,,,,,,,,,,,,,,,,,,
butterfly-minable-ring-adjustable-in-925-silver-by-svadezi,,,,,,,,,,,,,,,,,,,,,,,,,,,,,,,,https://cdn.shopify.com/s/files/1/0651/8987/1813/files/18.jpg?v=1740601402,3,,,,,,,,,,,,,,,,,,,,,,,,,,,,,,,,,,,,,,,,,
majestic-swan-pendant-set-in-925-silver-by-svadezi,Majestic Swan pendant Set in 925 Silver by SVADEZI,"<p><strong>Chain 23cm (Adjustable)</strong></p>
<p><strong>Pendant Length - 2.0cm</strong></p>
<p><strong> Earrings Length - 1.4cm</strong></p>
<p>The sterling silver pendant set takes the form of a majestic swan, its elegant silhouette accentuated by a trio of delicately crafted leaves at its base, each adorned with shimmering zircons. This unique design captures the grace and beauty of the swan, while the sparkling zircons add a touch of allure and sophistication.</p>",SVADEZI,Apparel & Accessories > Jewelry > Charms & Pendants,pendant,"svadezi, svadezijewellery",false,Title,Default Title,,,,,,,,SPST/5911,3.1,shopify,30,continue,manual,2749.0,4035.0,true,true,,,,,,https://cdn.shopify.com/s/files/1/0651/8987/1813/files/1_46.jpg?v=1740601404,1,,false,,,192,,,,,,,,,,,,,,,,,,,,,,,,,,,,,,g,,,true,,,active
majestic-swan-pendant-set-in-925-silver-by-svadezi,,,,,,,,,,,,,,,,,,,,,,,,,,,,,,,,https://cdn.shopify.com/s/files/1/0651/8987/1813/files/07_2eef15b1-b942-482e-b830-bd9724922c7a.jpg?v=1740601408,2,,,,,,,,,,,,,,,,,,,,,,,,,,,,,,,,,,,,,,,,,
majestic-swan-pendant-set-in-925-silver-by-svadezi,,,,,,,,,,,,,,,,,,,,,,,,,,,,,,,,https://cdn.shopify.com/s/files/1/0651/8987/1813/files/275.jpg?v=1740601413,3,,,,,,,,,,,,,,,,,,,,,,,,,,,,,,,,,,,,,,,,,
intricate-enameling-feather-ring-in-925-silver-by-svadezi,Intricate Enameling feather Ring in 925 Silver by SVADEZI,"<p>Introducing our lightweight ring, designed with meticulous attention to detail. Featuring an intricate feather design at one end and a delicate drop at the other, this ring exudes elegance and charm. Its unique design sets it apart, making it a stylish and distinctive accessory for any occasion.</p>",SVADEZI,Apparel & Accessories > Jewelry > Rings,Ring,"svadezi, svadezijewellery",false,Title,Default Title,,,,,,,,SLR92/21654,2.56,shopify,30,continue,manual,1749.0,2640.0,true,true,,,,,,https://cdn.shopify.com/s/files/1/0651/8987/1813/files/04_5041ed72-8c61-4d44-ac01-9816cd1a8b63.jpg?v=1740601415,1,,false,,,200,,,,,,,,,,,,,,,,,,,,,,,,,,,,,,g,,,true,,,active
intricate-enameling-feather-ring-in-925-silver-by-svadezi,,,,,,,,,,,,,,,,,,,,,,,,,,,,,,,,https://cdn.shopify.com/s/files/1/0651/8987/1813/files/13_2.jpg?v=1740601420,2,,,,,,,,,,,,,,,,,,,,,,,,,,,,,,,,,,,,,,,,,
intricate-enameling-feather-ring-in-925-silver-by-svadezi,,,,,,,,,,,,,,,,,,,,,,,,,,,,,,,,https://cdn.shopify.com/s/files/1/0651/8987/1813/files/13.jpg?v=1740601422,3,,,,,,,,,,,,,,,,,,,,,,,,,,,,,,,,,,,,,,,,,
pink-heart-cz-ring-in-925-silver-by-svadezi,Pink heart Cz Ring in 925 Silver by SVADEZI,"<p>Presenting our exquisite ring, adorned with a stunning zircon-studded heart at its center, creating a captivating focal point in the design. This addition elevates the ring's aesthetic appeal, imparting an extra touch of brilliance and drawing attention to its overall beauty.</p>",SVADEZI,Apparel & Accessories > Jewelry > Rings,Ring,"svadezi, svadezijewellery",false,Title,Default Title,,,,,,,,SLR92/20027,2.1,shopify,30,continue,manual,1749.0,2640.0,true,true,,,,,,https://cdn.shopify.com/s/files/1/0651/8987/1813/files/011_9.jpg?v=1740601424,1,,false,,,200,,,,,,,,,,,,,,,,,,,,,,,,,,,,,,g,,,true,,,active
pink-heart-cz-ring-in-925-silver-by-svadezi,,,,,,,,,,,,,,,,,,,,,,,,,,,,,,,,https://cdn.shopify.com/s/files/1/0651/8987/1813/files/08_a7ad3459-2b6c-41b8-bd8a-eed613293957.jpg?v=1740601427,2,,,,,,,,,,,,,,,,,,,,,,,,,,,,,,,,,,,,,,,,,
pink-heart-cz-ring-in-925-silver-by-svadezi,,,,,,,,,,,,,,,,,,,,,,,,,,,,,,,,https://cdn.shopify.com/s/files/1/0651/8987/1813/files/48.jpg?v=1740601430,3,,,,,,,,,,,,,,,,,,,,,,,,,,,,,,,,,,,,,,,,,
swarovski-bird-pendant-in-925-silver-by-svadezi,Swarovski Bird Pendant in 925 Silver by SVADEZI,"<p><strong>Length- 23 cm (Adjustable)</strong></p>
<p>Presenting our exquisite silver adjustable chain featuring a captivating bird pendant. This elegant accessory is adorned with shimmering white Swarovski zircon, complemented by a striking black stone for the eye and a luxurious purple stone at the center.</p>",SVADEZI,Apparel & Accessories > Jewelry > Charms & Pendants,natural crystal pendant,"svadezi, svadezijewellery",false,Title,Default Title,,,,,,,,Length- 23 cm (Adjustable),3.12,shopify,30,continue,manual,2449.0,2900.0,true,true,,,,,,https://cdn.shopify.com/s/files/1/0651/8987/1813/files/sf.jpg?v=1740601433,1,,false,,,192,,,,,,,,,,,,,,,,,,,,,,,,,,,,,,g,,,true,,,active
swarovski-bird-pendant-in-925-silver-by-svadezi,,,,,,,,,,,,,,,,,,,,,,,,,,,,,,,,https://cdn.shopify.com/s/files/1/0651/8987/1813/files/IMG_6406.jpg?v=1740601434,2,,,,,,,,,,,,,,,,,,,,,,,,,,,,,,,,,,,,,,,,,
swarovski-bird-pendant-in-925-silver-by-svadezi,,,,,,,,,,,,,,,,,,,,,,,,,,,,,,,,https://cdn.shopify.com/s/files/1/0651/8987/1813/files/04_1b7e0725-5898-49ec-b83b-aa1c62c398e1.jpg?v=1740601437,3,,,,,,,,,,,,,,,,,,,,,,,,,,,,,,,,,,,,,,,,,
butterfly-adjustable-pendant-in-925-silver-by-svadezi,Butterfly Adjustable Pendant in 925 Silver by SVADEZI,"<p><strong>Length = 25cm(Adjustable)</strong></p>
<p>This delicate butterfly adjustable chain is crafted from high-quality sterling silver, showcasing intricate details and a beautiful winged design. The adjustable chain ensures a comfortable fit for most neck sizes, while the butterfly symbolizes transformation, growth, and freedom.</p>",SVADEZI,Apparel & Accessories > Jewelry > Charms & Pendants,pendant,"svadezi, svadezijewellery",false,Title,Default Title,,,,,,,,SCH/18467,2.35,shopify,30,continue,manual,2149.0,2880.0,true,true,,,,,,https://cdn.shopify.com/s/files/1/0651/8987/1813/files/07.jpg?v=1740601440,1,,false,,,192,,,,,,,,,,,,,,,,,,,,,,,,,,,,,,g,,,true,,,active
butterfly-adjustable-pendant-in-925-silver-by-svadezi,,,,,,,,,,,,,,,,,,,,,,,,,,,,,,,,https://cdn.shopify.com/s/files/1/0651/8987/1813/files/20.jpg?v=1740601444,2,,,,,,,,,,,,,,,,,,,,,,,,,,,,,,,,,,,,,,,,,
butterfly-adjustable-pendant-in-925-silver-by-svadezi,,,,,,,,,,,,,,,,,,,,,,,,,,,,,,,,https://cdn.shopify.com/s/files/1/0651/8987/1813/files/79.jpg?v=1740601445,3,,,,,,,,,,,,,,,,,,,,,,,,,,,,,,,,,,,,,,,,,
swarovski-bird-stud-earring-in-925-silver-by-svadezi,Swarovski Bird Stud Earring in 925 Silver by SVADEZI,"<p><strong>Length- 2.3 cm </strong></p>
<p><strong>Width- 1.5 cm</strong></p>
<p>We are presenting our charming silver bird stud earrings featuring white Swarovski zircon. With a striking black stone in the eye and a captivating purple center, these earrings exude style and charm. Elevate your look with these versatile and elegant earrings, perfect for any occasion.</p>",SVADEZI,Apparel & Accessories > Jewelry > Earrings,earrings,"svadezi, svadezijewellery",false,Title,Default Title,,,,,,,,,3.72,shopify,30,continue,manual,2349.0,3300.0,true,true,,,,,,https://cdn.shopify.com/s/files/1/0651/8987/1813/files/sdgh.jpg?v=1740601447,1,,false,,,194,,,,,,,,,,,,,,,,,,,,,,,,,,,,,,g,,,true,,,active
swarovski-bird-stud-earring-in-925-silver-by-svadezi,,,,,,,,,,,,,,,,,,,,,,,,,,,,,,,,https://cdn.shopify.com/s/files/1/0651/8987/1813/files/IMG_6469.jpg?v=1740601450,2,,,,,,,,,,,,,,,,,,,,,,,,,,,,,,,,,,,,,,,,,
swarovski-bird-stud-earring-in-925-silver-by-svadezi,,,,,,,,,,,,,,,,,,,,,,,,,,,,,,,,https://cdn.shopify.com/s/files/1/0651/8987/1813/files/IMG_20240305_191640.jpg?v=1740601452,3,,,,,,,,,,,,,,,,,,,,,,,,,,,,,,,,,,,,,,,,,
swan-in-swarovski-zircon-pendant-in-925-silver-by-svadezi,Swan in Swarovski pendant in 925 Silver by SVADEZI,"<p><strong>Length- 22.8 cm (Adjustable)</strong></p>
<p>Captivating charm chain featuring a graceful swan pendant adorned with shimmering white Swarovski zircon and accentuated by a colored semi-precious stone. The swan's exquisite design includes a delicate blue heart, infusing the piece with both elegance and sentimentality.</p>",SVADEZI,Apparel & Accessories > Jewelry > Charms & Pendants,pendant,"svadezi, svadezijewellery",false,Title,Default Title,,,,,,,,SCH/14638,4.19,shopify,30,continue,manual,2449.0,2800.0,true,true,,,,,,https://cdn.shopify.com/s/files/1/0651/8987/1813/files/14_981aaa48-8cfc-41d3-8513-3671a4f35c91.jpg?v=1740601455,1,,false,,,192,,,,,,,,,,,,,,,,,,,,,,,,,,,,,,g,,,true,,,active
swan-in-swarovski-zircon-pendant-in-925-silver-by-svadezi,,,,,,,,,,,,,,,,,,,,,,,,,,,,,,,,https://cdn.shopify.com/s/files/1/0651/8987/1813/files/10.jpg?v=1740601458,2,,,,,,,,,,,,,,,,,,,,,,,,,,,,,,,,,,,,,,,,,
swan-in-swarovski-zircon-pendant-in-925-silver-by-svadezi,,,,,,,,,,,,,,,,,,,,,,,,,,,,,,,,https://cdn.shopify.com/s/files/1/0651/8987/1813/files/49.jpg?v=1740601461,3,,,,,,,,,,,,,,,,,,,,,,,,,,,,,,,,,,,,,,,,,
leaf-pendant-with-fresh-water-pearl-in-925-silver-by-svadezi,Leaf Pendant with Fresh Water Pearl in 925 Silver by SVADEZI,"<div id=""formula-bar-name-box-wrapper"" class=""name-box-enabled formula-bar-with-name-box-wrapper"">
<div id=""formula-bar"" class=""formula-bar formulabar-disabled"">
<div id=""t-formula-bar-input-container"">
<div dir=""ltr"">
<div spellcheck=""false"" id=""t-formula-bar-input"">
<div class=""cell-input disabled-input"" role=""combobox"" dir=""ltr"" aria-autocomplete=""list"" tabindex=""0"" contenteditable=""false"" docs-unhandledkeys="""">
<strong>Length- 21.3 cm (Adjustable)</strong><br>
</div>
<div class=""cell-input disabled-input"" role=""combobox"" dir=""ltr"" aria-autocomplete=""list"" tabindex=""0"" contenteditable=""false"" docs-unhandledkeys=""""><strong></strong></div>
</div>
</div>
</div>
</div>
</div>
<p>Introducing our elegant silver chain with a leaf pendant and a dangling pearl. This versatile piece offers personalized styling with its adjustable chain, allowing you to customize the length to suit your preference. The leaf pendant adds a touch of nature-inspired charm, while the hanging pearl lends a sophisticated elegance.</p>",SVADEZI,Apparel & Accessories > Jewelry > Charms & Pendants,pendant,"svadezi, svadezijewellery",false,Title,Default Title,,,,,,,,SCH/14753,5.07,shopify,30,continue,manual,2749.0,4026.0,true,true,,,,,,https://cdn.shopify.com/s/files/1/0651/8987/1813/files/11.jpg?v=1740601463,1,,false,,,192,,,,,,,,,,,,,,,,,,,,,,,,,,,,,,g,,,true,,,active
leaf-pendant-with-fresh-water-pearl-in-925-silver-by-svadezi,,,,,,,,,,,,,,,,,,,,,,,,,,,,,,,,https://cdn.shopify.com/s/files/1/0651/8987/1813/files/IMG_20240708_194026.jpg?v=1740601465,2,,,,,,,,,,,,,,,,,,,,,,,,,,,,,,,,,,,,,,,,,
leaf-pendant-with-fresh-water-pearl-in-925-silver-by-svadezi,,,,,,,,,,,,,,,,,,,,,,,,,,,,,,,,https://cdn.shopify.com/s/files/1/0651/8987/1813/files/IMG_20240316_125641.jpg?v=1740601467,3,,,,,,,,,,,,,,,,,,,,,,,,,,,,,,,,,,,,,,,,,
leaf-pendant-with-fresh-water-pearl-in-925-silver-by-svadezi,,,,,,,,,,,,,,,,,,,,,,,,,,,,,,,,https://cdn.shopify.com/s/files/1/0651/8987/1813/files/55.jpg?v=1740601469,4,,,,,,,,,,,,,,,,,,,,,,,,,,,,,,,,,,,,,,,,,
swarovski-solitaire-studs-in-925-silver-by-svadezi,Swarovski Solitaire Studs in 925 Silver by SVADEZI,"<p><strong>Length- 0.8 cm </strong></p>
<p><strong>Width- 0.8 cm </strong></p>
<p>Introducing our elegant silver round shape studs featuring dazzling white Swarovski zircon and a solitaire at the center. The solitaire is detachable, allowing for versatile styling options. These timeless studs exude sophistication and charm, adding a sparkle to any ensemble for every occasion.</p>",SVADEZI,Uncategorized,earrings,"svadezi, svadezijewellery",false,Title,Default Title,,,,,,,,STPS/17244,2.5,shopify,30,continue,manual,1949.0,2600.0,true,true,,,,,,https://cdn.shopify.com/s/files/1/0651/8987/1813/files/07_5fbaecad-d3dc-47b9-9776-4028ee002f1c.jpg?v=1740601471,1,,false,,,,,,,,,,,,,,,,,,,,,,,,,,,,,,,,,g,,,true,,,active
swarovski-solitaire-studs-in-925-silver-by-svadezi,,,,,,,,,,,,,,,,,,,,,,,,,,,,,,,,https://cdn.shopify.com/s/files/1/0651/8987/1813/files/08_5a802d3f-7cba-42c0-94ca-2506659ca0c7.jpg?v=1740601474,2,,,,,,,,,,,,,,,,,,,,,,,,,,,,,,,,,,,,,,,,,
swarovski-solitaire-studs-in-925-silver-by-svadezi,,,,,,,,,,,,,,,,,,,,,,,,,,,,,,,,https://cdn.shopify.com/s/files/1/0651/8987/1813/files/69.jpg?v=1740601477,3,,,,,,,,,,,,,,,,,,,,,,,,,,,,,,,,,,,,,,,,,
swarovski-solitaire-studs-in-925-silver-by-svadezi,,,,,,,,,,,,,,,,,,,,,,,,,,,,,,,,https://cdn.shopify.com/s/files/1/0651/8987/1813/files/IMG_20240201_235507.jpg?v=1740601479,4,,,,,,,,,,,,,,,,,,,,,,,,,,,,,,,,,,,,,,,,,
interlocking-hearts-with-swarovski-zircon-in-925-silver-by-svadezi,Interlocking hearts with Swarovski zircon in 925 Silver by SVADEZI,"<p><strong>Length- 23.5 (Adjustable)</strong></p>
<p>Introducing our exquisite silver adjustable charm chain featuring two interlocking hearts adorned with dazzling white Swarovski zircon along the borders. This elegant and symbolic design evokes feelings of romance and sophistication, making it a perfect addition to your jewelry collection.</p>",SVADEZI,Apparel & Accessories > Jewelry > Charms & Pendants,pendant,"svadezi, svadezijewellery",false,Title,Default Title,,,,,,,,SCH/14133,2.72,shopify,30,continue,manual,2349.0,2900.0,true,true,,,,,,https://cdn.shopify.com/s/files/1/0651/8987/1813/files/04_0e914cf4-174f-487b-9585-25f6787d9310.jpg?v=1740601481,1,,false,,,192,,,,,,,,,,,,,,,,,,,,,,,,,,,,,,g,,,true,,,active
interlocking-hearts-with-swarovski-zircon-in-925-silver-by-svadezi,,,,,,,,,,,,,,,,,,,,,,,,,,,,,,,,https://cdn.shopify.com/s/files/1/0651/8987/1813/files/05.jpg?v=1740601484,2,,,,,,,,,,,,,,,,,,,,,,,,,,,,,,,,,,,,,,,,,
interlocking-hearts-with-swarovski-zircon-in-925-silver-by-svadezi,,,,,,,,,,,,,,,,,,,,,,,,,,,,,,,,https://cdn.shopify.com/s/files/1/0651/8987/1813/files/IMG_20240206_204614.jpg?v=1740601486,3,,,,,,,,,,,,,,,,,,,,,,,,,,,,,,,,,,,,,,,,,
interlocking-hearts-with-swarovski-zircon-in-925-silver-by-svadezi,,,,,,,,,,,,,,,,,,,,,,,,,,,,,,,,https://cdn.shopify.com/s/files/1/0651/8987/1813/files/56.jpg?v=1740601489,4,,,,,,,,,,,,,,,,,,,,,,,,,,,,,,,,,,,,,,,,,
dazzling-silver-crossed-ring-in-925-silver-by-svadezi,Dazzling silver crossed ring in 925 Silver by SVADEZI,"<p>Introducing our sterling silver crossed ring, embellished with dazzling white Swarovski zircon. This contemporary design showcases a chic crossed pattern, infusing elegance and sparkle into your look. Crafted with sterling silver, it offers both sophistication and versatility, perfect for any occasion where you want to shine.</p>",SVADEZI,Apparel & Accessories > Jewelry > Rings,Ring,"svadezi, svadezi bracelete, svadezijewellery",false,Title,Default Title,,,,,,,,SLR92/20027,4.0,shopify,30,continue,manual,2249.0,2900.0,true,true,,,,,,https://cdn.shopify.com/s/files/1/0651/8987/1813/files/55_defbdb4b-ce86-4a24-becc-ea9758ce352a.jpg?v=1740601491,1,,false,,,200,,,,,,,,,,,,,,,,,,,,,,,,,,,,,,g,,,true,,,active
dazzling-silver-crossed-ring-in-925-silver-by-svadezi,,,,,,,,,,,,,,,,,,,,,,,,,,,,,,,,https://cdn.shopify.com/s/files/1/0651/8987/1813/files/54.jpg?v=1740601494,2,,,,,,,,,,,,,,,,,,,,,,,,,,,,,,,,,,,,,,,,,
dazzling-silver-crossed-ring-in-925-silver-by-svadezi,,,,,,,,,,,,,,,,,,,,,,,,,,,,,,,,https://cdn.shopify.com/s/files/1/0651/8987/1813/files/203.jpg?v=1740601497,3,,,,,,,,,,,,,,,,,,,,,,,,,,,,,,,,,,,,,,,,,
heart-and-arrow-pendant-crafted-in-mother-of-pearl-in-925-silver-by-svadezi,Heart and Arrow Pendant Crafted in Mother of Pearl in 925 Silver by SVADEZI,"<p><strong>Length- 22 cm (Adjustable)</strong></p>
<p>Introducing our exquisite silver adjustable charm chain featuring a heart and arrow pendant, where the heart is delicately crafted from luminous Mother of Pearl (MOP). This unique design beautifully blends the timeless symbolism of the heart and arrow with the natural elegance of Mother of Pearl, making it a stylish and meaningful accessory for any occasion.</p>",SVADEZI,Apparel & Accessories > Jewelry > Charms & Pendants,pendant,"svadezi, svadezijewellery",false,Title,Default Title,,,,,,,,SCH/13915,2.17,shopify,30,continue,manual,2549.0,3110.0,true,true,,,,,,https://cdn.shopify.com/s/files/1/0651/8987/1813/files/16.jpg?v=1740601499,1,,false,,,192,,,,,,,,,,,,,,,,,,,,,,,,,,,,,,g,,,true,,,active
heart-and-arrow-pendant-crafted-in-mother-of-pearl-in-925-silver-by-svadezi,,,,,,,,,,,,,,,,,,,,,,,,,,,,,,,,https://cdn.shopify.com/s/files/1/0651/8987/1813/files/04.jpg?v=1740601502,2,,,,,,,,,,,,,,,,,,,,,,,,,,,,,,,,,,,,,,,,,
heart-and-arrow-pendant-crafted-in-mother-of-pearl-in-925-silver-by-svadezi,,,,,,,,,,,,,,,,,,,,,,,,,,,,,,,,https://cdn.shopify.com/s/files/1/0651/8987/1813/files/47.jpg?v=1740601505,3,,,,,,,,,,,,,,,,,,,,,,,,,,,,,,,,,,,,,,,,,
blue-stone-butterfly-bracelete-in-925-silver-by-svadezi,Blue Stone Butterfly Bracelete in 925 Silver by SVADEZI,"<p><strong>Length- 17 cm (Adjustable)</strong></p>
<p>Elevate your style with our silver adjustable chain bracelet featuring a stunning butterfly centerpiece adorned with semi-precious blue and white stones. This elegant accessory adds a touch of charm and sophistication to any outfit, perfect for both casual and formal occasions.</p>",SVADEZI,Apparel & Accessories > Jewelry > Bracelets,bracelet,"svadezi, svadezijewellery",false,Title,Default Title,,,,,,,,SBRL/9942,3.34,shopify,30,deny,manual,2349.0,3595.0,true,true,,,,,,https://cdn.shopify.com/s/files/1/0651/8987/1813/files/04_5c0b33f5-1b10-4647-bc0b-de80abe089a3.jpg?v=1740601507,1,,false,,,191,,,,,,,,,,,,,,,,,,,silver,fine-jewelry,,,,,,,,,,g,,,true,,,active
blue-stone-butterfly-bracelete-in-925-silver-by-svadezi,,,,,,,,,,,,,,,,,,,,,,,,,,,,,,,,https://cdn.shopify.com/s/files/1/0651/8987/1813/files/IMG_20240101_134009.jpg?v=1740601508,2,,,,,,,,,,,,,,,,,,,,,,,,,,,,,,,,,,,,,,,,,
blue-stone-butterfly-bracelete-in-925-silver-by-svadezi,,,,,,,,,,,,,,,,,,,,,,,,,,,,,,,,https://cdn.shopify.com/s/files/1/0651/8987/1813/files/IMG_20240102_130316.jpg?v=1740601509,3,,,,,,,,,,,,,,,,,,,,,,,,,,,,,,,,,,,,,,,,,
fresh-water-pearl-earrings-in-925-silver-by-svadezi-1,Fresh water Pearl Earrings in 925 Silver by SVADEZI,"<p>Elevate your style with our uniquely designed earrings, featuring exquisite white Swarovski zircon and natural pearls. This elegant combination exudes sophistication and natural charm, perfect for any occasion.  With their timeless appeal and versatility, these earrings are sure to become a cherished addition to your jewelry collection.</p>",SVADEZI,Apparel & Accessories > Jewelry > Earrings,earrings,"svadezi, svadezijewellery",false,Title,Default Title,,,,,,,,STPS/17915,3.96,shopify,29,continue,manual,2249.0,3200.0,true,true,,,,,,https://cdn.shopify.com/s/files/1/0651/8987/1813/files/01_2e2e982e-52f1-42cb-aaa8-f0126705bfe4.jpg?v=1740601512,1,,false,,,194,,,,,,,,,,,,,,,,,,,,,,,,,,,,,,g,,,true,,,active
fresh-water-pearl-earrings-in-925-silver-by-svadezi-1,,,,,,,,,,,,,,,,,,,,,,,,,,,,,,,,https://cdn.shopify.com/s/files/1/0651/8987/1813/files/59.jpg?v=1740601515,2,,,,,,,,,,,,,,,,,,,,,,,,,,,,,,,,,,,,,,,,,
fresh-water-pearl-earrings-in-925-silver-by-svadezi-1,,,,,,,,,,,,,,,,,,,,,,,,,,,,,,,,https://cdn.shopify.com/s/files/1/0651/8987/1813/files/fddd.jpg?v=1740601521,3,,,,,,,,,,,,,,,,,,,,,,,,,,,,,,,,,,,,,,,,,
rose-gold-earrings-in-925-silver-by-svadezi,Rose Gold earrings in 925 Silver by SVADEZI,"<p><strong>Length- 1.1 cm </strong></p>
<p><strong>Width- 1.2 cm</strong></p>
<p>Add a touch of versatility to your ensemble with our rose gold polished silver earrings. Featuring a charming flower design embellished with white Swarovski zircon and adorned with black and white enameling, these earrings offer a unique reversible feature, ensuring double the style options. The combination of rose gold warmth, Swarovski sparkle, and contrasting enameling creates a chic and adaptable accessory suitable for any occasion.</p>",SVADEZI,Apparel & Accessories > Jewelry > Earrings,earrings,"svadezi, svadezijewellery",false,Title,Default Title,,,,,,,,STPS/13739,5.44,shopify,30,continue,manual,2649.0,4200.0,true,true,,,,,,https://cdn.shopify.com/s/files/1/0651/8987/1813/files/36.jpg?v=1740601524,1,,false,,,194,,,,,,,,,,,,,,,,,,,,,,,,,,,,,,g,,,true,,,active
rose-gold-earrings-in-925-silver-by-svadezi,,,,,,,,,,,,,,,,,,,,,,,,,,,,,,,,https://cdn.shopify.com/s/files/1/0651/8987/1813/files/43.jpg?v=1740601528,2,,,,,,,,,,,,,,,,,,,,,,,,,,,,,,,,,,,,,,,,,
rose-gold-earrings-in-925-silver-by-svadezi,,,,,,,,,,,,,,,,,,,,,,,,,,,,,,,,https://cdn.shopify.com/s/files/1/0651/8987/1813/files/32.jpg?v=1740601531,3,,,,,,,,,,,,,,,,,,,,,,,,,,,,,,,,,,,,,,,,,
vibrant-timeless-pendant-set-with-mother-of-pearl-in-925-silver-by-svadezi,Vibrant timeless Pendant Set with Mother of Pearl in 925 Silver by SVADEZI,"<p><strong>Chain Length- 23 cm (Adjustable) Earring Length&amp; Width- 1.8 cm </strong></p>
<p>Sterling silver pendant set, a timeless piece adorned with radiant white Swarovski zircon and a captivating semi-precious colored stone. This elegant set seamlessly blends sophistication with a pop of color, making it a versatile addition to your jewelry collection.</p>",SVADEZI,Apparel & Accessories > Jewelry > Charms & Pendants,,,false,Title,Default Title,,,,,,,,SCSET/1143,10.83,shopify,0,continue,manual,3749.0,6384.0,true,true,,,,,,https://cdn.shopify.com/s/files/1/0651/8987/1813/files/35.jpg?v=1740601533,1,,false,,,192,,,,,,,,,,,,,,,,,,,,,,,,,,,,,,g,,,true,,,active
vibrant-timeless-pendant-set-with-mother-of-pearl-in-925-silver-by-svadezi,,,,,,,,,,,,,,,,,,,,,,,,,,,,,,,,https://cdn.shopify.com/s/files/1/0651/8987/1813/files/03_0ee8d110-501c-402d-aa82-1b734fc8051d.jpg?v=1740601537,2,,,,,,,,,,,,,,,,,,,,,,,,,,,,,,,,,,,,,,,,,
vibrant-timeless-pendant-set-with-mother-of-pearl-in-925-silver-by-svadezi,,,,,,,,,,,,,,,,,,,,,,,,,,,,,,,,https://cdn.shopify.com/s/files/1/0651/8987/1813/files/43_c5f32091-6263-471e-9950-12e531d28b77.jpg?v=1740601540,3,,,,,,,,,,,,,,,,,,,,,,,,,,,,,,,,,,,,,,,,,
vibrant-timeless-pendant-set-with-mother-of-pearl-in-925-silver-by-svadezi,,,,,,,,,,,,,,,,,,,,,,,,,,,,,,,,https://cdn.shopify.com/s/files/1/0651/8987/1813/files/33_14b36e69-51e3-4dc5-8adf-1b9b0f69983a.jpg?v=1740601544,4,,,,,,,,,,,,,,,,,,,,,,,,,,,,,,,,,,,,,,,,,
rotating-moonstone-khada-in-925-silver-by-svadezi,Rotating Moonstone khada in 925 Silver by SVADEZI,"<p><strong>5cmx6cm (Adjustable)</strong></p>
<p>Introducing our exquisite sterling silver kada bracelet, distinguished by its captivating rotating moonstone centerpiece. This exceptional piece seamlessly blends sophistication and practicality, rendering it a coveted addition to any discerning jewelry connoisseur's collection.</p>",SVADEZI,Apparel & Accessories > Jewelry > Bracelets,earrings,"svadezi, svadezijewellery",false,Title,Default Title,,,,,,,,SBRL/12817,9.95,shopify,30,deny,manual,3449.0,6225.0,true,true,,,,,,https://cdn.shopify.com/s/files/1/0651/8987/1813/files/IMG_20240624_173239.jpg?v=1740601546,1,,false,,,191,,,,,,,,,,,,,,,,,,,,,,,,,,,,,,g,,,true,,,active
rotating-moonstone-khada-in-925-silver-by-svadezi,,,,,,,,,,,,,,,,,,,,,,,,,,,,,,,,https://cdn.shopify.com/s/files/1/0651/8987/1813/files/59_0d24df42-a588-4491-8d4e-3eef777c0038.jpg?v=1740601548,2,,,,,,,,,,,,,,,,,,,,,,,,,,,,,,,,,,,,,,,,,
rotating-moonstone-khada-in-925-silver-by-svadezi,,,,,,,,,,,,,,,,,,,,,,,,,,,,,,,,https://cdn.shopify.com/s/files/1/0651/8987/1813/files/71_fba35459-fc82-466a-82d5-20aeb24db44c.jpg?v=1740601549,3,,,,,,,,,,,,,,,,,,,,,,,,,,,,,,,,,,,,,,,,,
mother-of-pearl-butterfly-earring-studs-in-925-silver-by-svadezi,Mother of Pearl Butterfly Earring Studs in 925 Silver by SVADEZI,"<p><strong>LENGTH- 1.0 CM </strong></p>
<p><strong>WIDTH- 1.5 CM</strong></p>
<p>Enhance your elegance with our Mother of Pearl Butterfly Earring Studs featuring a delicate white Swarovski butterfly. This sophisticated blend of materials exudes charm, while the silver polish lends a touch of purity to the design. The option to wear the Swarovski butterfly separately offers versatility and customization, allowing you to express your unique style with ease.</p>",SVADEZI,Apparel & Accessories > Jewelry > Earrings,earrings,"svadezi, svadezijewellery",false,Title,Default Title,,,,,,,,STPS/16259,3.5,shopify,30,continue,manual,2149.0,2028.0,true,true,,,,,,https://cdn.shopify.com/s/files/1/0651/8987/1813/files/02.jpg?v=1740601552,1,,false,,,194,,,,,,,,,,,,,,,,,,,,,,,,,,,,,,g,,,true,,,active
mother-of-pearl-butterfly-earring-studs-in-925-silver-by-svadezi,,,,,,,,,,,,,,,,,,,,,,,,,,,,,,,,https://cdn.shopify.com/s/files/1/0651/8987/1813/files/06_d8c112fc-1f6e-4409-bd97-7087979f4c9b.jpg?v=1740601555,2,,,,,,,,,,,,,,,,,,,,,,,,,,,,,,,,,,,,,,,,,
mother-of-pearl-butterfly-earring-studs-in-925-silver-by-svadezi,,,,,,,,,,,,,,,,,,,,,,,,,,,,,,,,https://cdn.shopify.com/s/files/1/0651/8987/1813/files/97.jpg?v=1740601554,3,,,,,,,,,,,,,,,,,,,,,,,,,,,,,,,,,,,,,,,,,
heart-shaped-pendant-set-with-mother-of-pearl-in-925-silver-by-svadezi,Heart Shaped Pendant Set with Mother of Pearl in 925 Silver by SVADEZI,"<p><strong>Chain Adjustable 22.6 cm </strong></p>
<p><strong>Pendant  Length- 1 cm Width- 1.4 cm </strong></p>
<p><strong>Earring Length- 1 cm Width- 1.4 cm</strong></p>
<p>Add a touch of elegance to your ensemble with our stunning pendant set, featuring a heart-shaped pendant and earrings crafted with luminous mother of pearl and sparkling white Swarovski zircon. This exquisite combination of materials exudes sophistication and timeless charm, making it the perfect accessory for any occasion, from casual outings to formal events</p>",SVADEZI,Apparel & Accessories > Jewelry > Rings,pendant,"svadezi, svadezijewellery",false,Title,Default Title,,,,,,,,SPST/5347,4.31,shopify,30,continue,manual,3449.0,4739.0,true,true,,,,,,https://cdn.shopify.com/s/files/1/0651/8987/1813/files/10_ad9601d1-f5ca-4c81-8cff-731ea472d4b8.jpg?v=1740601559,1,,false,,,200,,,,,,,,,,,,,,,,,,,,,,,,,,,,,,g,,,true,,,active
heart-shaped-pendant-set-with-mother-of-pearl-in-925-silver-by-svadezi,,,,,,,,,,,,,,,,,,,,,,,,,,,,,,,,https://cdn.shopify.com/s/files/1/0651/8987/1813/files/24.jpg?v=1740601563,2,,,,,,,,,,,,,,,,,,,,,,,,,,,,,,,,,,,,,,,,,
heart-shaped-pendant-set-with-mother-of-pearl-in-925-silver-by-svadezi,,,,,,,,,,,,,,,,,,,,,,,,,,,,,,,,https://cdn.shopify.com/s/files/1/0651/8987/1813/files/158.jpg?v=1740601567,3,,,,,,,,,,,,,,,,,,,,,,,,,,,,,,,,,,,,,,,,,
graceful-swan-with-mother-of-pearl-pendant-set-in-925-silver-by-svadezi,Graceful Swan with Mother of Pearl Pendant Set in 925 Silver by SVADEZI,"<p><strong>Adjustable 22.6 cm Chain</strong></p>
<p><strong>Pendant : Length- 1.8 cm Width- 1.4 cm </strong></p>
<p><strong>Earring Length- 1 cm Width- 1.7 cm </strong></p>
<p>Elevate your look with our exquisite rose gold pendant set, showcasing a graceful swan design adorned with shimmering white Swarovski zircon and lustrous mother of pearl. This elegant combination exudes sophistication and natural allure, making it the perfect accessory for any occasion, whether formal or casual.</p>",SVADEZI,Apparel & Accessories > Jewelry > Charms & Pendants,pendant,"svadezi, svadezijewellery",false,Title,Default Title,,,,,,,,SPST/5356,4.41,shopify,30,continue,manual,3449.0,5313.0,true,true,,,,,,https://cdn.shopify.com/s/files/1/0651/8987/1813/files/13ab.jpg?v=1740601570,1,,false,,,192,,,,,,,,,,,,,,,,,,,,,,,,,,,,,,g,,,true,,,active
graceful-swan-with-mother-of-pearl-pendant-set-in-925-silver-by-svadezi,,,,,,,,,,,,,,,,,,,,,,,,,,,,,,,,https://cdn.shopify.com/s/files/1/0651/8987/1813/files/143.jpg?v=1740601575,2,,,,,,,,,,,,,,,,,,,,,,,,,,,,,,,,,,,,,,,,,
graceful-swan-with-mother-of-pearl-pendant-set-in-925-silver-by-svadezi,,,,,,,,,,,,,,,,,,,,,,,,,,,,,,,,https://cdn.shopify.com/s/files/1/0651/8987/1813/files/Untitled-125.jpg?v=1740601578,3,,,,,,,,,,,,,,,,,,,,,,,,,,,,,,,,,,,,,,,,,
designer-blue-flower-ring-adjustable-in-925-silver-by-svadezi,Designer Blue Flower Ring (Adjustable) in 925 Silver by SVADEZI,"<p><strong> (Adjustable)</strong></p>
<p>Adorn your fingers with our exquisite silver bottom adjustable ring, featuring a stunning design crafted with white Swarovski zircon and semi-precious blue stones. Delicate flowers, intricately fashioned from semi-precious blue stones, grace the center line of the ring, adding a touch of natural elegance to your look.</p>",SVADEZI,Apparel & Accessories > Jewelry > Rings,Ring,"svadezi, svadezijewellery",false,Title,Default Title,,,,,,,,SLR92/13898,3.21,shopify,30,continue,manual,2349.0,3649.0,true,true,,,,,,https://cdn.shopify.com/s/files/1/0651/8987/1813/files/36_53dae7e0-182a-4492-81ee-a5fc8cd3ae9a.jpg?v=1740601580,1,,false,,,200,,,,,,,,,,,,,,,,,,,,,,,,,,,,,,g,,,true,,,active
designer-blue-flower-ring-adjustable-in-925-silver-by-svadezi,,,,,,,,,,,,,,,,,,,,,,,,,,,,,,,,https://cdn.shopify.com/s/files/1/0651/8987/1813/files/17_d9738580-8b1b-4069-8edd-f7431ecea39c.jpg?v=1740601582,2,,,,,,,,,,,,,,,,,,,,,,,,,,,,,,,,,,,,,,,,,
designer-blue-flower-ring-adjustable-in-925-silver-by-svadezi,,,,,,,,,,,,,,,,,,,,,,,,,,,,,,,,https://cdn.shopify.com/s/files/1/0651/8987/1813/files/IMG_20240101_134107.jpg?v=1740601584,3,,,,,,,,,,,,,,,,,,,,,,,,,,,,,,,,,,,,,,,,,
whimsical-elegance-butterfly-crafted-with-grey-and-pink-enamel-in-925-silver-by-svadezi,Whimsical Elegance Butterfly Crafted with grey and pink Enamel in 925 Silver by SVADEZI,"<p>Embrace whimsical elegance with our silver adjustable chain adorned with a charming butterfly pendant. Crafted with grey and pink enameling, this delightful piece adds a touch of playful sophistication to any ensemble, making it a versatile and stylish accessory for any occasion.""</p>",SVADEZI,Apparel & Accessories > Jewelry > Charms & Pendants,pendant,"svadezi, svadezijewellery",false,Title,Default Title,,,,,,,,,9.1,shopify,30,continue,manual,3649.0,5300.0,true,true,,,,,,https://cdn.shopify.com/s/files/1/0651/8987/1813/files/01dg.jpg?v=1740601587,1,,false,,,192,,,,,,,,,,,,,,,,,,,,,,,,,,,,,,g,,,true,,,active
whimsical-elegance-butterfly-crafted-with-grey-and-pink-enamel-in-925-silver-by-svadezi,,,,,,,,,,,,,,,,,,,,,,,,,,,,,,,,https://cdn.shopify.com/s/files/1/0651/8987/1813/files/03_1.jpg?v=1740601591,2,,,,,,,,,,,,,,,,,,,,,,,,,,,,,,,,,,,,,,,,,
whimsical-elegance-butterfly-crafted-with-grey-and-pink-enamel-in-925-silver-by-svadezi,,,,,,,,,,,,,,,,,,,,,,,,,,,,,,,,https://cdn.shopify.com/s/files/1/0651/8987/1813/files/14.jpg?v=1740601596,3,,,,,,,,,,,,,,,,,,,,,,,,,,,,,,,,,,,,,,,,,
swarovski-vibrant-colored-ring-in-925-silver-by-svadezi,Swarovski  vibrant colored Ring in 925 Silver by SVADEZI,"<p><strong>Size- 16</strong></p>
<p>Elevate your style with our sterling silver crossed ring, adorned with dazzling white Swarovski zircon and a vibrant colored semi-precious stone. This chic and contemporary design merges the elegance of Swarovski zircon with the vibrant allure of the colored stone, creating a stunning and distinctive accessory.</p>",SVADEZI,Apparel & Accessories > Jewelry > Rings,Ring,"svadezi, svadezijewellery",false,Title,Default Title,,,,,,,,,7.25,shopify,30,deny,manual,3049.0,4000.0,true,true,,,,,,https://cdn.shopify.com/s/files/1/0651/8987/1813/files/01_5c8c5d3f-f864-4041-ac81-717ed82c4761.jpg?v=1740601597,1,,false,,,200,,,,,,,,,,,,,,,,,,,,,,,,,,,,,,g,,,true,,,active
swarovski-vibrant-colored-ring-in-925-silver-by-svadezi,,,,,,,,,,,,,,,,,,,,,,,,,,,,,,,,https://cdn.shopify.com/s/files/1/0651/8987/1813/files/00.jpg?v=1740601602,2,,,,,,,,,,,,,,,,,,,,,,,,,,,,,,,,,,,,,,,,,
swarovski-vibrant-colored-ring-in-925-silver-by-svadezi,,,,,,,,,,,,,,,,,,,,,,,,,,,,,,,,https://cdn.shopify.com/s/files/1/0651/8987/1813/files/196.jpg?v=1740601604,3,,,,,,,,,,,,,,,,,,,,,,,,,,,,,,,,,,,,,,,,,
star-stud-earring-in-925-silver-by-svadezi,Star Stud earring in 925 silver by SVADEZI,"<p><strong>Measurment = 1.5cm*1.5cm</strong></p>
<p>These star stud earrings, featuring a luminous pearl at their center, are a masterclass in understated sophistication. The delicate star design provides a subtle yet striking backdrop for the pearl, creating a timeless and elegant accessory suitable for a variety of occasions and personal styles.</p>",SVADEZI,Apparel & Accessories > Jewelry > Earrings,bracelet,"svadezi, svadezijewellery",false,Title,Default Title,,,,,,,,STPS/20649,2.9,shopify,30,continue,manual,1949.0,2640.0,true,true,,,,,,https://cdn.shopify.com/s/files/1/0651/8987/1813/files/03_1_2a0621c7-270e-4789-b09e-ab2030ebe2c2.jpg?v=1740601607,1,,false,,,194,,,,,,,,,,,,,,,,,,,,,,,,,,,,,,g,,,true,,,active
star-stud-earring-in-925-silver-by-svadezi,,,,,,,,,,,,,,,,,,,,,,,,,,,,,,,,https://cdn.shopify.com/s/files/1/0651/8987/1813/files/06_71e6855e-3834-4c1e-9181-23e6fd308bc9.jpg?v=1740601610,2,,,,,,,,,,,,,,,,,,,,,,,,,,,,,,,,,,,,,,,,,
star-stud-earring-in-925-silver-by-svadezi,,,,,,,,,,,,,,,,,,,,,,,,,,,,,,,,https://cdn.shopify.com/s/files/1/0651/8987/1813/files/15_7e508b7b-af71-4705-a73f-a4a8f2ca34df.jpg?v=1740601611,3,,,,,,,,,,,,,,,,,,,,,,,,,,,,,,,,,,,,,,,,,
angel-wings-pendant-with-swarovski-zircon-in-925-silver-by-svadezi,Angel Wings Pendant with Swarovski Zircon in 925 Silver by SVADEZI,"<p>Add a touch of celestial charm to your ensemble with our silver adjustable chain featuring an angel wings pendant adorned with glistening white Swarovski zircon. This ethereal design exudes elegance and grace, making it a delightful addition to your jewelry collection, perfect for any occasion.</p>",SVADEZI,Apparel & Accessories > Jewelry > Charms & Pendants,,,false,Title,Default Title,,,,,,,,,4.8,shopify,20,deny,manual,2749.0,3393.0,true,true,,,,,,https://cdn.shopify.com/s/files/1/0651/8987/1813/files/0_22467b70-8fb8-4df1-a2cb-6bb5ec299afc.jpg?v=1740601613,1,,false,,,192,,,,,,,,,,,,,,,,,,,,,,,,,,,,,,g,,,true,,,active
angel-wings-pendant-with-swarovski-zircon-in-925-silver-by-svadezi,,,,,,,,,,,,,,,,,,,,,,,,,,,,,,,,https://cdn.shopify.com/s/files/1/0651/8987/1813/files/IMG_20240101_202250.jpg?v=1740601615,2,,,,,,,,,,,,,,,,,,,,,,,,,,,,,,,,,,,,,,,,,
angel-wings-pendant-with-swarovski-zircon-in-925-silver-by-svadezi,,,,,,,,,,,,,,,,,,,,,,,,,,,,,,,,https://cdn.shopify.com/s/files/1/0651/8987/1813/files/0.jpg?v=1740601616,3,,,,,,,,,,,,,,,,,,,,,,,,,,,,,,,,,,,,,,,,,
fresh-water-pearl-earrings-in-925-silver-by-svadezi,Fresh Water Pearl Earrings in 925 Silver by SVADEZI,"<p>Elevate your style with our elegant Hanging Pearl Earrings, featuring delicate white Swarovski zircon and a small silver-polished bali design. Adorned with hanging beads, these lightweight earrings exude sophistication and charm, making them a perfect choice for any occasion.</p>",SVADEZI,Apparel & Accessories > Jewelry > Earrings,earrings,"svadezi, svadezijewellery",false,Title,Default Title,,,,,,,,STPS/8478,5.22,shopify,30,continue,manual,2649.0,4310.0,true,true,,,,,,https://cdn.shopify.com/s/files/1/0651/8987/1813/files/27f_22.jpg?v=1740601619,1,,false,,,194,,,,,,,,,,,,,,'0,,,,,,,,,,,,,,,,g,,,true,,,active
fresh-water-pearl-earrings-in-925-silver-by-svadezi,,,,,,,,,,,,,,,,,,,,,,,,,,,,,,,,https://cdn.shopify.com/s/files/1/0651/8987/1813/files/38.jpg?v=1740601622,2,,,,,,,,,,,,,,,,,,,,,,,,,,,,,,,,,,,,,,,,,
fresh-water-pearl-earrings-in-925-silver-by-svadezi,,,,,,,,,,,,,,,,,,,,,,,,,,,,,,,,https://cdn.shopify.com/s/files/1/0651/8987/1813/files/51df_7.jpg?v=1740601625,3,,,,,,,,,,,,,,,,,,,,,,,,,,,,,,,,,,,,,,,,,
white-swarovski-zircon-with-green-emerald-in-925-silver-by-svadezi,White Swarovski Zircon with Green Emerald in 925 Silver by SVADEZI,"<p><strong>Dimensions= 3.0cm*0.8cm</strong></p>
<p>These sterling silver earrings, featuring vibrant green emerald stones surrounded by brilliant white zircons, epitomize the perfect fusion of timeless sophistication and modern allure.</p>",SVADEZI,Apparel & Accessories > Jewelry > Earrings,earrings,"svadezi, svadezijewellery",false,Title,Default Title,,,,,,,,STPS/20487,5.1,shopify,30,deny,manual,2749.0,4540.0,true,true,,,,,,https://cdn.shopify.com/s/files/1/0651/8987/1813/files/E04A0DC6-8855-4A6D-8885-0E0F49A12A1F.png?v=1740601628,1,,false,,,194,,,,,,,,,,,,,,'0,,,,,,,,,,,,,,,,g,,,true,,,active
white-swarovski-zircon-with-green-emerald-in-925-silver-by-svadezi,,,,,,,,,,,,,,,,,,,,,,,,,,,,,,,,https://cdn.shopify.com/s/files/1/0651/8987/1813/files/002.jpg?v=1740601630,2,,,,,,,,,,,,,,,,,,,,,,,,,,,,,,,,,,,,,,,,,
white-swarovski-zircon-with-green-emerald-in-925-silver-by-svadezi,,,,,,,,,,,,,,,,,,,,,,,,,,,,,,,,https://cdn.shopify.com/s/files/1/0651/8987/1813/files/10_304dccea-33d0-4da8-b040-897bedababdb.jpg?v=1740601634,3,,,,,,,,,,,,,,,,,,,,,,,,,,,,,,,,,,,,,,,,,
white-swarovski-zircon-with-green-emerald-in-925-silver-by-svadezi,,,,,,,,,,,,,,,,,,,,,,,,,,,,,,,,https://cdn.shopify.com/s/files/1/0651/8987/1813/files/45.jpg?v=1740601635,4,,,,,,,,,,,,,,,,,,,,,,,,,,,,,,,,,,,,,,,,,
white-swarovski-zircon-with-green-emerald-in-925-silver-by-svadezi,,,,,,,,,,,,,,,,,,,,,,,,,,,,,,,,https://cdn.shopify.com/s/files/1/0651/8987/1813/files/IMG_20240616_151446.jpg?v=1740601639,5,,,,,,,,,,,,,,,,,,,,,,,,,,,,,,,,,,,,,,,,,
swarovski-zircon-and-mother-of-pearl-butterfly-pendant-in-925-silver-by-svadezi,Swarovski Zircon and Mother of Pearl Butterfly Pendant in 925 Silver by SVADEZI,"<p>Infuse your look with enchanting elegance using our rose gold polish and White Gold adjustable chain featuring a Mother of Pearl and white Swarovski zircon butterfly pendant. Delicately interspersed semi-precious white pearls enhance the design's grace, while a dangling chain detail adds a touch of sophistication. This versatile piece effortlessly elevates any ensemble, making it ideal for all occasions.</p>",SVADEZI,Apparel & Accessories > Jewelry > Necklaces,necklace,"svadezi, svadezijewellery",false,Color,white-gold,product.metafields.shopify.color-pattern,,,,,,,,6.4,shopify,30,continue,manual,3249.0,,true,true,,,,,,https://cdn.shopify.com/s/files/1/0651/8987/1813/files/06.jpg?v=1740601641,1,,false,,,196,,,,,,,,,,,,,,'0,,,white-gold; rose-gold,,,,,,,,,,,,https://cdn.shopify.com/s/files/1/0651/8987/1813/files/dggh.jpg?v=1740601649,g,,,true,,,active
swarovski-zircon-and-mother-of-pearl-butterfly-pendant-in-925-silver-by-svadezi,,,,,,,,,rose-gold,,,,,,,,,6.4,shopify,30,continue,manual,2949.0,,true,true,,,,,,https://cdn.shopify.com/s/files/1/0651/8987/1813/files/29.jpg?v=1740601646,2,,,,,,,,,,,,,,,,,,,,,,,,,,,,,,,,,,https://cdn.shopify.com/s/files/1/0651/8987/1813/files/06.jpg?v=1740601641,g,,,,,,
swarovski-zircon-and-mother-of-pearl-butterfly-pendant-in-925-silver-by-svadezi,,,,,,,,,,,,,,,,,,,,,,,,,,,,,,,,https://cdn.shopify.com/s/files/1/0651/8987/1813/files/IMG_20240102_131123.jpg?v=1740601647,3,,,,,,,,,,,,,,,,,,,,,,,,,,,,,,,,,,,,,,,,,
swarovski-zircon-and-mother-of-pearl-butterfly-pendant-in-925-silver-by-svadezi,,,,,,,,,,,,,,,,,,,,,,,,,,,,,,,,https://cdn.shopify.com/s/files/1/0651/8987/1813/files/dggh.jpg?v=1740601649,4,,,,,,,,,,,,,,,,,,,,,,,,,,,,,,,,,,,,,,,,,
swarovski-zircon-and-mother-of-pearl-butterfly-pendant-in-925-silver-by-svadezi,,,,,,,,,,,,,,,,,,,,,,,,,,,,,,,,https://cdn.shopify.com/s/files/1/0651/8987/1813/files/01.jpg?v=1740601653,5,,,,,,,,,,,,,,,,,,,,,,,,,,,,,,,,,,,,,,,,,
swarovski-zircon-and-mother-of-pearl-butterfly-pendant-in-925-silver-by-svadezi,,,,,,,,,,,,,,,,,,,,,,,,,,,,,,,,https://cdn.shopify.com/s/files/1/0651/8987/1813/files/66.jpg?v=1740601657,6,,,,,,,,,,,,,,,,,,,,,,,,,,,,,,,,,,,,,,,,,
love-zirconium-rose-gold-pendant-in-925-silver-by-svadezi,Love Zirconium (Rose Gold) Pendant in 925 Silver by SVADEZI,"<p>Express your love with our heart pendant chain adorned with a radiant white solitaire. This timeless piece serves as a heartfelt and meaningful gift, allowing you to convey your emotions effortlessly.</p>",SVADEZI,Apparel & Accessories > Jewelry,pendant,"svadezi, svadezijewellery",false,Title,Default Title,,,,,,,,,4.23,shopify,30,continue,manual,2749.0,3500.0,true,true,,,,,,https://cdn.shopify.com/s/files/1/0651/8987/1813/files/1_29.jpg?v=1740601660,1,,false,,,188,,,,,,,,,,,,,,'0,,,,,,,,,,,,,,,,g,,,true,,,active
love-zirconium-rose-gold-pendant-in-925-silver-by-svadezi,,,,,,,,,,,,,,,,,,,,,,,,,,,,,,,,https://cdn.shopify.com/s/files/1/0651/8987/1813/files/17.jpg?v=1740601666,2,,,,,,,,,,,,,,,,,,,,,,,,,,,,,,,,,,,,,,,,,
love-zirconium-rose-gold-pendant-in-925-silver-by-svadezi,,,,,,,,,,,,,,,,,,,,,,,,,,,,,,,,https://cdn.shopify.com/s/files/1/0651/8987/1813/files/262.jpg?v=1740601670,3,,,,,,,,,,,,,,,,,,,,,,,,,,,,,,,,,,,,,,,,,
natures-simplicity-5a-grade-zirconium-earrings-in-925-silver-by-svadezi,Nature's simplicity 5A Grade Zirconium Earrings in 925 Silver by SVADEZI,"<p>Elegance sculpted in nature's simplicity – my white stone earrings, a timeless masterpiece in unique, organic shapes.</p>",SVADEZI,Apparel & Accessories > Jewelry > Earrings,earrings,"svadezi, svadezijewellery",false,Title,Default Title,,,,,,,,STPS/19918,3.3,shopify,30,continue,manual,2549.0,3317.0,true,true,,,,,,https://cdn.shopify.com/s/files/1/0651/8987/1813/files/19_ec240eab-ee4a-4b18-8e55-c57d13e641bc.jpg?v=1740601672,1,,false,,,194,,,,,,,,,,,,,,,,,,,,,,,,,,,,,,g,,,true,,,active
natures-simplicity-5a-grade-zirconium-earrings-in-925-silver-by-svadezi,,,,,,,,,,,,,,,,,,,,,,,,,,,,,,,,https://cdn.shopify.com/s/files/1/0651/8987/1813/files/13_59b1437d-0175-40ec-b3d8-7f5d5f46705c.jpg?v=1740601676,2,,,,,,,,,,,,,,,,,,,,,,,,,,,,,,,,,,,,,,,,,
natures-simplicity-5a-grade-zirconium-earrings-in-925-silver-by-svadezi,,,,,,,,,,,,,,,,,,,,,,,,,,,,,,,,https://cdn.shopify.com/s/files/1/0651/8987/1813/files/320.jpg?v=1740601680,3,,,,,,,,,,,,,,,,,,,,,,,,,,,,,,,,,,,,,,,,,
lovely-heart-earrings-in-925-silver-by-svadezi,Lovely Heart Earrings in 925 Silver by SVADEZI,"<p>Shine with sophistication in our sterling silver earrings, adorned with a lovely heart and flower design. These exquisite earrings seamlessly merge romance and nature, creating an ideal accessory for any event.</p>",SVADEZI,Apparel & Accessories > Jewelry > Earrings,earrings,"svadezi, svadezijewellery",false,Title,Default Title,,,,,,,,STPS/19884,1.84,shopify,30,continue,manual,1749.0,2317.0,true,true,,,,,,https://cdn.shopify.com/s/files/1/0651/8987/1813/files/15_1509252c-00ac-495b-abbe-a42aacd6f9c0.jpg?v=1740601681,1,,false,,,194,,,,,,,,,,,,,,'0,,,,,,,,,,,,,,,,g,,,true,,,active
lovely-heart-earrings-in-925-silver-by-svadezi,,,,,,,,,,,,,,,,,,,,,,,,,,,,,,,,https://cdn.shopify.com/s/files/1/0651/8987/1813/files/220.jpg?v=1740601684,2,,,,,,,,,,,,,,,,,,,,,,,,,,,,,,,,,,,,,,,,,
lovely-heart-earrings-in-925-silver-by-svadezi,,,,,,,,,,,,,,,,,,,,,,,,,,,,,,,,https://cdn.shopify.com/s/files/1/0651/8987/1813/files/w_4.jpg?v=1740601688,3,,,,,,,,,,,,,,,,,,,,,,,,,,,,,,,,,,,,,,,,,
exclusive-tennis-5a-zircons-earrings-in-925-silver-by-svadezi,Exclusive Tennis 5A Zircons Earrings in 925 Silver by SVADEZI,"<p>Crafted from sterling silver, these exquisite hanging earrings boast a delicate yet sturdy construction. The stone, promising to enchant and delight with their timeless beauty and undeniable charm.</p>",SVADEZI,Apparel & Accessories > Jewelry > Earrings,earrings,"svadezi, svadezijewellery",false,Title,Default Title,,,,,,,,STPS/18038,4.54,shopify,29,continue,manual,2749.0,4203.0,true,true,,,,,,https://cdn.shopify.com/s/files/1/0651/8987/1813/files/15_cd2c9b2e-9d53-4f48-9c2c-773b1cbb23b8.jpg?v=1740601690,1,,false,,,194,,,,,,,,,,,,,,'0,,,,,,,,,,,,,,,,g,,,true,,,active
exclusive-tennis-5a-zircons-earrings-in-925-silver-by-svadezi,,,,,,,,,,,,,,,,,,,,,,,,,,,,,,,,https://cdn.shopify.com/s/files/1/0651/8987/1813/files/37_174172af-98ce-493e-b01b-c8fb7e4af96b.jpg?v=1740601694,2,,,,,,,,,,,,,,,,,,,,,,,,,,,,,,,,,,,,,,,,,
exclusive-tennis-5a-zircons-earrings-in-925-silver-by-svadezi,,,,,,,,,,,,,,,,,,,,,,,,,,,,,,,,https://cdn.shopify.com/s/files/1/0651/8987/1813/files/78.jpg?v=1740601697,3,,,,,,,,,,,,,,,,,,,,,,,,,,,,,,,,,,,,,,,,,
celestial-elegance-angel-chain-pendant-in-925-silver-by-svadezi,Celestial Elegance Angel Chain Pendant in 925 Silver by SVADEZI,"<p><strong>Length: 25.5cm (ADJUSTABLE)</strong></p>
<p>Serenity and Protection: Embrace the celestial elegance with our sterling silver angel chain, a symbol of divine guidance and protection. Let its ethereal beauty grace your neckline, reminding you of the ever-present love and support surrounding you.</p>",SVADEZI,Apparel & Accessories > Jewelry > Charms & Pendants,pendant,"svadezi, svadezijewellery",false,Title,Default Title,,,,,,,,SCH/14815,3.67,shopify,30,continue,manual,2349.0,3400.0,true,true,,,,,,https://cdn.shopify.com/s/files/1/0651/8987/1813/files/21_3255aaa4-45a6-480b-b7ce-80e5cb5d15b3.jpg?v=1740601699,1,,false,,,192,,,,,,,,,,,,,,'0,,,,,,,,,,,,,,,,g,,,true,,,active
celestial-elegance-angel-chain-pendant-in-925-silver-by-svadezi,,,,,,,,,,,,,,,,,,,,,,,,,,,,,,,,https://cdn.shopify.com/s/files/1/0651/8987/1813/files/18_9c52e868-dfae-4ea2-a272-75dc4c10beb2.jpg?v=1740601703,2,,,,,,,,,,,,,,,,,,,,,,,,,,,,,,,,,,,,,,,,,
celestial-elegance-angel-chain-pendant-in-925-silver-by-svadezi,,,,,,,,,,,,,,,,,,,,,,,,,,,,,,,,https://cdn.shopify.com/s/files/1/0651/8987/1813/files/42.jpg?v=1740601705,3,,,,,,,,,,,,,,,,,,,,,,,,,,,,,,,,,,,,,,,,,
back-pearl-nestled-pendant-in-925-silver-by-svadezi,Back Pearl nestled pendant in 925 Silver by SVADEZI,"<p><strong>Length: 23cm with Pendant</strong></p>
<p>This sterling silver chain adorned with a mesmerizing black pearl nestled at its center. Crafted with precision and elegance, this exquisite piece seamlessly combines classic charm with contemporary sophistication.</p>",SVADEZI,Apparel & Accessories > Jewelry > Charms & Pendants,necklace,"svadezi, svadezijewellery",false,Title,Default Title,,,,,,,,SCH/13784,2.45,shopify,30,deny,manual,1749.0,2050.0,true,true,,,,,,https://cdn.shopify.com/s/files/1/0651/8987/1813/files/dsgg_1.jpg?v=1740601708,1,,false,,,192,,,,,,,,,,,,,,,,,,,silver,fine-jewelry,,,,,,,,,,g,,,true,,,active
back-pearl-nestled-pendant-in-925-silver-by-svadezi,,,,,,,,,,,,,,,,,,,,,,,,,,,,,,,,https://cdn.shopify.com/s/files/1/0651/8987/1813/files/244.jpg?v=1740601712,2,,,,,,,,,,,,,,,,,,,,,,,,,,,,,,,,,,,,,,,,,
back-pearl-nestled-pendant-in-925-silver-by-svadezi,,,,,,,,,,,,,,,,,,,,,,,,,,,,,,,,https://cdn.shopify.com/s/files/1/0651/8987/1813/files/fdhft_1.jpg?v=1740601713,3,,,,,,,,,,,,,,,,,,,,,,,,,,,,,,,,,,,,,,,,,
rose-gold-mother-of-pearl-sleek-pendant-in-925-silver-by-svadezi,Rose Gold Mother of Pearl Sleek Pendant in 925 Silver by SVADEZI,"<p><strong>Length: 30cm ( Adjusable )</strong></p>
<p>A rose gold sleek chain with a mother of pearl (MOP) butterfly pendant adds a whimsical and feminine touch to the overall look. This type of chains would be versatile enough to wear with both casual and formal outfits, making it a lovely addition to any jewelry collection.</p>",SVADEZI,Apparel & Accessories > Jewelry > Charms & Pendants,pendant,"svadezi, svadezijewellery",false,Title,Default Title,,,,,,,,SCH/16202,4.92,shopify,30,continue,manual,2749.0,6428.0,true,true,,,,,,https://cdn.shopify.com/s/files/1/0651/8987/1813/files/dgg_5c845565-bd47-48c8-8873-9ff42b70d4b2.jpg?v=1740601715,1,,false,,,192,,,,,,,,,,,,,,,,,,,,,,,,,,,,,,g,,,true,,,active
rose-gold-mother-of-pearl-sleek-pendant-in-925-silver-by-svadezi,,,,,,,,,,,,,,,,,,,,,,,,,,,,,,,,https://cdn.shopify.com/s/files/1/0651/8987/1813/files/IMG_8921.jpg?v=1740601717,2,,,,,,,,,,,,,,,,,,,,,,,,,,,,,,,,,,,,,,,,,
overlap-contemporary-twist-pendant-in-925-silver-by-svadezi,Overlap Contemporary Twist Pendant in 925 Silver by SVADEZI,"<p><strong>Length: 23cm ( Adjustable )</strong></p>
<p>Modern Fusion, Timeless Chic: Introducing our sterling silver overlap chain, a contemporary twist on classic elegance. Embrace its unique design, where tradition meets innovation, for a look that seamlessly transitions from day to night with effortless style.</p>
<p>.</p>",SVADEZI,Apparel & Accessories > Jewelry > Charms & Pendants,pendant,"svadezi, svadezijewellery",false,Title,Default Title,,,,,,,,SCH/14955,2.43,shopify,30,continue,manual,2149.0,2713.0,true,false,,,,,,https://cdn.shopify.com/s/files/1/0651/8987/1813/files/22.jpg?v=1740601719,1,,false,,,192,,,,,,,,,,,,,,,,,,,,,,,,,,,,,,g,,,true,,,active
overlap-contemporary-twist-pendant-in-925-silver-by-svadezi,,,,,,,,,,,,,,,,,,,,,,,,,,,,,,,,https://cdn.shopify.com/s/files/1/0651/8987/1813/files/13_8d26eb2f-a3c9-448d-9341-5bbb7abd6fc4.jpg?v=1740601724,2,,,,,,,,,,,,,,,,,,,,,,,,,,,,,,,,,,,,,,,,,
overlap-contemporary-twist-pendant-in-925-silver-by-svadezi,,,,,,,,,,,,,,,,,,,,,,,,,,,,,,,,https://cdn.shopify.com/s/files/1/0651/8987/1813/files/41.jpg?v=1740601727,3,,,,,,,,,,,,,,,,,,,,,,,,,,,,,,,,,,,,,,,,,
rotating-moonstone-pendant-in-925-silver-by-svadezi,Rotating Moonstone pendant in 925 Silver by SVADEZI,"<p><strong>Length: 26cm (Adjustable)</strong></p>
<p>Discover the allure of our sterling silver chain featuring a rotating moonstone halo pendant adorned with a delicate solitaire motif. This captivating piece seamlessly blends elegance and modern design, making it a versatile addition to any jewelry collection.</p>",SVADEZI,Apparel & Accessories > Jewelry > Charms & Pendants,pendant,"svadezi, svadezijewellery",false,Title,Default Title,,,,,,,,SCH/17698,5.57,shopify,30,continue,manual,2749.0,3813.0,true,true,,,,,,https://cdn.shopify.com/s/files/1/0651/8987/1813/files/234.jpg?v=1740601729,1,,false,,,192,,,,,,,,,,,,,,,,,,,,,,,,,,,,,,g,,,true,,,active
rotating-moonstone-pendant-in-925-silver-by-svadezi,,,,,,,,,,,,,,,,,,,,,,,,,,,,,,,,https://cdn.shopify.com/s/files/1/0651/8987/1813/files/36_1f3e5eed-cf99-42a5-91e6-698209d30389.jpg?v=1740601732,2,,,,,,,,,,,,,,,,,,,,,,,,,,,,,,,,,,,,,,,,,
rotating-moonstone-pendant-in-925-silver-by-svadezi,,,,,,,,,,,,,,,,,,,,,,,,,,,,,,,,https://cdn.shopify.com/s/files/1/0651/8987/1813/files/75.jpg?v=1740601734,3,,,,,,,,,,,,,,,,,,,,,,,,,,,,,,,,,,,,,,,,,
charming-bow-fresh-water-pearl-earrings-in-925-silver-by-svadezi,Charming bow Fresh Water pearl Earrings in 925 Silver by SVADEZI,"<p>Sterling silver earrings featuring a charming bow-shaped design adorned with brilliant white Swarovski zircon and delicate white pearls. Adding a touch of elegance, six rose gold polished chains gracefully hang from the design. Enhance your ensemble with these exquisite earrings, perfect for adding a touch of sophistication to any outfit.</p>",SVADEZI,Apparel & Accessories > Jewelry > Earrings,earrings,"svadezi, svadezijewellery",false,Title,Default Title,,,,,,,,STPS/16989,4.43,shopify,30,continue,manual,2749.0,4227.0,true,true,,,,,,https://cdn.shopify.com/s/files/1/0651/8987/1813/files/43_e8bf7458-6ab8-4c96-a769-03a7b5c186cc.jpg?v=1740601736,1,,false,,,194,,,,,,,,,,,,,,'0,,,,,,,,,,,,,,,,g,,,true,,,active
charming-bow-fresh-water-pearl-earrings-in-925-silver-by-svadezi,,,,,,,,,,,,,,,,,,,,,,,,,,,,,,,,https://cdn.shopify.com/s/files/1/0651/8987/1813/files/300.jpg?v=1740601739,2,,,,,,,,,,,,,,,,,,,,,,,,,,,,,,,,,,,,,,,,,
charming-bow-fresh-water-pearl-earrings-in-925-silver-by-svadezi,,,,,,,,,,,,,,,,,,,,,,,,,,,,,,,,https://cdn.shopify.com/s/files/1/0651/8987/1813/files/IMG_20240321_192812.jpg?v=1740601740,3,,,,,,,,,,,,,,,,,,,,,,,,,,,,,,,,,,,,,,,,,
magnetic-butterfly-pendant-in-925-silver-by-svadezi,Magnetic ButterFly Pendant in 925 Silver by SVADEZI,"<p>A sterling silver chain with a magnetic butterfly pendant sounds like a unique and intriguing piece of jewelry. The magnetic butterfly pendant adds a delicate and whimsical touch, symbolizing transformation and beauty.</p>",SVADEZI,Apparel & Accessories > Jewelry > Charms & Pendants,pendant,"svadezi, svadezijewellery",false,Title,Default Title,,,,,,,,SCH/16276,5.12,shopify,30,continue,manual,2749.0,4328.0,true,true,,,,,,https://cdn.shopify.com/s/files/1/0651/8987/1813/files/IMG_20240710_135816.jpg?v=1740601742,1,,false,,,192,,,,,,,,,,,,,,'0,,,,,,,,,,,,,,,,g,,,true,,,active
magnetic-butterfly-pendant-in-925-silver-by-svadezi,,,,,,,,,,,,,,,,,,,,,,,,,,,,,,,,https://cdn.shopify.com/s/files/1/0651/8987/1813/files/IMG_8918.jpg?v=1740601745,2,,,,,,,,,,,,,,,,,,,,,,,,,,,,,,,,,,,,,,,,,
magnetic-butterfly-pendant-in-925-silver-by-svadezi,,,,,,,,,,,,,,,,,,,,,,,,,,,,,,,,https://cdn.shopify.com/s/files/1/0651/8987/1813/files/IMG_6002.jpg?v=1740601746,3,,,,,,,,,,,,,,,,,,,,,,,,,,,,,,,,,,,,,,,,,
butterflies-in-vibrant-multi-colors-in-925-silver-by-svadezi,Butterflies in Vibrant multi-colors in 925 Silver by SVADEZI,"<p><strong>Length: 30cm(Adjustable Chain)</strong></p>
<p>Enhance your style with our sterling silver chain, featuring a pendant of three joined butterflies in vibrant multi-colors. This exquisite piece adds a playful yet elegant touch to any outfit, making it perfect for both everyday wear and special occasions.</p>",SVADEZI,Apparel & Accessories > Jewelry > Charms & Pendants,pendant,"svadezi, svadezijewellery",false,Title,Default Title,,,,,,,,SCH/18100,9.65,shopify,30,continue,manual,3449.0,5813.0,true,true,,,,,,https://cdn.shopify.com/s/files/1/0651/8987/1813/files/ft.jpg?v=1740601749,1,,false,,,192,,,,,,,,,,,,,,'0,,,,,silver,fine-jewelry,,,,,,,,,,g,,,true,,,active
butterflies-in-vibrant-multi-colors-in-925-silver-by-svadezi,,,,,,,,,,,,,,,,,,,,,,,,,,,,,,,,https://cdn.shopify.com/s/files/1/0651/8987/1813/files/34_e231ed08-f580-4a86-825c-e14b3399c034.jpg?v=1740601754,2,,,,,,,,,,,,,,,,,,,,,,,,,,,,,,,,,,,,,,,,,
butterflies-in-vibrant-multi-colors-in-925-silver-by-svadezi,,,,,,,,,,,,,,,,,,,,,,,,,,,,,,,,https://cdn.shopify.com/s/files/1/0651/8987/1813/files/245.jpg?v=1740601757,3,,,,,,,,,,,,,,,,,,,,,,,,,,,,,,,,,,,,,,,,,
rotating-moon-stone-adjustable-ring-in-925-silver-in-svadezi,Rotating moon stone Adjustable Ring in 925 Silver in SVADEZI,"<p>Discover the allure of our sterling silver adjustable ring, featuring a mesmerizing rotating moonstone. This unique piece combines elegance and innovation, perfect for adding a touch of sophistication to any look.</p>",SVADEZI,Apparel & Accessories > Jewelry > Rings,Ring,"svadezi, svadezijewellery",false,Title,Default Title,,,,,,,,SLR92/26250,2.94,shopify,30,continue,manual,1949.0,2563.0,true,true,,,,,,https://cdn.shopify.com/s/files/1/0651/8987/1813/files/fdgfh.jpg?v=1740601760,1,,false,,,200,,,,,,,,,,,,,,,,,,,,,,,,,,,,,,g,,,true,,,active
rotating-moon-stone-adjustable-ring-in-925-silver-in-svadezi,,,,,,,,,,,,,,,,,,,,,,,,,,,,,,,,https://cdn.shopify.com/s/files/1/0651/8987/1813/files/21.jpg?v=1740601763,2,,,,,,,,,,,,,,,,,,,,,,,,,,,,,,,,,,,,,,,,,
throne-pendant-in-925-silver-by-svadezi,Throne Pendant in 925 Silver by SVADEZI,"<p><strong> Length: 23cm Adjustable</strong></p>
<p>Charmingly Yours: Elevate your style with our sterling silver charm chain, a versatile accessory adorned with an array of delightful charms to reflect your unique personality and story. Each charm tells a tale, making this chain a cherished keepsake and a beautiful expression of individuality.</p>",SVADEZI,Apparel & Accessories > Jewelry > Charms & Pendants,pendant,"svadezi, svadezijewellery",false,Title,Default Title,,,,,,,,SCH/15194,1.93,shopify,30,continue,manual,1749.0,2640.0,true,true,,,,,,https://cdn.shopify.com/s/files/1/0651/8987/1813/files/15_a6696f44-1b97-4b1a-b670-78670aed3d6f.jpg?v=1740601764,1,,false,,,192,,,,,,,,,,,,,,'0,,,,,,,,,,,,,,,,g,,,true,,,active
throne-pendant-in-925-silver-by-svadezi,,,,,,,,,,,,,,,,,,,,,,,,,,,,,,,,https://cdn.shopify.com/s/files/1/0651/8987/1813/files/19_be50698e-6df5-428a-a706-f49ca75f4eff.jpg?v=1740601768,2,,,,,,,,,,,,,,,,,,,,,,,,,,,,,,,,,,,,,,,,,
throne-pendant-in-925-silver-by-svadezi,,,,,,,,,,,,,,,,,,,,,,,,,,,,,,,,https://cdn.shopify.com/s/files/1/0651/8987/1813/files/48_35bc9146-c377-457f-a7f3-233ec2d8f111.jpg?v=1740601770,3,,,,,,,,,,,,,,,,,,,,,,,,,,,,,,,,,,,,,,,,,
14,Butterfly Motif Pearl Drop earrings in 925 Silver by SVADEZI,"<p>The butterfly motif paired with the pearl drop creates a sense of whimsy and romance, making these earrings not only beautiful but also meaningful. These earrings would be perfect for adding a touch of understated glamour to any outfit, whether it's for a casual outing or a formal occasion.</p>",SVADEZI,Apparel & Accessories > Jewelry > Earrings,earrings,"svadezi, svadezijewellery",false,Title,Default Title,,,,,,,,STPS/18536,2.37,shopify,30,continue,manual,2249.0,2530.0,true,true,,,,,,https://cdn.shopify.com/s/files/1/0651/8987/1813/files/fghghj.jpg?v=1740601772,1,,false,,,194,,,,,,,,,,,,,,'0,,,,,,,,,,,,,,,,g,,,true,,,active
14,,,,,,,,,,,,,,,,,,,,,,,,,,,,,,,,https://cdn.shopify.com/s/files/1/0651/8987/1813/files/hgjk.jpg?v=1740601777,2,,,,,,,,,,,,,,,,,,,,,,,,,,,,,,,,,,,,,,,,,
14,,,,,,,,,,,,,,,,,,,,,,,,,,,,,,,,https://cdn.shopify.com/s/files/1/0651/8987/1813/files/IMG_20240316_143215.jpg?v=1740601778,3,,,,,,,,,,,,,,,,,,,,,,,,,,,,,,,,,,,,,,,,,
butterfly-netted-pendant-in-925-silver-by-svadezi,Butterfly Netted Pendant in 925 Silver by SVADEZI,"<p><strong>Length: 23cm ( Adjustable)</strong></p>
<p>A rose gold chain with a butterfly pendant set within a net pattern, adorned with colorful stones, would make for a stunning and unique piece of jewelry. The net pattern adds intricacy and depth to the piece, creating visual interest and texture. The colorful stones further enhance the overall aesthetic, adding pops of vibrant hues and sparkle.</p>",SVADEZI,Apparel & Accessories > Jewelry > Charms & Pendants,pendant,"svadezi, svadezijewellery",false,Title,Default Title,,,,,,,,SCH/16119,3.79,shopify,30,deny,manual,2449.0,3250.0,true,true,,,,,,https://cdn.shopify.com/s/files/1/0651/8987/1813/files/ghjjuy.jpg?v=1740601781,1,,false,,,192,,,,,,,,,,,,,,'0,,,,,,,,,,,,,,,,g,,,true,,,active
butterfly-netted-pendant-in-925-silver-by-svadezi,,,,,,,,,,,,,,,,,,,,,,,,,,,,,,,,https://cdn.shopify.com/s/files/1/0651/8987/1813/files/gfhhh.jpg?v=1740601785,2,,,,,,,,,,,,,,,,,,,,,,,,,,,,,,,,,,,,,,,,,
butterfly-netted-pendant-in-925-silver-by-svadezi,,,,,,,,,,,,,,,,,,,,,,,,,,,,,,,,https://cdn.shopify.com/s/files/1/0651/8987/1813/files/IMG_20240316_125530.jpg?v=1740601786,3,,,,,,,,,,,,,,,,,,,,,,,,,,,,,,,,,,,,,,,,,
solitaire-ring-motif-chain-pendant-in-925-silver-by-svadezi,Solitaire ring motif chain pendant in 925 Silver by SVADEZI,"<p><strong>Length: 25cm ( Adjustable )</strong></p>
<p>Simple Elegance, Timeless Grace: Our sterling silver solitaire ring motif chain embodies understated sophistication, perfect for those who appreciate classic beauty with a modern twist. Elevate every ensemble with effortless grace.</p>",SVADEZI,Apparel & Accessories > Jewelry > Charms & Pendants,pendant,"svadezi, svadezijewellery",false,Title,Default Title,,,,,,,,SCH/14464,3.46,shopify,30,continue,manual,2249.0,2593.0,true,true,,,,,,https://cdn.shopify.com/s/files/1/0651/8987/1813/files/12_6be593c7-3e23-4bce-bd75-eaf519ccc401.jpg?v=1740601789,1,,false,,,192,,,,,,,,,,,,,,,,,,,,,,,,,,,,,,g,,,true,,,active
solitaire-ring-motif-chain-pendant-in-925-silver-by-svadezi,,,,,,,,,,,,,,,,,,,,,,,,,,,,,,,,https://cdn.shopify.com/s/files/1/0651/8987/1813/files/14_aa69d875-ca9f-4e56-b387-95517d7c170e.jpg?v=1740601793,2,,,,,,,,,,,,,,,,,,,,,,,,,,,,,,,,,,,,,,,,,
solitaire-ring-motif-chain-pendant-in-925-silver-by-svadezi,,,,,,,,,,,,,,,,,,,,,,,,,,,,,,,,https://cdn.shopify.com/s/files/1/0651/8987/1813/files/24_f023eb4b-6208-41c6-8338-4bf4f5b233f7.jpg?v=1740601796,3,,,,,,,,,,,,,,,,,,,,,,,,,,,,,,,,,,,,,,,,,
briolette-solitaire-pendant-in-925-silver-by-svadezi,Briolette Solitaire pendant in 925 Silver by SVADEZI,"<p>Crafted with meticulous attention to detail, the chain showcases a round-shaped solitaire pendant that adds a touch of understated glamour to any ensemble. The pendant, adorned with a single sparkling crystal, captures the light with its mesmerizing brilliance, drawing attention to its simple yet captivating beauty.</p>",SVADEZI,Apparel & Accessories > Jewelry > Charms & Pendants,pendant,"svadezi, svadezijewellery",false,Title,Default Title,,,,,,,,SCH/17798,3.4,shopify,30,deny,manual,2249.0,2638.0,true,true,,,,,,https://cdn.shopify.com/s/files/1/0651/8987/1813/files/29_fe39f222-6c5e-4759-8927-d85d317f3329.jpg?v=1740601799,1,,false,,,192,,,,,,,,,,,,,,'0,,,,,silver,fine-jewelry,,,,,,,,,,g,,,true,,,active
briolette-solitaire-pendant-in-925-silver-by-svadezi,,,,,,,,,,,,,,,,,,,,,,,,,,,,,,,,https://cdn.shopify.com/s/files/1/0651/8987/1813/files/64.jpg?v=1740601802,2,,,,,,,,,,,,,,,,,,,,,,,,,,,,,,,,,,,,,,,,,
briolette-solitaire-pendant-in-925-silver-by-svadezi,,,,,,,,,,,,,,,,,,,,,,,,,,,,,,,,https://cdn.shopify.com/s/files/1/0651/8987/1813/files/w_32.jpg?v=1740601805,3,,,,,,,,,,,,,,,,,,,,,,,,,,,,,,,,,,,,,,,,,
midnight-heart-adjustable-ring-in-925-silver-by-svadezi,Midnight Heart Adjustable Ring in 925 Silver by SVADEZI,"<p>Add a touch of romance to your collection with our sterling silver dual heart adjustable ring. This versatile piece features two intertwined hearts, symbolizing love and unity, and offers a perfect fit for any finger size. Ideal for both everyday wear and special occasions, it effortlessly enhances any outfit.</p>",SVADEZI,Apparel & Accessories > Jewelry > Rings,Ring,"svadezi, svadezijewellery",false,Title,Default Title,,,,,,,,SLR92/26341,2.58,shopify,30,continue,manual,1949.0,2640.0,true,true,,,,,,https://cdn.shopify.com/s/files/1/0651/8987/1813/files/18_8f42ecc2-87fb-42c7-b2ad-55c87639fe3f.jpg?v=1740601806,1,,false,,,200,,,,,,,,,,,,,,,,,,,,,,,,,,,,,,g,,,true,,,active
midnight-heart-adjustable-ring-in-925-silver-by-svadezi,,,,,,,,,,,,,,,,,,,,,,,,,,,,,,,,https://cdn.shopify.com/s/files/1/0651/8987/1813/files/w_14.jpg?v=1740601809,2,,,,,,,,,,,,,,,,,,,,,,,,,,,,,,,,,,,,,,,,,
bow-earrings-in-925-silver-by-svadezi,Bow Earrings in 925 Silver by SVADEZI,"<p>These stunning earrings are available in both rosegold and silver polish, each showcasing a captivating bow design complemented by elegant two-line hangings. The bow design is separate, allowing you to wear it alone for a different look.</p>",SVADEZI,Apparel & Accessories > Jewelry > Earrings,earrings,"svadezi, svadezijewellery",false,Title,Default Title,,,,,,,,STPS/16951,3.5,shopify,30,deny,manual,2349.0,3183.0,true,true,,,,,,https://cdn.shopify.com/s/files/1/0651/8987/1813/files/dggfhd.jpg?v=1740601811,1,,false,,,194,,,,,,,,,,,,,,'0,,,,,,,,,,,,,,,,g,,,true,,,active
bow-earrings-in-925-silver-by-svadezi,,,,,,,,,,,,,,,,,,,,,,,,,,,,,,,,https://cdn.shopify.com/s/files/1/0651/8987/1813/files/81.jpg?v=1740601814,2,,,,,,,,,,,,,,,,,,,,,,,,,,,,,,,,,,,,,,,,,
bow-earrings-in-925-silver-by-svadezi,,,,,,,,,,,,,,,,,,,,,,,,,,,,,,,,https://cdn.shopify.com/s/files/1/0651/8987/1813/files/161.jpg?v=1740601818,3,,,,,,,,,,,,,,,,,,,,,,,,,,,,,,,,,,,,,,,,,
fresh-water-pearl-celestial-earrings-in-925-silver-by-svadezi,Fresh Water Pearl Celestial Earrings in 925 Silver by SVADEZI,"<p>Radiate elegance with our star-shaped earrings, featuring a lustrous pearl at the center. These stunning earrings blend celestial allure with timeless sophistication, making them ideal for any occasion. The intricate design brings a touch of elegance to both casual and formal ensembles.</p>",SVADEZI,Apparel & Accessories > Jewelry > Earrings,earrings,"svadezi, svadezijewellery",false,Title,Default Title,,,,,,,,STPS/20545,2.77,shopify,30,continue,manual,2349.0,2730.0,true,true,,,,,,https://cdn.shopify.com/s/files/1/0651/8987/1813/files/03_1_ba94cb52-5f42-4681-ba67-a528a901ffba.jpg?v=1740601819,1,,false,,,194,,,,,,,,,,,,,,'0,,,,,,,,,,,,,,,,g,,,true,,,active
fresh-water-pearl-celestial-earrings-in-925-silver-by-svadezi,,,,,,,,,,,,,,,,,,,,,,,,,,,,,,,,https://cdn.shopify.com/s/files/1/0651/8987/1813/files/06_faf87996-ccbb-43fc-9133-aec4747f28b6.jpg?v=1740601821,2,,,,,,,,,,,,,,,,,,,,,,,,,,,,,,,,,,,,,,,,,
fresh-water-pearl-celestial-earrings-in-925-silver-by-svadezi,,,,,,,,,,,,,,,,,,,,,,,,,,,,,,,,https://cdn.shopify.com/s/files/1/0651/8987/1813/files/15_0357e52b-06bb-4324-8594-36c696c26c1f.jpg?v=1740601823,3,,,,,,,,,,,,,,,,,,,,,,,,,,,,,,,,,,,,,,,,,
elegant-bali-earrings-in-925-silver-by-svadezi,Elegant Bali Earrings in 925 Silver by SVADEZI,"<p>Stunning Silver Bali Earrings designed to capture attention with their intricate craftsmanship and unique charm, these earrings are versatile enough to complement both casual and formal ensembles.</p>",SVADEZI,Apparel & Accessories > Jewelry > Earrings,earrings,"svadezi, svadezijewellery",false,Title,Default Title,,,,,,,,STPS/18089,1.88,shopify,30,continue,manual,2049.0,2539.0,true,true,,,,,,https://cdn.shopify.com/s/files/1/0651/8987/1813/files/17_d369f2c2-b7d1-4c40-858a-8e3cc445979d.jpg?v=1740601826,1,,false,,,194,,,,,,,,,,,,,,'0,,,,,,,,,,,,,,,,g,,,true,,,active
elegant-bali-earrings-in-925-silver-by-svadezi,,,,,,,,,,,,,,,,,,,,,,,,,,,,,,,,https://cdn.shopify.com/s/files/1/0651/8987/1813/files/01_0c683d5c-49e2-420a-a796-ca1d99ae6a9f.jpg?v=1740601830,2,,,,,,,,,,,,,,,,,,,,,,,,,,,,,,,,,,,,,,,,,
elegant-bali-earrings-in-925-silver-by-svadezi,,,,,,,,,,,,,,,,,,,,,,,,,,,,,,,,https://cdn.shopify.com/s/files/1/0651/8987/1813/files/79_0be7a286-935b-4939-9a1d-e8e933e83d3f.jpg?v=1740601833,3,,,,,,,,,,,,,,,,,,,,,,,,,,,,,,,,,,,,,,,,,
ruby-red-flower-earrings-in-925-silver-by-svadezi,Ruby Red Flower Earrings in 925 Silver by SVADEZI,"<p>Enhance your elegance with our flower design studs. These charming earrings feature a delicate floral motif, adding a touch of nature-inspired beauty to your look. Perfect for both everyday wear and special occasions, they are a timeless addition to any jewelry collection.</p>",SVADEZI,Apparel & Accessories > Jewelry > Earrings,earrings,"svadezi, svadezijewellery",false,Title,Default Title,,,,,,,,STPS/20994,2.16,shopify,30,continue,manual,2049.0,2600.0,true,true,,,,,,https://cdn.shopify.com/s/files/1/0651/8987/1813/files/IMG_20240706_153933.jpg?v=1740601834,1,,false,,,194,,,,,,,,,,,,,,'0,,,,,,,,,,,,,,,,g,,,true,,,active
ruby-red-flower-earrings-in-925-silver-by-svadezi,,,,,,,,,,,,,,,,,,,,,,,,,,,,,,,,https://cdn.shopify.com/s/files/1/0651/8987/1813/files/24_b44ad868-1742-4073-a2d4-b3ea9f40dc07.jpg?v=1740601837,2,,,,,,,,,,,,,,,,,,,,,,,,,,,,,,,,,,,,,,,,,
ruby-red-flower-earrings-in-925-silver-by-svadezi,,,,,,,,,,,,,,,,,,,,,,,,,,,,,,,,https://cdn.shopify.com/s/files/1/0651/8987/1813/files/35_924485b5-2325-45b1-a351-f68b2469237f.jpg?v=1740601838,3,,,,,,,,,,,,,,,,,,,,,,,,,,,,,,,,,,,,,,,,,
dazziling-flower-2in1-earrings-in-925-silver-by-svadezi,Dazziling Flower 2in1 Earrings in 925 Silver by SVADEZI,"<p>Silver 2in1 flower earrings are a type of jewelry that features a design that can be worn in two different ways. Typically, these earrings will have a stud that can be worn alone, or a detachable drop that can be added to the stud to create a longer, more elaborate earring.</p>",SVADEZI,Apparel & Accessories > Jewelry > Earrings,earrings,"svadezi, svadezijewellery",false,Title,Default Title,,,,,,,,STPS/20835,4.88,shopify,29,continue,manual,2749.0,3675.0,true,true,,,,,,https://cdn.shopify.com/s/files/1/0651/8987/1813/files/216.jpg?v=1740601841,1,,false,,,194,,,,,,,,,,,,,,'0,,,,,,,,,,,,,,,,g,,,true,,,active
dazziling-flower-2in1-earrings-in-925-silver-by-svadezi,,,,,,,,,,,,,,,,,,,,,,,,,,,,,,,,https://cdn.shopify.com/s/files/1/0651/8987/1813/files/217.jpg?v=1740601844,2,,,,,,,,,,,,,,,,,,,,,,,,,,,,,,,,,,,,,,,,,
dazziling-flower-2in1-earrings-in-925-silver-by-svadezi,,,,,,,,,,,,,,,,,,,,,,,,,,,,,,,,https://cdn.shopify.com/s/files/1/0651/8987/1813/files/219.jpg?v=1740601848,3,,,,,,,,,,,,,,,,,,,,,,,,,,,,,,,,,,,,,,,,,
dazziling-flower-2in1-earrings-in-925-silver-by-svadezi,,,,,,,,,,,,,,,,,,,,,,,,,,,,,,,,https://cdn.shopify.com/s/files/1/0651/8987/1813/files/296.jpg?v=1740601851,4,,,,,,,,,,,,,,,,,,,,,,,,,,,,,,,,,,,,,,,,,
stunning-aquamarine-bird-pendant-in-925-silver-by-svadezi,Stunning Aquamarine Bird Pendant in 925 Silver by SVADEZI,"<p><strong>Length: 28cm Adjustable</strong></p>
<p>Experience a touch of elegance with our sterling silver chain, featuring a bird pendant adorned with a stunning aquamarine stone. This exquisite piece blends nature-inspired beauty with a hint of sophistication, making it an ideal accessory for both everyday wear and special occasions.</p>",SVADEZI,Apparel & Accessories > Jewelry > Charms & Pendants,pendant,"svadezi, svadezijewellery",false,Title,Default Title,,,,,,,,SCH/18608,4.28,shopify,30,continue,manual,2749.0,3638.0,true,true,,,,,,https://cdn.shopify.com/s/files/1/0651/8987/1813/files/08_3ad70a13-f407-4f08-a60f-0c3caaf682e0.jpg?v=1740601853,1,,false,,,192,,,,,,,,,,,,,,'0,,,,,,,,,,,,,,,,g,,,true,,,active
stunning-aquamarine-bird-pendant-in-925-silver-by-svadezi,,,,,,,,,,,,,,,,,,,,,,,,,,,,,,,,https://cdn.shopify.com/s/files/1/0651/8987/1813/files/11_3a44e2e7-708e-45bb-a8b2-7c9a21210e68.jpg?v=1740601856,2,,,,,,,,,,,,,,,,,,,,,,,,,,,,,,,,,,,,,,,,,
stunning-aquamarine-bird-pendant-in-925-silver-by-svadezi,,,,,,,,,,,,,,,,,,,,,,,,,,,,,,,,https://cdn.shopify.com/s/files/1/0651/8987/1813/files/123.jpg?v=1740601857,3,,,,,,,,,,,,,,,,,,,,,,,,,,,,,,,,,,,,,,,,,
bali-earrings-in-925-silver-by-svadezi,Bali Earrings in 925 Silver by SVADEZI,"<p>Stunning Silver Bali earrings designed to capture attention with their intricate craftsmanship and unique charm, these earrings are versatile enough to complement both casual and formal ensembles.</p>",SVADEZI,Apparel & Accessories > Jewelry > Earrings,,,false,Title,Default Title,,,,,,,,STPS/18354,2.7,shopify,30,deny,manual,2249.0,2940.0,true,true,,,,,,https://cdn.shopify.com/s/files/1/0651/8987/1813/files/18_2ad041ba-da4e-43b5-a852-43817c61c982.jpg?v=1740601860,1,,false,,,194,,,,,,,,,,,,,,,,,,,,,,,,,,,,,,g,,,true,,,active
bali-earrings-in-925-silver-by-svadezi,,,,,,,,,,,,,,,,,,,,,,,,,,,,,,,,https://cdn.shopify.com/s/files/1/0651/8987/1813/files/01_38e68d66-3b58-4457-97ee-265dbbcd7635.jpg?v=1740601864,2,,,,,,,,,,,,,,,,,,,,,,,,,,,,,,,,,,,,,,,,,
bali-earrings-in-925-silver-by-svadezi,,,,,,,,,,,,,,,,,,,,,,,,,,,,,,,,https://cdn.shopify.com/s/files/1/0651/8987/1813/files/op.jpg?v=1740601867,3,,,,,,,,,,,,,,,,,,,,,,,,,,,,,,,,,,,,,,,,,
timeless-solitaire-pendant-in-925-silver-by-svadezi,Timeless Solitaire Pendant in 925 Silver by SVADEZI,"<p><strong>Length: 28cm Adjustable</strong></p>
<p>Elevate your style with our sterling silver rose gold chain, featuring a solitaire pendant encircled elegantly. This timeless piece adds a touch of sophistication to any outfit, making it perfect for both everyday wear and special occasions.</p>",SVADEZI,Apparel & Accessories > Jewelry > Charms & Pendants,pendant,"svadezi, svadezijewellery",false,Title,Default Title,,,,,,,,SCH/18896,2.48,shopify,30,continue,manual,2049.0,2600.0,true,true,,,,,,https://cdn.shopify.com/s/files/1/0651/8987/1813/files/10_2f199299-ab4e-4ae0-930a-e27ffcba44d4.jpg?v=1740601868,1,,false,,,192,,,,,,,,,,,,,,'0,,,,,,,,,,,,,,,,g,,,true,,,active
timeless-solitaire-pendant-in-925-silver-by-svadezi,,,,,,,,,,,,,,,,,,,,,,,,,,,,,,,,https://cdn.shopify.com/s/files/1/0651/8987/1813/files/26.jpg?v=1740601872,2,,,,,,,,,,,,,,,,,,,,,,,,,,,,,,,,,,,,,,,,,
rose-quartz-fresh-water-pearl-bracelet-in-925-silver-by-svadezi,Rose Quartz Fresh Water Pearl Bracelet in 925 Silver by SVADEZI,"<p><strong>Length 23 Cm Adjustable</strong></p>
<p>Dazzle in the elegance of a heart-shaped bracelet, a timeless piece that symbolizes your radiant uniqueness and celestial aspirations. </p>",SVADEZI,Apparel & Accessories > Jewelry > Bracelets,bracelet,"svadezi, svadezijewellery",false,Title,Default Title,,,,,,,,SBRL/13751,3.72,shopify,30,continue,manual,2549.0,2613.0,true,true,,,,,,https://cdn.shopify.com/s/files/1/0651/8987/1813/files/42_e9a441d7-cfbe-42e4-b532-44f00ec8efd2.jpg?v=1740601874,1,,false,,,191,,,,,,,,,,,,,,'0,,,,,,,,,,,,,,,,g,,,true,,,active
rose-quartz-fresh-water-pearl-bracelet-in-925-silver-by-svadezi,,,,,,,,,,,,,,,,,,,,,,,,,,,,,,,,https://cdn.shopify.com/s/files/1/0651/8987/1813/files/46.jpg?v=1740601878,2,,,,,,,,,,,,,,,,,,,,,,,,,,,,,,,,,,,,,,,,,
rose-quartz-fresh-water-pearl-bracelet-in-925-silver-by-svadezi,,,,,,,,,,,,,,,,,,,,,,,,,,,,,,,,https://cdn.shopify.com/s/files/1/0651/8987/1813/files/223.jpg?v=1740601882,3,,,,,,,,,,,,,,,,,,,,,,,,,,,,,,,,,,,,,,,,,
fresh-water-pearl-earrings-in-925-silver-by-svadezi-2,Fresh Water Pearl Earrings in 925 Silver by SVADEZI,"<p>Adorn your ears with our sterling silver round-shaped studs, featuring a lustrous pearl at the center. These elegant earrings blend classic sophistication with timeless beauty, making them a perfect accessory for any occasion.</p>",SVADEZI,Apparel & Accessories > Jewelry > Earrings,earrings,"svadezi, svadezijewellery",false,Title,Default Title,,,,,,,,STPS/21157,2.28,shopify,30,continue,manual,2049.0,2400.0,true,true,,,,,,https://cdn.shopify.com/s/files/1/0651/8987/1813/files/IMG_20240706_153532.jpg?v=1740601883,1,,false,,,194,,,,,,,,,,,,,,'0,,,,,,,,,,,,,,,,g,,,true,,,active
fresh-water-pearl-earrings-in-925-silver-by-svadezi-2,,,,,,,,,,,,,,,,,,,,,,,,,,,,,,,,https://cdn.shopify.com/s/files/1/0651/8987/1813/files/04_b5e69f90-dc58-4b01-9561-d1b7fd77be80.jpg?v=1740601886,2,,,,,,,,,,,,,,,,,,,,,,,,,,,,,,,,,,,,,,,,,
fresh-water-pearl-earrings-in-925-silver-by-svadezi-2,,,,,,,,,,,,,,,,,,,,,,,,,,,,,,,,https://cdn.shopify.com/s/files/1/0651/8987/1813/files/10_42d514fc-04a1-4f03-9a70-c0f5ba118b14.jpg?v=1740601887,3,,,,,,,,,,,,,,,,,,,,,,,,,,,,,,,,,,,,,,,,,
rose-gold-classic-earrings-in-925-silver-by-svadezi,Rose Gold Classic Earrings in 925 Silver by SVADEZI,"<p>Elevate your style with our sterling silver rose gold earrings. These exquisite earrings combine the classic allure of sterling silver with the warm, romantic hue of rose gold, making them a perfect accessory for any occasion. Their elegant design adds a touch of sophistication to both casual and formal outfits.</p>",SVADEZI,Apparel & Accessories > Jewelry > Earrings,earrings,"svadezi, svadezijewellery",false,Title,Default Title,,,,,,,,STPS/21303,5.89,shopify,30,continue,manual,3249.0,3990.0,true,true,,,,,,https://cdn.shopify.com/s/files/1/0651/8987/1813/files/14_3855053c-81d0-474d-ac74-62b3c8ef9739.jpg?v=1740601889,1,,false,,,194,,,,,,,,,,,,,,'0,,,,,,,,,,,,,,,,g,,,true,,,active
rose-gold-classic-earrings-in-925-silver-by-svadezi,,,,,,,,,,,,,,,,,,,,,,,,,,,,,,,,https://cdn.shopify.com/s/files/1/0651/8987/1813/files/03_8946acb1-6292-4a39-88f2-85fc37d8cb02.jpg?v=1740601893,2,,,,,,,,,,,,,,,,,,,,,,,,,,,,,,,,,,,,,,,,,
rose-gold-classic-earrings-in-925-silver-by-svadezi,,,,,,,,,,,,,,,,,,,,,,,,,,,,,,,,https://cdn.shopify.com/s/files/1/0651/8987/1813/files/55_7e14d9a7-1000-4c76-ba24-7d04a512b9ce.jpg?v=1740601894,3,,,,,,,,,,,,,,,,,,,,,,,,,,,,,,,,,,,,,,,,,
mystic-blue-butterfly-adjustable-ring-in-925-silver-by-svadezi,Mystic Blue Butterfly Adjustable Ring in 925 Silver by SVADEZI,"<p>Add a touch of whimsy to your collection with our butterfly enamel ring. This charming piece features a delicate butterfly design adorned with vibrant enamel, capturing the beauty of nature in a stylish and playful accessory perfect for any occasion.</p>",SVADEZI,Apparel & Accessories > Jewelry > Rings,Ring,"svadezi, svadezijewellery",false,Title,Default Title,,,,,,,,SLR92/27740,3.06,shopify,30,continue,manual,2249.0,2663.0,true,true,,,,,,https://cdn.shopify.com/s/files/1/0651/8987/1813/files/03_c7d9e3db-ec06-42d5-94a4-ffa212e5a654.jpg?v=1740601896,1,,false,,,200,,,,,,,,,,,,,,'0,,,,,,,,,,,,,,,,g,,,true,,,active
mystic-blue-butterfly-adjustable-ring-in-925-silver-by-svadezi,,,,,,,,,,,,,,,,,,,,,,,,,,,,,,,,https://cdn.shopify.com/s/files/1/0651/8987/1813/files/16_70180388-43b7-4d5b-9370-dfc69c56a6f9.jpg?v=1740601899,2,,,,,,,,,,,,,,,,,,,,,,,,,,,,,,,,,,,,,,,,,
mystic-blue-butterfly-adjustable-ring-in-925-silver-by-svadezi,,,,,,,,,,,,,,,,,,,,,,,,,,,,,,,,https://cdn.shopify.com/s/files/1/0651/8987/1813/files/148.jpg?v=1740601900,3,,,,,,,,,,,,,,,,,,,,,,,,,,,,,,,,,,,,,,,,,
31,Hoop Earrings in 925 Silver by SVADEZI,"<p>Enhance your style with our sterling silver hoop earrings in rose gold. These elegant hoops combine the timeless appeal of sterling silver with the warm, romantic hue of rose gold, making them a perfect accessory for any outfit.</p>",SVADEZI,Apparel & Accessories > Jewelry > Earrings,earrings,"svadezi, svadezi bracelete, svadezijewellery",false,Title,Default Title,,,,,,,,STPS/20565,10.72,shopify,29,continue,manual,3749.0,6650.0,true,true,,,,,,https://cdn.shopify.com/s/files/1/0651/8987/1813/files/12_7a8c2799-1902-4959-94c5-8dee1674ba8b.jpg?v=1740601902,1,,false,,,194,,,,,,,,,,,,,,'0,,,,,,,,,,,,,,,,g,,,true,,,active
31,,,,,,,,,,,,,,,,,,,,,,,,,,,,,,,,https://cdn.shopify.com/s/files/1/0651/8987/1813/files/37.jpg?v=1740601906,2,,,,,,,,,,,,,,,,,,,,,,,,,,,,,,,,,,,,,,,,,
31,,,,,,,,,,,,,,,,,,,,,,,,,,,,,,,,https://cdn.shopify.com/s/files/1/0651/8987/1813/files/74.jpg?v=1740601907,3,,,,,,,,,,,,,,,,,,,,,,,,,,,,,,,,,,,,,,,,,
azure-dragonfly-elegance-adjustable-ring-in-925-silver-by-svadezi,Azure Dragonfly Elegance Adjustable Ring  in 925 Silver by SVADEZI,"<p>Discover the perfect fit with our adjustable ring. Crafted in sterling silver, this versatile piece effortlessly combines elegance and practicality, making it an ideal accessory for any occasion.</p>",SVADEZI,Apparel & Accessories > Jewelry > Rings,Ring,"svadezi, svadezijewellery",false,Title,Default Title,,,,,,,,SLR92/27125,2.06,shopify,30,deny,manual,1749.0,2438.0,true,true,,,,,,https://cdn.shopify.com/s/files/1/0651/8987/1813/files/27.jpg?v=1740601909,1,,false,,,200,,,,,,,,,,,,,,'0,,,,,,,,,,,,,,,,g,,,true,,,active
azure-dragonfly-elegance-adjustable-ring-in-925-silver-by-svadezi,,,,,,,,,,,,,,,,,,,,,,,,,,,,,,,,https://cdn.shopify.com/s/files/1/0651/8987/1813/files/14_e3135cb7-ab68-49e0-b2aa-6c748863addb.jpg?v=1740601912,2,,,,,,,,,,,,,,,,,,,,,,,,,,,,,,,,,,,,,,,,,
azure-dragonfly-elegance-adjustable-ring-in-925-silver-by-svadezi,,,,,,,,,,,,,,,,,,,,,,,,,,,,,,,,https://cdn.shopify.com/s/files/1/0651/8987/1813/files/232.jpg?v=1740601913,3,,,,,,,,,,,,,,,,,,,,,,,,,,,,,,,,,,,,,,,,,
citrine-uniquely-shaped-pendant-in-925-silver-by-svadezi,Citrine uniquely shaped pendant in 925 Silver by SVADEZI,"<p><strong>Length: 28cm Adjustable</strong></p>
<p>Elevate your style with our sterling silver chain featuring a uniquely shaped pendant adorned with Citrine and Zircon stones. This exquisite piece adds a touch of vibrant elegance to any outfit, making it perfect for both everyday wear and special occasions.</p>",SVADEZI,Arts & Entertainment > Hobbies & Creative Arts > Collectibles > Rocks & Fossils > Gemstones,pendant,"natural citrine by svadezi, naturalstones, svadezijewellery",false,Title,Default Title,,,,,,,,SCH/19420,7.2,shopify,30,continue,manual,3149.0,4800.0,true,true,,,,,,https://cdn.shopify.com/s/files/1/0651/8987/1813/files/236_1.jpg?v=1740601916,1,,false,,,218,,,,,,,,,,,,,,,,,,,,,,,,,,,,,,g,,,true,,,active
citrine-uniquely-shaped-pendant-in-925-silver-by-svadezi,,,,,,,,,,,,,,,,,,,,,,,,,,,,,,,,https://cdn.shopify.com/s/files/1/0651/8987/1813/files/243.jpg?v=1740601920,2,,,,,,,,,,,,,,,,,,,,,,,,,,,,,,,,,,,,,,,,,
citrine-uniquely-shaped-pendant-in-925-silver-by-svadezi,,,,,,,,,,,,,,,,,,,,,,,,,,,,,,,,https://cdn.shopify.com/s/files/1/0651/8987/1813/files/138.jpg?v=1740601922,3,,,,,,,,,,,,,,,,,,,,,,,,,,,,,,,,,,,,,,,,,
fresh-water-lustrous-pearl-with-zirconium-diamond-ring-in-925-silver-by-svadezi,Fresh Water Lustrous Pearl with Zirconium Diamond Ring in 925 Silver by SVADEZI,"<p><strong>Adjustable</strong></p>
<p>Add a touch of elegance to your collection with our sterling silver ring, featuring a dazzling stone and a lustrous pearl. This sophisticated piece combines the brilliance of gemstones with the timeless beauty of pearls, making it an ideal accessory for any occasion.</p>",SVADEZI,Apparel & Accessories > Jewelry > Rings,Ring,"svadezi, svadezijewellery",false,Title,Default Title,,,,,,,,SLR92/26774,3.31,shopify,30,continue,manual,2449.0,3575.0,true,true,,,,,,https://cdn.shopify.com/s/files/1/0651/8987/1813/files/28_93b807f5-8d32-4783-8b08-8394e558e7d7.jpg?v=1740601924,1,,false,,,200,,,,,,,,,,,,,,,,,,,,,,,,,,,,,,g,,,true,,,active
fresh-water-lustrous-pearl-with-zirconium-diamond-ring-in-925-silver-by-svadezi,,,,,,,,,,,,,,,,,,,,,,,,,,,,,,,,https://cdn.shopify.com/s/files/1/0651/8987/1813/files/13_b529985b-44bc-44b0-9028-39b937bcefc3.jpg?v=1740601927,2,,,,,,,,,,,,,,,,,,,,,,,,,,,,,,,,,,,,,,,,,
fresh-water-lustrous-pearl-with-zirconium-diamond-ring-in-925-silver-by-svadezi,,,,,,,,,,,,,,,,,,,,,,,,,,,,,,,,https://cdn.shopify.com/s/files/1/0651/8987/1813/files/218.jpg?v=1740601929,3,,,,,,,,,,,,,,,,,,,,,,,,,,,,,,,,,,,,,,,,,
i-love-you-statement-ring-in-925-silver-by-svadezi,I love you Statement ring in 925 Silver by SVADEZI,"<p>Enhance your style with our sterling silver hand ring. This unique and elegant piece wraps around your finger, offering a modern and sophisticated look that complements any outfit, perfect for both everyday wear and special occasions.</p>",SVADEZI,Apparel & Accessories > Jewelry > Rings,,,false,Title,Default Title,,,,,,,,SLR92/27348,2.03,shopify,60,deny,manual,1749.0,2688.0,true,true,,,,,,https://cdn.shopify.com/s/files/1/0651/8987/1813/files/31.jpg?v=1740601930,1,,false,,,200,,,,,,,,,,,,,,,,,,,,,,,,,,,,,,g,,,true,,,active
i-love-you-statement-ring-in-925-silver-by-svadezi,,,,,,,,,,,,,,,,,,,,,,,,,,,,,,,,https://cdn.shopify.com/s/files/1/0651/8987/1813/files/10_125b6764-f28a-4cfb-b093-ad5bd5500879.jpg?v=1740601932,2,,,,,,,,,,,,,,,,,,,,,,,,,,,,,,,,,,,,,,,,,
i-love-you-statement-ring-in-925-silver-by-svadezi,,,,,,,,,,,,,,,,,,,,,,,,,,,,,,,,https://cdn.shopify.com/s/files/1/0651/8987/1813/files/247.jpg?v=1740601933,3,,,,,,,,,,,,,,,,,,,,,,,,,,,,,,,,,,,,,,,,,
black-enamel-single-mop-bracelete-in-925-silver-by-svadezi,Black Enamel Single MOP Bracelete in 925 Silver by SVADEZI,<p>Silver chain bracelet with the different shape embellished with mother of pearl poured in the bracelet at regular gapping adding grace.</p>,SVADEZI,Apparel & Accessories > Jewelry > Bracelets,,,false,Title,Default Title,,,,,,,,SBRL/13223,3.46,shopify,30,deny,manual,2549.0,3100.0,true,true,,,,,,https://cdn.shopify.com/s/files/1/0651/8987/1813/files/25_e42f710f-b6f3-46cc-81ab-812976ecdd42.jpg?v=1740601936,1,,false,,,191,,,,,,,,,,,,,,'0,,,,,,,,,,,,,,,,g,,,true,,,active
black-enamel-single-mop-bracelete-in-925-silver-by-svadezi,,,,,,,,,,,,,,,,,,,,,,,,,,,,,,,,https://cdn.shopify.com/s/files/1/0651/8987/1813/files/IMG_20240302_202542.jpg?v=1740601937,2,,,,,,,,,,,,,,,,,,,,,,,,,,,,,,,,,,,,,,,,,
black-enamel-single-mop-bracelete-in-925-silver-by-svadezi,,,,,,,,,,,,,,,,,,,,,,,,,,,,,,,,https://cdn.shopify.com/s/files/1/0651/8987/1813/files/w_54.jpg?v=1740601939,3,,,,,,,,,,,,,,,,,,,,,,,,,,,,,,,,,,,,,,,,,
black-enamel-mop-bracelet-in-925-silver-by-svadezi,Black Enamel MOP Bracelet in 925 Silver by SVADEZI,<p>Silver chain bracelet with the different shape embellished with mother of pearl poured in the bracelet at regular gapping adding grace.</p>,SVADEZI,Apparel & Accessories > Jewelry > Bracelets,bracelet,"svadezi, svadezi bracelete, svadezijewellery",false,Title,Default Title,,,,,,,,SBRL/13307,11.24,shopify,30,deny,manual,3749.0,6938.0,true,true,,,,,,https://cdn.shopify.com/s/files/1/0651/8987/1813/files/31_091562d5-509c-479c-9b4d-c746b93b1a3f.jpg?v=1740601942,1,,false,,,191,,,,,,,,,,,,,,'0,,,,,,,,,,,,,,,,g,,,true,,,active
black-enamel-mop-bracelet-in-925-silver-by-svadezi,,,,,,,,,,,,,,,,,,,,,,,,,,,,,,,,https://cdn.shopify.com/s/files/1/0651/8987/1813/files/95.jpg?v=1740601945,2,,,,,,,,,,,,,,,,,,,,,,,,,,,,,,,,,,,,,,,,,
black-enamel-mop-bracelet-in-925-silver-by-svadezi,,,,,,,,,,,,,,,,,,,,,,,,,,,,,,,,https://cdn.shopify.com/s/files/1/0651/8987/1813/files/IMG_20240302_202513.jpg?v=1740601947,3,,,,,,,,,,,,,,,,,,,,,,,,,,,,,,,,,,,,,,,,,
plain-heart-pendant-in-925-silver-by-svadezi,Plain heart Pendant in 925 Silver by SVADEZI,"<p>Embrace simplicity and elegance with our sterling silver chain featuring a plain heart pendant. This timeless piece is perfect for any occasion, adding a touch of understated beauty to your look.</p>",SVADEZI,Apparel & Accessories > Jewelry > Charms & Pendants,pendant,"svadezi, svadezijewellery",false,Title,Default Title,,,,,,,,SCH/19023,3.95,shopify,30,continue,manual,2349.0,2975.0,true,true,,,,,,https://cdn.shopify.com/s/files/1/0651/8987/1813/files/03_5d4dd863-4dd7-4c4f-9fec-b1c32c2564f6.jpg?v=1740601950,1,,false,,,192,,,,,,,,,,,,,,'0,,,,,,,,,,,,,,,,g,,,true,,,active
plain-heart-pendant-in-925-silver-by-svadezi,,,,,,,,,,,,,,,,,,,,,,,,,,,,,,,,https://cdn.shopify.com/s/files/1/0651/8987/1813/files/25_372ff24e-5d9c-4d04-9789-ff0a848d5059.jpg?v=1740601953,2,,,,,,,,,,,,,,,,,,,,,,,,,,,,,,,,,,,,,,,,,
plain-heart-pendant-in-925-silver-by-svadezi,,,,,,,,,,,,,,,,,,,,,,,,,,,,,,,,https://cdn.shopify.com/s/files/1/0651/8987/1813/files/128.jpg?v=1740601954,3,,,,,,,,,,,,,,,,,,,,,,,,,,,,,,,,,,,,,,,,,
evil-eye-heart-ring-in-925-silver-by-svadezi,Evil Eye Heart ring in 925 Silver by SVADEZI,"<p>Ward off negativity with our sterling silver adjustable ring featuring an evil eye design. This versatile piece combines protective symbolism with modern elegance, making it a perfect accessory for any occasion.</p>",SVADEZI,Apparel & Accessories > Jewelry > Rings,Ring,"svadezi, svadezijewellery",false,Title,Default Title,,,,,,,,SLR92/26990,1.58,shopify,29,continue,manual,1749.0,2530.0,true,true,,,,,,https://cdn.shopify.com/s/files/1/0651/8987/1813/files/24_226a69de-0944-4966-bc60-7b0f65798db5.jpg?v=1740601955,1,,false,,,200,,,,,,,,,,,,,,'0,,,,,,,,,,,,,,,,g,,,true,,,active
evil-eye-heart-ring-in-925-silver-by-svadezi,,,,,,,,,,,,,,,,,,,,,,,,,,,,,,,,https://cdn.shopify.com/s/files/1/0651/8987/1813/files/16_314f9ef0-6d45-4a3d-8e4c-ec3baf79a13a.jpg?v=1740601959,2,,,,,,,,,,,,,,,,,,,,,,,,,,,,,,,,,,,,,,,,,
evil-eye-heart-ring-in-925-silver-by-svadezi,,,,,,,,,,,,,,,,,,,,,,,,,,,,,,,,https://cdn.shopify.com/s/files/1/0651/8987/1813/files/163.jpg?v=1740601960,3,,,,,,,,,,,,,,,,,,,,,,,,,,,,,,,,,,,,,,,,,
whimsy-adjustable-butterfly-ring-in-925-silver-by-svadezi,Whimsy Adjustable Butterfly Ring in 925 Silver by SVADEZI,"<p>Add a touch of whimsy to your look with this adjustable butterfly ring, showcasing a beautiful sterling silver design that's both playful and sophisticated.</p>",SVADEZI,Apparel & Accessories > Jewelry > Rings,Ring,"svadezi, svadezijewellery",false,Title,Default Title,,,,,,,,SLR92/27311,2.78,shopify,30,continue,manual,1949.0,2650.0,true,true,,,,,,https://cdn.shopify.com/s/files/1/0651/8987/1813/files/25_5e1ce9c5-cb27-4f18-b336-551ae5657172.jpg?v=1740601962,1,,false,,,200,,,,,,,,,,,,,,'0,,,,,,,,,,,,,,,,g,,,true,,,active
whimsy-adjustable-butterfly-ring-in-925-silver-by-svadezi,,,,,,,,,,,,,,,,,,,,,,,,,,,,,,,,https://cdn.shopify.com/s/files/1/0651/8987/1813/files/15_1225181d-a2d8-48de-9e9b-304975f31cb1.jpg?v=1740601965,2,,,,,,,,,,,,,,,,,,,,,,,,,,,,,,,,,,,,,,,,,
whimsy-adjustable-butterfly-ring-in-925-silver-by-svadezi,,,,,,,,,,,,,,,,,,,,,,,,,,,,,,,,https://cdn.shopify.com/s/files/1/0651/8987/1813/files/158_3f3a78e9-81ef-4e3f-b69a-4894cf1f33b2.jpg?v=1740601967,3,,,,,,,,,,,,,,,,,,,,,,,,,,,,,,,,,,,,,,,,,
designer-wings-solitaire-centerpiece-pendant-in-925-silver-by-svadezi,Designer Wings Solitaire Centerpiece pendant in 925 Silver by SVADEZI,"<p><strong>Length: 28cm Adjustable</strong></p>
<p>Exude elegance with our exquisite 92.5 sterling silver wing chain featuring a stunning solitaire centerpiece. Crafted to perfection, this timeless piece effortlessly blends sophistication with subtle charm, making it a must-have accessory for any occasion.</p>",SVADEZI,Apparel & Accessories > Jewelry > Charms & Pendants,pendant,"svadezi, svadezijewellery",false,Color,rose-gold,product.metafields.shopify.color-pattern,,,,,,,SCH/18007,2.92,,30,deny,manual,2449.0,3425.0,true,true,,,,,,https://cdn.shopify.com/s/files/1/0651/8987/1813/files/003.jpg?v=1740601970,1,,false,,,192,,,,,,,,,,,,,,,,,rose-gold; white-gold,,,,,,,,,,,,https://cdn.shopify.com/s/files/1/0651/8987/1813/files/w_39.jpg?v=1740601978,g,,,true,,,active
designer-wings-solitaire-centerpiece-pendant-in-925-silver-by-svadezi,,,,,,,,,white-gold,,,,,,,,SCH/18008,2.92,shopify,30,continue,manual,2449.0,3425.0,true,true,,,,,,https://cdn.shopify.com/s/files/1/0651/8987/1813/files/32_86276501-1e52-432e-a116-dbed6f1e7f04.jpg?v=1740601975,2,,,,,,,,,,,,,,,,,,,,,,,,,,,,,,,,,,https://cdn.shopify.com/s/files/1/0651/8987/1813/files/003.jpg?v=1740601970,g,,,,,,
designer-wings-solitaire-centerpiece-pendant-in-925-silver-by-svadezi,,,,,,,,,,,,,,,,,,,,,,,,,,,,,,,,https://cdn.shopify.com/s/files/1/0651/8987/1813/files/w_39.jpg?v=1740601978,3,,,,,,,,,,,,,,,,,,,,,,,,,,,,,,,,,,,,,,,,,
designer-wings-solitaire-centerpiece-pendant-in-925-silver-by-svadezi,,,,,,,,,,,,,,,,,,,,,,,,,,,,,,,,https://cdn.shopify.com/s/files/1/0651/8987/1813/files/266.jpg?v=1740601981,4,,,,,,,,,,,,,,,,,,,,,,,,,,,,,,,,,,,,,,,,,
designer-wings-solitaire-centerpiece-pendant-in-925-silver-by-svadezi,,,,,,,,,,,,,,,,,,,,,,,,,,,,,,,,https://cdn.shopify.com/s/files/1/0651/8987/1813/files/w_37.jpg?v=1740601984,5,,,,,,,,,,,,,,,,,,,,,,,,,,,,,,,,,,,,,,,,,
snake-wrap-adjustable-ring-in-925-silver-bt-svadezi,Snake Wrap Adjustable Ring in 925 Silver bt SVADEZI,"<p>Wrap yourself in elegance with this sterling silver snake design ring, featuring a sleek and sophisticated serpent motif that adds a touch of mystery to any outfit.</p>",SVADEZI,Apparel & Accessories > Jewelry > Rings,Ring,"svadezi, svadezijewellery",false,Title,Default Title,,,,,,,,SLR92/27613,1.42,shopify,30,continue,manual,1749.0,2626.0,true,true,,,,,,https://cdn.shopify.com/s/files/1/0651/8987/1813/files/33_64d5faf0-4825-4227-92ef-f9b64a5d2241.jpg?v=1740601985,1,,false,,,200,,,,,,,,,,,,,,'0,,,,,,,,,,,,,,,,g,,,true,,,active
snake-wrap-adjustable-ring-in-925-silver-bt-svadezi,,,,,,,,,,,,,,,,,,,,,,,,,,,,,,,,https://cdn.shopify.com/s/files/1/0651/8987/1813/files/08_0e7f71e9-cc98-4c50-9cbc-3e746efc66e8.jpg?v=1740601987,2,,,,,,,,,,,,,,,,,,,,,,,,,,,,,,,,,,,,,,,,,
snake-wrap-adjustable-ring-in-925-silver-bt-svadezi,,,,,,,,,,,,,,,,,,,,,,,,,,,,,,,,https://cdn.shopify.com/s/files/1/0651/8987/1813/files/177_fbc1452b-d1d9-49b8-b9ff-abab8b1b7560.jpg?v=1740601989,3,,,,,,,,,,,,,,,,,,,,,,,,,,,,,,,,,,,,,,,,,
double-heart-adjustable-ring-in-925-silver-by-svadezi,Double Heart Adjustable ring in 925 Silver by SVADEZI,"<p>Love is in the details with this sterling silver double heart adjustable ring, featuring two interconnected hearts that symbolize eternal love and devotion.</p>",SVADEZI,Apparel & Accessories > Jewelry > Rings,Ring,"svadezi, svadezijewellery",false,Title,Default Title,,,,,,,,SLR92/27768,1.87,shopify,30,continue,manual,1749.0,2525.0,true,true,,,,,,https://cdn.shopify.com/s/files/1/0651/8987/1813/files/29_531b4bb3-fb94-40b0-830b-325473231349.jpg?v=1740601991,1,,false,,,200,,,,,,,,,,,,,,'0,,,,,,,,,,,,,,,,g,,,true,,,active
double-heart-adjustable-ring-in-925-silver-by-svadezi,,,,,,,,,,,,,,,,,,,,,,,,,,,,,,,,https://cdn.shopify.com/s/files/1/0651/8987/1813/files/11_16254590-e71a-4a21-96b9-4729788c2f8b.jpg?v=1740601993,2,,,,,,,,,,,,,,,,,,,,,,,,,,,,,,,,,,,,,,,,,
double-heart-adjustable-ring-in-925-silver-by-svadezi,,,,,,,,,,,,,,,,,,,,,,,,,,,,,,,,https://cdn.shopify.com/s/files/1/0651/8987/1813/files/237.jpg?v=1740601995,3,,,,,,,,,,,,,,,,,,,,,,,,,,,,,,,,,,,,,,,,,
evil-eye-ring-adjustable-in-925-silver-by-svadezi,Evil Eye Ring (Adjustable) in 925 Silver by SVADEZI,"<p><strong>Adjustable</strong></p>
<p>Protect yourself from negative energies with this sterling silver evil eye ring, featuring a striking blue stone that wards off bad vibes and brings good fortune.</p>",SVADEZI,Apparel & Accessories > Jewelry > Rings,Ring,"svadezi, svadezijewellery",false,Title,Default Title,,,,,,,,SLR92/26637,2.05,shopify,30,continue,manual,1749.0,2438.0,true,true,,,,,,https://cdn.shopify.com/s/files/1/0651/8987/1813/files/19_e72bfa6d-0767-43e9-98fa-d23326f56fda.jpg?v=1740601997,1,,false,,,200,,,,,,,,,,,,,,,,,,,,,,,,,,,,,,g,,,true,,,active
evil-eye-ring-adjustable-in-925-silver-by-svadezi,,,,,,,,,,,,,,,,,,,,,,,,,,,,,,,,https://cdn.shopify.com/s/files/1/0651/8987/1813/files/182.jpg?v=1740601998,2,,,,,,,,,,,,,,,,,,,,,,,,,,,,,,,,,,,,,,,,,
evil-eye-ring-adjustable-in-925-silver-by-svadezi,,,,,,,,,,,,,,,,,,,,,,,,,,,,,,,,https://cdn.shopify.com/s/files/1/0651/8987/1813/files/190.jpg?v=1740602001,3,,,,,,,,,,,,,,,,,,,,,,,,,,,,,,,,,,,,,,,,,
heart-on-your-ear-earring-in-925-silver-by-svadezi,Heart on your Ear earring in 925 Silver by SVADEZI,"<p>Wear your heart on your sleeve (or ear!) with these charming sterling silver earrings, showcasing a heart-shaped design and a clean, minimalist aesthetic.</p>",SVADEZI,Apparel & Accessories > Jewelry > Earrings,earrings,"svadezi, svadezijewellery",false,Title,Default Title,,,,,,,,STPS/20334,4.47,shopify,30,continue,manual,2549.0,3429.0,true,true,,,,,,https://cdn.shopify.com/s/files/1/0651/8987/1813/files/13_83dda76f-4579-4f3e-9a25-748107354c13.jpg?v=1740602004,1,,false,,,194,,,,,,,,,,,,,,'0,,,,,,,,,,,,,,,,g,,,true,,,active
heart-on-your-ear-earring-in-925-silver-by-svadezi,,,,,,,,,,,,,,,,,,,,,,,,,,,,,,,,https://cdn.shopify.com/s/files/1/0651/8987/1813/files/w_57.jpg?v=1740602007,2,,,,,,,,,,,,,,,,,,,,,,,,,,,,,,,,,,,,,,,,,
spread-your-wings-enamel-ring-in-925-silver-by-svadezi,Spread your Wings Enamel ring in 925 Silver by SVADEZI,"<p>This Enamel ring by SVADEZI is made of 925 Silver and has an<strong> Adjustable</strong> band for a personalized fit. As a product expert, I can assure you that the band is designed with meticulous precision to provide a comfortable and secure fit. It is adjustable to adapt to any finger size, making it the perfect choice for any fashion-savvy individual.</p>
<p>Spread your wings with this stunning sterling silver butterfly ring, featuring delicate wings that detach and reattach with ease - perfect for mixing and matching with your favorite charms</p>",SVADEZI,Apparel & Accessories > Jewelry > Rings,Ring,"svadezi, svadezijewellery",false,Title,Default Title,,,,,,,,SLR92/27025,3.2,shopify,25,continue,manual,2149.0,3640.0,true,true,,,,,,https://cdn.shopify.com/s/files/1/0651/8987/1813/files/241.jpg?v=1740602009,1,,false,,,200,,,,,,,,,,,,,,'0,,,,,,,,,,,,,,,,g,,,true,,,active
spread-your-wings-enamel-ring-in-925-silver-by-svadezi,,,,,,,,,,,,,,,,,,,,,,,,,,,,,,,,https://cdn.shopify.com/s/files/1/0651/8987/1813/files/242.jpg?v=1740602010,2,,,,,,,,,,,,,,,,,,,,,,,,,,,,,,,,,,,,,,,,,
dyllia-butterfly-pendant-in-925-silver-by-svadezi,Dyllia Butterfly Pendant in 925 Silver by SVADEZI,"<p><strong>Length: 28cm Adjustable</strong></p>
<p>Introducing the exquisite Swarovski Idyllia Butterfly Pendant, expertly crafted in sterling silver. This captivating piece showcases a delicate butterfly design, meticulously adorned with radiant Swarovski crystals, exuding refinement and poise.</p>",SVADEZI,Apparel & Accessories > Jewelry > Charms & Pendants,pendant,"svadezi, svadezijewellery",false,Title,Default Title,,,,,,,,SCH/18496,7.53,shopify,30,deny,manual,3199.0,5075.0,true,true,,,,,,https://cdn.shopify.com/s/files/1/0651/8987/1813/files/09_eb025eb3-25f9-4793-a202-999a1c0f83ad.jpg?v=1740602013,1,,false,,,192,,,,,,,,,,,,,,,,,,,,,,,,,,,,,,g,,,true,,,active
dyllia-butterfly-pendant-in-925-silver-by-svadezi,,,,,,,,,,,,,,,,,,,,,,,,,,,,,,,,https://cdn.shopify.com/s/files/1/0651/8987/1813/files/10_afea2191-e6f7-4c9b-b752-46c3d73d1dda.jpg?v=1740602017,2,,,,,,,,,,,,,,,,,,,,,,,,,,,,,,,,,,,,,,,,,
dyllia-butterfly-pendant-in-925-silver-by-svadezi,,,,,,,,,,,,,,,,,,,,,,,,,,,,,,,,https://cdn.shopify.com/s/files/1/0651/8987/1813/files/98_59644937-aeca-4242-87c6-59f9d881497f.jpg?v=1740602018,3,,,,,,,,,,,,,,,,,,,,,,,,,,,,,,,,,,,,,,,,,
49,Blossoming Sapphire Elegance Pendant in 925 Silver by SVADEZI,"<p><strong>Length: 28cm Adjustable</strong></p>
<p>Spread your wings with this stunning sterling silver butterfly ring, featuring delicate wings that detach and reattach with ease - perfect for mixing and matching with your favorite charms.</p>",SVADEZI,Apparel & Accessories > Jewelry > Charms & Pendants,necklace,"svadezi, svadezijewellery",false,Title,Default Title,,,,,,,,SCH/18681,2.74,shopify,30,deny,manual,2249.0,2663.0,true,true,,,,,,https://cdn.shopify.com/s/files/1/0651/8987/1813/files/06_46d08790-e8fe-42b7-9a65-6933a69d810f.jpg?v=1740602021,1,,false,,,192,,,,,,,,,,,,,,'0,,,,,,,,,,,,,,,,g,,,true,,,active
49,,,,,,,,,,,,,,,,,,,,,,,,,,,,,,,,https://cdn.shopify.com/s/files/1/0651/8987/1813/files/31_55169f30-86c8-41ef-8f3b-f9424c7e8f5c.jpg?v=1740602024,2,,,,,,,,,,,,,,,,,,,,,,,,,,,,,,,,,,,,,,,,,
49,,,,,,,,,,,,,,,,,,,,,,,,,,,,,,,,https://cdn.shopify.com/s/files/1/0651/8987/1813/files/251.jpg?v=1740602028,3,,,,,,,,,,,,,,,,,,,,,,,,,,,,,,,,,,,,,,,,,
blossoming-sapphire-elegance-pendant-in-925-silver-by-svadezi,Blossoming Sapphire Elegance Pendant in 925 Silver by SVADEZI,"<p><strong>Length: 28cm Adjustable</strong></p>
<p>Enhance your sophistication with our sterling silver chain, featuring a breathtaking peacock pendant with a deep blue stone. This exquisite piece merges the regal beauty of a peacock with the enchanting allure of the blue stone, making it an ideal accessory for any event.</p>",SVADEZI,Apparel & Accessories > Jewelry > Charms & Pendants,pendant,"svadezi, svadezijewellery",false,Title,Default Title,,,,,,,,SCH/19543,5.45,shopify,30,deny,manual,3049.0,4025.0,true,true,,,,,,https://cdn.shopify.com/s/files/1/0651/8987/1813/files/06_032bc8ca-a826-4d5b-ab2b-4bccd0ae7e3a.jpg?v=1740602030,1,,false,,,192,,,,,,,,,,,,,,'0,,,,,,,,,,,,,,,,g,,,true,,,active
blossoming-sapphire-elegance-pendant-in-925-silver-by-svadezi,,,,,,,,,,,,,,,,,,,,,,,,,,,,,,,,https://cdn.shopify.com/s/files/1/0651/8987/1813/files/19_81335d61-8021-493f-a030-e44eb4ce8426.jpg?v=1740602034,2,,,,,,,,,,,,,,,,,,,,,,,,,,,,,,,,,,,,,,,,,
blossoming-sapphire-elegance-pendant-in-925-silver-by-svadezi,,,,,,,,,,,,,,,,,,,,,,,,,,,,,,,,https://cdn.shopify.com/s/files/1/0651/8987/1813/files/112.jpg?v=1740602036,3,,,,,,,,,,,,,,,,,,,,,,,,,,,,,,,,,,,,,,,,,
clestial-heart-blue-topaz-pendant-in-925-silver-by-svadezi,Celestial Heart Blue Topaz Pendant in 925 Silver by SVADEZI,"<p>Discover the charm of our sterling silver chain, available in both silver and rose gold finishes. Featuring a heart pendant with a small blue stone at its center, this elegant piece adds a touch of love and sophistication to any outfit, perfect for both everyday wear and special occasions.</p>",SVADEZI,Apparel & Accessories > Jewelry > Charms & Pendants,pendant,"svadezi, svadezijewellery",false,Color,rose-gold,product.metafields.shopify.color-pattern,,,,,,,SCH/19105,2.37,shopify,29,continue,manual,2449.0,3536.0,true,true,,,,,,https://cdn.shopify.com/s/files/1/0651/8987/1813/files/04_1719f6db-2c4f-496a-b37c-40f18d0eae83.jpg?v=1781380187,1,,false,,,192,,,,,,,,,,,,,,,,,rose-gold; white-gold,,,,,,,,,,,,https://cdn.shopify.com/s/files/1/0651/8987/1813/files/hf_20260613_195555_0683de4d-532e-4750-b11b-4b89e43a4a53.png?v=1781380653,g,,,true,,,active
clestial-heart-blue-topaz-pendant-in-925-silver-by-svadezi,,,,,,,,,white-gold,,,,,,,,SCH/19106,2.37,shopify,30,continue,manual,2449.0,3536.0,true,true,,,,,,https://cdn.shopify.com/s/files/1/0651/8987/1813/files/32_e6282f06-ee7b-45c3-806f-d1cf0c064868.jpg?v=1740602040,2,,,,,,,,,,,,,,,,,,,,,,,,,,,,,,,,,,https://cdn.shopify.com/s/files/1/0651/8987/1813/files/04_1719f6db-2c4f-496a-b37c-40f18d0eae83.jpg?v=1781380187,g,,,,,,
clestial-heart-blue-topaz-pendant-in-925-silver-by-svadezi,,,,,,,,,,,,,,,,,,,,,,,,,,,,,,,,https://cdn.shopify.com/s/files/1/0651/8987/1813/files/89.jpg?v=1740602042,3,,,,,,,,,,,,,,,,,,,,,,,,,,,,,,,,,,,,,,,,,
clestial-heart-blue-topaz-pendant-in-925-silver-by-svadezi,,,,,,,,,,,,,,,,,,,,,,,,,,,,,,,,https://cdn.shopify.com/s/files/1/0651/8987/1813/files/rose_gold_blue_heart.png?v=1740602050,4,,,,,,,,,,,,,,,,,,,,,,,,,,,,,,,,,,,,,,,,,
clestial-heart-blue-topaz-pendant-in-925-silver-by-svadezi,,,,,,,,,,,,,,,,,,,,,,,,,,,,,,,,https://cdn.shopify.com/s/files/1/0651/8987/1813/files/hf_20260613_195555_0683de4d-532e-4750-b11b-4b89e43a4a53.png?v=1781380653,5,,,,,,,,,,,,,,,,,,,,,,,,,,,,,,,,,,,,,,,,,
clestial-heart-blue-topaz-pendant-in-925-silver-by-svadezi,,,,,,,,,,,,,,,,,,,,,,,,,,,,,,,,https://cdn.shopify.com/s/files/1/0651/8987/1813/files/hf_20260613_195948_25baaa02-9cfc-4286-9f3a-b977b844f21c.png?v=1781380875,6,,,,,,,,,,,,,,,,,,,,,,,,,,,,,,,,,,,,,,,,,
openable-heart-ring-in-925-silver-by-svadezi,Openable Heart (Adjustable) Ring in 925 Silver by SVADEZI,"<p>Discover the charm of our sterling silver heart openable ring. This unique piece features a beautifully crafted heart that opens to reveal a hidden compartment, combining elegance with a touch of mystery.</p>",SVADEZI,Apparel & Accessories > Jewelry > Rings,Ring,"svadezi, svadezi bracelete, svadezijewellery",false,Title,Default Title,,,,,,,,SLR92/27718,1.91,shopify,30,continue,manual,1749.0,2539.0,true,true,,,,,,https://cdn.shopify.com/s/files/1/0651/8987/1813/files/20_a488092e-ec8f-451d-9f6b-9f00365cc1ed.jpg?v=1740602051,1,,false,,,200,,,,,,,,,,,,,,,,,,,,,,,,,,,,,,g,,,true,,,active
openable-heart-ring-in-925-silver-by-svadezi,,,,,,,,,,,,,,,,,,,,,,,,,,,,,,,,https://cdn.shopify.com/s/files/1/0651/8987/1813/files/020.jpg?v=1740602054,2,,,,,,,,,,,,,,,,,,,,,,,,,,,,,,,,,,,,,,,,,
openable-heart-ring-in-925-silver-by-svadezi,,,,,,,,,,,,,,,,,,,,,,,,,,,,,,,,https://cdn.shopify.com/s/files/1/0651/8987/1813/files/187.jpg?v=1740602055,3,,,,,,,,,,,,,,,,,,,,,,,,,,,,,,,,,,,,,,,,,
premium-black-onyx-mop-earrings-in-925-silver-by-svaezi,Premium Black Onyx MOP Earrings in 925 Silver by SVAEZI,"<p>Add a touch of elegance with our black onyx diamante clover huggie hoop earrings in 92.5 silver. These stylish earrings feature a reversible design, offering the versatility of black onyx on one side and shimmering white stones on the other, making them perfect for any occasion.</p>",SVADEZI,Apparel & Accessories > Jewelry > Earrings,earrings,"svadezi, svadezijewellery",false,Title,Default Title,,,,,,,,STPS/20515,4.75,shopify,60,deny,manual,2749.0,3725.0,true,true,,,,,,https://cdn.shopify.com/s/files/1/0651/8987/1813/files/05_863ad595-37b3-456e-b3e5-fbccc689a430.jpg?v=1740602057,1,,false,,,194,,,,,,,,,,,,,,'0,,,,,,,,,,,,,,,,g,,,true,,,active
premium-black-onyx-mop-earrings-in-925-silver-by-svaezi,,,,,,,,,,,,,,,,,,,,,,,,,,,,,,,,https://cdn.shopify.com/s/files/1/0651/8987/1813/files/09_16d76366-6570-4c3b-8c9f-1661553ccb78.jpg?v=1740602060,2,,,,,,,,,,,,,,,,,,,,,,,,,,,,,,,,,,,,,,,,,
premium-black-onyx-mop-earrings-in-925-silver-by-svaezi,,,,,,,,,,,,,,,,,,,,,,,,,,,,,,,,https://cdn.shopify.com/s/files/1/0651/8987/1813/files/50.jpg?v=1740602061,3,,,,,,,,,,,,,,,,,,,,,,,,,,,,,,,,,,,,,,,,,
premium-black-onyx-mop-earrings-in-925-silver-by-svaezi,,,,,,,,,,,,,,,,,,,,,,,,,,,,,,,,https://cdn.shopify.com/s/files/1/0651/8987/1813/files/85.jpg?v=1740602065,4,,,,,,,,,,,,,,,,,,,,,,,,,,,,,,,,,,,,,,,,,
premium-black-onyx-mop-earrings-in-925-silver-by-svaezi,,,,,,,,,,,,,,,,,,,,,,,,,,,,,,,,https://cdn.shopify.com/s/files/1/0651/8987/1813/files/dfg.jpg?v=1740602068,5,,,,,,,,,,,,,,,,,,,,,,,,,,,,,,,,,,,,,,,,,
mother-of-pearl-in-black-pendant-in-925-silver-by-svadezi,Mother-of-Pearl in black pendant in 925 Silver by SVADEZI,"<p>Radiant Elegance: Embrace sophistication with our sterling silver Mother-of-Pearl chain, a luminous accessory that captivates with its iridescent charm. Elevate your style effortlessly.</p>",SVADEZI,Apparel & Accessories > Jewelry > Charms & Pendants,pendant,"svadezi, svadezijewellery",false,Title,Default Title,,,,,,,,SCH/19449,3.2,shopify,30,continue,manual,2549.0,3172.0,true,true,,,,,,https://cdn.shopify.com/s/files/1/0651/8987/1813/files/26_a8a7cc16-10e1-4405-8e0d-26f652fb10be.jpg?v=1740602070,1,,false,,,192,,,,,,,,,,,,,,'0,,,black,,silver,fine-jewelry,,,,,,,,,,g,,,true,,,active
mother-of-pearl-in-black-pendant-in-925-silver-by-svadezi,,,,,,,,,,,,,,,,,,,,,,,,,,,,,,,,https://cdn.shopify.com/s/files/1/0651/8987/1813/files/026.jpg?v=1740602074,2,,,,,,,,,,,,,,,,,,,,,,,,,,,,,,,,,,,,,,,,,
mother-of-pearl-in-black-pendant-in-925-silver-by-svadezi,,,,,,,,,,,,,,,,,,,,,,,,,,,,,,,,https://cdn.shopify.com/s/files/1/0651/8987/1813/files/37_c3545091-766d-4c83-a879-74d6955d56a1.jpg?v=1740602076,3,,,,,,,,,,,,,,,,,,,,,,,,,,,,,,,,,,,,,,,,,
hanging-lustrous-pearl-earrings-in-925-silver-by-svadezi,Hanging lustrous pearl earrings in 925 Silver by SVADEZI,"<p>These silver hanging earrings feature a classic and elegant design with a lustrous pearl delicately suspended from a sterling silver hook. These earrings are lightweight and comfortable to wear, making them ideal for both casual and formal occasions.</p>",SVADEZI,Apparel & Accessories > Jewelry > Earrings,earrings,"svadezi, svadezijewellery",false,Stone,Fresh Water Pearl,,,,,,,,STPS/17853,3.62,shopify,30,continue,manual,2349.0,2575.0,true,true,,,,,,https://cdn.shopify.com/s/files/1/0651/8987/1813/files/09_a3827765-001f-44c0-a487-495714470769.jpg?v=1740602078,1,,false,,,194,,,,,,,,,,,,,,'0,,,,,silver,fine-jewelry,,,,,,,,,https://cdn.shopify.com/s/files/1/0651/8987/1813/files/09_a3827765-001f-44c0-a487-495714470769.jpg?v=1740602078,g,,,true,,,active
hanging-lustrous-pearl-earrings-in-925-silver-by-svadezi,,,,,,,,,,,,,,,,,,,,,,,,,,,,,,,,https://cdn.shopify.com/s/files/1/0651/8987/1813/files/67_c4021639-1336-4f5e-b806-190d1c66b7d5.jpg?v=1740602082,2,,,,,,,,,,,,,,,,,,,,,,,,,,,,,,,,,,,,,,,,,
blue-topaz-statement-drop-earrings-in-925-silver-by-svadezi,Blue Topaz Statement Drop Earrings in 925 Silver by SVADEZI,"<p>Make a statement with our silver contemporary drop earrings, featuring a sleek design and fish hook earwire. These modern earrings blend elegance with a touch of sophistication, perfect for any occasion.</p>",SVADEZI,Apparel & Accessories > Jewelry > Earrings,earrings,"svadezi, svadezijewellery",false,Title,Default Title,,,,,,,,STPS/20349,2.09,shopify,30,deny,manual,2149.0,2640.0,true,true,,,,,,https://cdn.shopify.com/s/files/1/0651/8987/1813/files/08_4ebf6646-c007-42f5-81c8-a60347c5dcc1.jpg?v=1740602084,1,,false,,,194,,,,,,,,,,,,,,,,,blur-topaz,,silver,fine-jewelry,,,,,,,,,,g,,,true,,,active
blue-topaz-statement-drop-earrings-in-925-silver-by-svadezi,,,,,,,,,,,,,,,,,,,,,,,,,,,,,,,,https://cdn.shopify.com/s/files/1/0651/8987/1813/files/w_64.jpg?v=1740602087,2,,,,,,,,,,,,,,,,,,,,,,,,,,,,,,,,,,,,,,,,,
blue-topaz-statement-drop-earrings-in-925-silver-by-svadezi,,,,,,,,,,,,,,,,,,,,,,,,,,,,,,,,https://cdn.shopify.com/s/files/1/0651/8987/1813/files/225.jpg?v=1740602092,3,,,,,,,,,,,,,,,,,,,,,,,,,,,,,,,,,,,,,,,,,
blue-topaz-statement-drop-earrings-in-925-silver-by-svadezi,,,,,,,,,,,,,,,,,,,,,,,,,,,,,,,,https://cdn.shopify.com/s/files/1/0651/8987/1813/files/226.jpg?v=1740602094,4,,,,,,,,,,,,,,,,,,,,,,,,,,,,,,,,,,,,,,,,,
modern-sophisticated-pendant-set-in-925-silveer-by-svadezi,Modern sophisticated Pendant Set in 925 Silveer by SVADEZI,"<p><strong>Pendent with chain length = 23.5cm Earring = 1.5cm*1.0cm</strong></p>
<p>Elevate your style with this stunning sterling silver pendant set, featuring a beautiful design that's both modern and sophisticated. Shine bright with this sterling silver pendant set, showcasing a brilliant design that's perfect for dressing up or adding a touch of glamour to your everyday look.</p>",SVADEZI,Apparel & Accessories > Jewelry > Charms & Pendants,pendant,"svadezi, svadezijewellery",false,Variant,With Block Chain,,,,,,,,SPST/7354,4.3,shopify,30,continue,manual,2749.0,3049.0,true,true,,,,,,https://cdn.shopify.com/s/files/1/0651/8987/1813/files/13_0342b07f-7e0a-4b40-b1ac-6f1e29df8897.jpg?v=1740602095,1,,false,,,192,,,,,,,,,,,,,,,,,,,,,,,,,,,,,https://cdn.shopify.com/s/files/1/0651/8987/1813/files/13_0342b07f-7e0a-4b40-b1ac-6f1e29df8897.jpg?v=1740602095,g,,,true,,,active
modern-sophisticated-pendant-set-in-925-silveer-by-svadezi,,,,,,,,,,,,,,,,,,,,,,,,,,,,,,,,https://cdn.shopify.com/s/files/1/0651/8987/1813/files/w_8.jpg?v=1740602098,2,,,,,,,,,,,,,,,,,,,,,,,,,,,,,,,,,,,,,,,,,
modern-sophisticated-pendant-set-in-925-silveer-by-svadezi,,,,,,,,,,,,,,,,,,,,,,,,,,,,,,,,https://cdn.shopify.com/s/files/1/0651/8987/1813/files/60.jpg?v=1740602102,3,,,,,,,,,,,,,,,,,,,,,,,,,,,,,,,,,,,,,,,,,
modern-sophisticated-pendant-set-in-925-silveer-by-svadezi,,,,,,,,,,,,,,,,,,,,,,,,,,,,,,,,https://cdn.shopify.com/s/files/1/0651/8987/1813/files/61.jpg?v=1740602105,4,,,,,,,,,,,,,,,,,,,,,,,,,,,,,,,,,,,,,,,,,
spread-your-wings-enammel-ring-in-925-silver-iby-svadezi,Spread your Wings Enammel Ring in 925 Silver iby SVADEZI,"<p>Spread your wings with this stunning sterling silver butterfly ring, featuring delicate pink enamel wings that add a touch of femininity and whimsy to any outfit. Add a pop of color to your look with this adjustable butterfly ring, showcasing vibrant pink enamel and sleek sterling silver for a stylish and playful accessory.</p>",SVADEZI,Apparel & Accessories > Jewelry > Rings,Ring,"svadezi, svadezijewellery",false,Title,Default Title,,,,,,,,SLR92/27382,2.78,shopify,30,continue,manual,1949.0,2350.0,true,true,,,,,,https://cdn.shopify.com/s/files/1/0651/8987/1813/files/26_4811dc2a-2a3a-4560-bacc-3522b696eba5.jpg?v=1740602107,1,,false,,,200,,,,,,,,,,,,,,'0,,,,,,,,,,,,,,,,g,,,true,,,active
spread-your-wings-enammel-ring-in-925-silver-iby-svadezi,,,,,,,,,,,,,,,,,,,,,,,,,,,,,,,,https://cdn.shopify.com/s/files/1/0651/8987/1813/files/02_055fa372-cf35-498b-9f36-843282991e7f.jpg?v=1740602110,2,,,,,,,,,,,,,,,,,,,,,,,,,,,,,,,,,,,,,,,,,
spread-your-wings-enammel-ring-in-925-silver-iby-svadezi,,,,,,,,,,,,,,,,,,,,,,,,,,,,,,,,https://cdn.shopify.com/s/files/1/0651/8987/1813/files/153.jpg?v=1740602112,3,,,,,,,,,,,,,,,,,,,,,,,,,,,,,,,,,,,,,,,,,
hanging-lustrous-pearl-drop-earring-in-925-silver-by-svadezi,Hanging lustrous pearl drop earring in 925 Silver by SVADEZI,"<p>Radiate sophistication with our hanging earrings adorned with a lustrous pearl drop. These exquisite earrings marry classic elegance with contemporary flair, making them ideal for any occasion. Their refined design adds a touch of sophistication to both casual and formal ensembles.</p>",SVADEZI,Apparel & Accessories > Jewelry > Earrings,earrings,"svadezi, svadezijewellery",false,Stone,Fresh Water Pearl,,,,,,,,STPS/20810,8.76,shopify,30,continue,manual,3149.0,4913.0,true,true,,,,,,https://cdn.shopify.com/s/files/1/0651/8987/1813/files/05_62407d81-b7d5-497a-bbb1-4a692cefe279.jpg?v=1740602115,1,,false,,,194,,,,,,,,,,,,,,'0,,,,,,,,,,,,,,,https://cdn.shopify.com/s/files/1/0651/8987/1813/files/05_62407d81-b7d5-497a-bbb1-4a692cefe279.jpg?v=1740602115,g,,,true,,,active
hanging-lustrous-pearl-drop-earring-in-925-silver-by-svadezi,,,,,,,,,,,,,,,,,,,,,,,,,,,,,,,,https://cdn.shopify.com/s/files/1/0651/8987/1813/files/40.jpg?v=1740602116,2,,,,,,,,,,,,,,,,,,,,,,,,,,,,,,,,,,,,,,,,,
hanging-lustrous-pearl-drop-earring-in-925-silver-by-svadezi,,,,,,,,,,,,,,,,,,,,,,,,,,,,,,,,https://cdn.shopify.com/s/files/1/0651/8987/1813/files/218_389bfc27-2e84-4b3f-91f1-7d18c7786b2b.jpg?v=1740602119,3,,,,,,,,,,,,,,,,,,,,,,,,,,,,,,,,,,,,,,,,,
fresh-water-paerl-drop-earrings-in-925-silver-by-svadezi,Fresh Water Paerl Drop Earrings in 925 Silver by SVADEZI,"<p>Enhance your elegance with our sterling silver earrings featuring a delicate pearl drop. These timeless earrings blend classic sophistication with modern charm, making them a perfect accessory for any occasion.</p>",SVADEZI,Apparel & Accessories > Jewelry > Earrings,earrings,"svadezi, svadezijewellery",false,Title,Default Title,,,,,,,,STPS/21176,3.34,shopify,30,continue,manual,2549.0,3486.0,true,true,,,,,,https://cdn.shopify.com/s/files/1/0651/8987/1813/files/15_6b9f7040-5198-4ab5-a584-7fe1ba414ac3.jpg?v=1740602120,1,,false,,,194,,,,,,,,,,,,,,'0,,,,,,,,,,,,,,,,g,,,true,,,active
fresh-water-paerl-drop-earrings-in-925-silver-by-svadezi,,,,,,,,,,,,,,,,,,,,,,,,,,,,,,,,https://cdn.shopify.com/s/files/1/0651/8987/1813/files/07_98e8e640-8e0d-4d1f-b9c6-e83ed3908101.jpg?v=1740602123,2,,,,,,,,,,,,,,,,,,,,,,,,,,,,,,,,,,,,,,,,,
fresh-water-paerl-drop-earrings-in-925-silver-by-svadezi,,,,,,,,,,,,,,,,,,,,,,,,,,,,,,,,https://cdn.shopify.com/s/files/1/0651/8987/1813/files/30_76041546-a6f7-4bd0-a8ab-a2d1210786aa.jpg?v=1740602125,3,,,,,,,,,,,,,,,,,,,,,,,,,,,,,,,,,,,,,,,,,
infinity-adjustable-bracelet-in-925-silver-by-svadezi,Infinity Adjustable Bracelet in 925 Silver by SVADEZI,"<p>Celebrate timeless elegance with our sterling silver infinity adjustable bracelet. This sleek and modern piece features a beautifully crafted infinity symbol, representing eternal love and connection.</p>",SVADEZI,Apparel & Accessories > Jewelry > Bracelets,bracelet,"svadezi bracelete, svadezijewellery",false,Title,Default Title,,,,,,,,SBRL/13701,3.69,shopify,30,continue,manual,2549.0,3550.0,true,true,,,,,,https://cdn.shopify.com/s/files/1/0651/8987/1813/files/41_a6cb2110-1930-4190-b5a3-754afaf67159.jpg?v=1740602126,1,,false,,,191,,,,,,,,,,,,,,'0,,,,,,,,,,,,,,,,g,,,true,,,active
infinity-adjustable-bracelet-in-925-silver-by-svadezi,,,,,,,,,,,,,,,,,,,,,,,,,,,,,,,,https://cdn.shopify.com/s/files/1/0651/8987/1813/files/48_78340b7f-0d4c-4f56-b674-402155c5dcd5.jpg?v=1740602129,2,,,,,,,,,,,,,,,,,,,,,,,,,,,,,,,,,,,,,,,,,
infinity-adjustable-bracelet-in-925-silver-by-svadezi,,,,,,,,,,,,,,,,,,,,,,,,,,,,,,,,https://cdn.shopify.com/s/files/1/0651/8987/1813/files/250_1.jpg?v=1740602130,3,,,,,,,,,,,,,,,,,,,,,,,,,,,,,,,,,,,,,,,,,
white-enamel-flower-ring-in-925-silver-by-svadezi,White Enamel Flower Ring in 925 Silver by SVADEZI,<p>A sterling silver detachable ring with a white enamel flower design would be a unique and versatile piece of jewelry. This design element brings a sense of beauty and nature-inspired charm to the piece.</p>,SVADEZI,Apparel & Accessories > Jewelry > Rings,Ring,"svadezi, svadezijewellery",false,Title,Default Title,,,,,,,,SLR32/24174,3.14,shopify,30,continue,manual,1949.0,2325.0,true,true,,,,,,https://cdn.shopify.com/s/files/1/0651/8987/1813/files/01_19a847d5-1cca-49d8-aec4-a70d38068ce5.jpg?v=1740602133,1,,false,,,200,,,,,,,,,,,,,,,,,,,,,,,,,,,,,,g,,,true,,,active
white-enamel-flower-ring-in-925-silver-by-svadezi,,,,,,,,,,,,,,,,,,,,,,,,,,,,,,,,https://cdn.shopify.com/s/files/1/0651/8987/1813/files/4.jpg?v=1740602135,2,,,,,,,,,,,,,,,,,,,,,,,,,,,,,,,,,,,,,,,,,
hearty-pendant-set-in-925-silver-by-svadezi,Hearty Pendant Set in 925 Silver by SVADEZI,"<p><span>Enhance your elegance with our heart-shaped pendant set in rose gold. This stunning set features a beautifully designed heart pendant, symbolizing love and affection, paired with matching earrings. The warm hue of rose gold adds a touch of romance and sophistication, making it perfect for both everyday wear and special occasions.</span></p>
<!---->",SVADEZI,Apparel & Accessories > Jewelry > Charms & Pendants,pendant,"svadezi, svadezijewellery",false,Color,white-gold,product.metafields.shopify.color-pattern,,,,,,,SPST/7431,3.77,shopify,30,continue,manual,2749.0,3320.0,true,true,,,,,,https://cdn.shopify.com/s/files/1/0651/8987/1813/files/12_a9a547b0-4337-4b5a-aa27-88a416b7c5e7.jpg?v=1740602136,1,,false,,,192,,,,,,,,,,,,,,'0,,,white-gold; rose-gold,,silver,fine-jewelry,,,,,,,,,https://cdn.shopify.com/s/files/1/0651/8987/1813/files/w_9.jpg?v=1740602147,g,,,true,,,active
hearty-pendant-set-in-925-silver-by-svadezi,,,,,,,,,rose-gold,,,,,,,,SPST/7432,3.77,shopify,30,continue,manual,2749.0,3320.0,true,true,,,,,,https://cdn.shopify.com/s/files/1/0651/8987/1813/files/21_6d5ad81f-ccf3-463a-aa4e-ebd44042a6ca.jpg?v=1740602141,2,,,,,,,,,,,,,,,,,,,,,,,,,,,,,,,,,,https://cdn.shopify.com/s/files/1/0651/8987/1813/files/7000_f9a7fbc8-9cb4-44b1-84a0-4d953acae7ef.jpg?v=1740602150,g,,,,,,
hearty-pendant-set-in-925-silver-by-svadezi,,,,,,,,,,,,,,,,,,,,,,,,,,,,,,,,https://cdn.shopify.com/s/files/1/0651/8987/1813/files/24_5919516c-70a4-42dd-9719-e258885f3748.jpg?v=1740602144,3,,,,,,,,,,,,,,,,,,,,,,,,,,,,,,,,,,,,,,,,,
hearty-pendant-set-in-925-silver-by-svadezi,,,,,,,,,,,,,,,,,,,,,,,,,,,,,,,,https://cdn.shopify.com/s/files/1/0651/8987/1813/files/w_9.jpg?v=1740602147,4,,,,,,,,,,,,,,,,,,,,,,,,,,,,,,,,,,,,,,,,,
hearty-pendant-set-in-925-silver-by-svadezi,,,,,,,,,,,,,,,,,,,,,,,,,,,,,,,,https://cdn.shopify.com/s/files/1/0651/8987/1813/files/7000_f9a7fbc8-9cb4-44b1-84a0-4d953acae7ef.jpg?v=1740602150,5,,,,,,,,,,,,,,,,,,,,,,,,,,,,,,,,,,,,,,,,,
hearty-pendant-set-in-925-silver-by-svadezi,,,,,,,,,,,,,,,,,,,,,,,,,,,,,,,,https://cdn.shopify.com/s/files/1/0651/8987/1813/files/8000_ef243fab-a88a-4241-b710-5c06f171f053.jpg?v=1740602151,6,,,,,,,,,,,,,,,,,,,,,,,,,,,,,,,,,,,,,,,,,
hearty-pendant-set-in-925-silver-by-svadezi,,,,,,,,,,,,,,,,,,,,,,,,,,,,,,,,https://cdn.shopify.com/s/files/1/0651/8987/1813/files/022_5239c9f6-7c19-45da-aa0d-7d240a30928a.jpg?v=1740602154,7,,,,,,,,,,,,,,,,,,,,,,,,,,,,,,,,,,,,,,,,,
hearty-pendant-set-in-925-silver-by-svadezi,,,,,,,,,,,,,,,,,,,,,,,,,,,,,,,,https://cdn.shopify.com/s/files/1/0651/8987/1813/files/80_4bcd0b33-d870-4587-a287-bb1a4c5f5d80.jpg?v=1740602158,8,,,,,,,,,,,,,,,,,,,,,,,,,,,,,,,,,,,,,,,,,
exclusive-silver-chain-ring-quartz-drop-in-925-silver-by-svadezi,Exclusive Silver Chain Ring Quartz Drop in 925 Silver by SVADEZI,"<p>This stunning piece features a sterling silver chain ring with a drop-shaped white stone at its center, adding a touch of whimsy and sophistication to any outfit.</p>",SVADEZI,Apparel & Accessories > Jewelry > Rings,Ring,"svadezi, svadezijewellery",false,Title,Default Title,,,,,,,,SLR92/26816,0.6,shopify,30,continue,manual,1749.0,2428.0,true,true,,,,,,https://cdn.shopify.com/s/files/1/0651/8987/1813/files/35_9a85d804-253c-4aa3-bf5c-154971c7231a.jpg?v=1740602159,1,,false,,,200,,,,,,,,,,,,,,'0,,,,,,,,,,,,,,,,g,,,true,,,active
exclusive-silver-chain-ring-quartz-drop-in-925-silver-by-svadezi,,,,,,,,,,,,,,,,,,,,,,,,,,,,,,,,https://cdn.shopify.com/s/files/1/0651/8987/1813/files/43_8cea258b-09e7-4370-8402-3ff3c5173178.jpg?v=1740602161,2,,,,,,,,,,,,,,,,,,,,,,,,,,,,,,,,,,,,,,,,,
exclusive-silver-chain-ring-quartz-drop-in-925-silver-by-svadezi,,,,,,,,,,,,,,,,,,,,,,,,,,,,,,,,https://cdn.shopify.com/s/files/1/0651/8987/1813/files/200.jpg?v=1740602162,3,,,,,,,,,,,,,,,,,,,,,,,,,,,,,,,,,,,,,,,,,
exclusive-drop-chain-ring-in-925-silver-by-svadezi,Exclusive Drop Chain Ring in 925 Silver by SVADEZI,"<p>This stunning piece features a sterling silver chain ring with a drop-shaped purple stone at its center, adding a touch of whimsy and sophistication to any outfit.</p>",SVADEZI,Apparel & Accessories > Jewelry > Rings,Ring,"svadezi, svadezijewellery",false,Title,Default Title,,,,,,,,SLR92/26890,0.61,shopify,30,continue,manual,1749.0,2424.0,true,true,,,,,,https://cdn.shopify.com/s/files/1/0651/8987/1813/files/34_3a1cf593-3771-4d12-b7f1-d2e9977edeca.jpg?v=1740602164,1,,false,,,200,,,,,,,,,,,,,,'0,,,,,,,,,,,,,,,,g,,,true,,,active
exclusive-drop-chain-ring-in-925-silver-by-svadezi,,,,,,,,,,,,,,,,,,,,,,,,,,,,,,,,https://cdn.shopify.com/s/files/1/0651/8987/1813/files/42_7946a6ed-5fd3-4807-942f-7c5d011bac59.jpg?v=1740602166,2,,,,,,,,,,,,,,,,,,,,,,,,,,,,,,,,,,,,,,,,,
simple-yet-sophisticated-adjustable-chain-in-925-silver-by-svadezi,Simple Yet Sophisticated Adjustable Chain in 925 Silver by SVADEZI,"<p><strong>Length: 30cm(Adjustable)</strong></p>
<p>Elevate your style with this adjustable sterling silver chain, featuring a durable and versatile design that's perfect for dressing up or down. Simple yet sophisticated, this sterling silver adjustable chain is a wardrobe essential that's perfect for layering or showcasing a statement pendant</p>",SVADEZI,Apparel & Accessories > Jewelry > Charms & Pendants,necklace,"svadezi, svadezijewellery",false,Title,Default Title,,,,,,,,SCH/19332,3.59,shopify,30,continue,manual,2449.0,3317.0,true,true,,,,,,https://cdn.shopify.com/s/files/1/0651/8987/1813/files/IMG_8932.jpg?v=1740602168,1,,false,,,192,,,,,,,,,,,,,,,,,,,,,,,,,,,,,,g,,,true,,,active
simple-yet-sophisticated-adjustable-chain-in-925-silver-by-svadezi,,,,,,,,,,,,,,,,,,,,,,,,,,,,,,,,https://cdn.shopify.com/s/files/1/0651/8987/1813/files/IMG_5968.jpg?v=1740602169,2,,,,,,,,,,,,,,,,,,,,,,,,,,,,,,,,,,,,,,,,,
simple-yet-sophisticated-adjustable-chain-in-925-silver-by-svadezi,,,,,,,,,,,,,,,,,,,,,,,,,,,,,,,,https://cdn.shopify.com/s/files/1/0651/8987/1813/files/IMG_8907.jpg?v=1740602171,3,,,,,,,,,,,,,,,,,,,,,,,,,,,,,,,,,,,,,,,,,
pink-stones-in-a-delicate-flower-pendant-in-925-silver-by-svadezi,Pink Stones in a Delicate Flower Pendant in 925 Silver by SVADEZI,"<p>Enhance your elegance with our sterling silver chain, featuring a circular pendant adorned with pink stones arranged in a delicate flower shape. This charming piece adds a touch of floral beauty and sophistication to any outfit, making it perfect for both everyday wear and special occasions.</p>",SVADEZI,Apparel & Accessories > Jewelry > Charms & Pendants,pendant,"svadezi, svadezijewellery",false,Title,Default Title,,,,,,,,SCH/17720,3.22,shopify,30,continue,manual,2449.0,3177.0,true,true,,,,,,https://cdn.shopify.com/s/files/1/0651/8987/1813/files/28_4d5f304d-feb8-4d40-9178-74aae56e6e14.jpg?v=1740602173,1,,false,,,192,,,,,,,,,,,,,,,,,,,,,,,,,,,,,,g,,,true,,,active
pink-stones-in-a-delicate-flower-pendant-in-925-silver-by-svadezi,,,,,,,,,,,,,,,,,,,,,,,,,,,,,,,,https://cdn.shopify.com/s/files/1/0651/8987/1813/files/73.jpg?v=1740602175,2,,,,,,,,,,,,,,,,,,,,,,,,,,,,,,,,,,,,,,,,,
pink-stones-in-a-delicate-flower-pendant-in-925-silver-by-svadezi,,,,,,,,,,,,,,,,,,,,,,,,,,,,,,,,https://cdn.shopify.com/s/files/1/0651/8987/1813/files/w_40.jpg?v=1740602178,3,,,,,,,,,,,,,,,,,,,,,,,,,,,,,,,,,,,,,,,,,
infinity-heart-chain-bracelet-in-925-silver-by-svadezi,Infinity Heart Chain Bracelet in 925 Silver by SVADEZI,"<p>Celebrate timeless elegance with our sterling silver infinity and heart chain bracelet. This exquisite piece features a delicate infinity symbol seamlessly joined with a heart, symbolizing eternal love and connection. Perfect for adding a touch of sophistication to any outfit.</p>",SVADEZI,Apparel & Accessories > Jewelry > Bracelets,bracelet,"svadezi, svadezijewellery",false,Title,Default Title,,,,,,,,SBRL/13134,1.44,shopify,30,continue,manual,2349.0,3206.0,true,true,,,,,,https://cdn.shopify.com/s/files/1/0651/8987/1813/files/27_51e83a82-3962-477f-8624-c353705d202c.jpg?v=1740602180,1,,false,,,191,,,,,,,,,,,,,,'0,,,,,,,,,,,,,,,,g,,,true,,,active
infinity-heart-chain-bracelet-in-925-silver-by-svadezi,,,,,,,,,,,,,,,,,,,,,,,,,,,,,,,,https://cdn.shopify.com/s/files/1/0651/8987/1813/files/70.jpg?v=1740602185,2,,,,,,,,,,,,,,,,,,,,,,,,,,,,,,,,,,,,,,,,,
infinity-heart-chain-bracelet-in-925-silver-by-svadezi,,,,,,,,,,,,,,,,,,,,,,,,,,,,,,,,https://cdn.shopify.com/s/files/1/0651/8987/1813/files/w_48.jpg?v=1740602188,3,,,,,,,,,,,,,,,,,,,,,,,,,,,,,,,,,,,,,,,,,
rose-quartz-chain-ring-in-925-silver-by-svadezi,Rose Quartz Chain Ring in 925 Silver by SVADEZI,"<p><strong>( Adjustable )</strong></p>
<p>This lovely piece features a sterling silver chain ring that can be adjusted to fit any finger size. The ring has a round pink stone at its center, adding a touch of elegance and sophistication.</p>",SVADEZI,Apparel & Accessories > Jewelry > Rings,Ring,"svadezi, svadezijewellery",false,Title,Default Title,,,,,,,,SLR92/27834,1.21,shopify,0,continue,manual,1749.0,2399.0,true,true,,,,,,https://cdn.shopify.com/s/files/1/0651/8987/1813/files/37_9f2bd52b-cbbc-4d09-a134-5bed0827f2d4.jpg?v=1740602189,1,,false,,,200,,,,,,,,,,,,,,'0,,,,,,,,,,,,,,,,g,,,true,,,active
rose-quartz-chain-ring-in-925-silver-by-svadezi,,,,,,,,,,,,,,,,,,,,,,,,,,,,,,,,https://cdn.shopify.com/s/files/1/0651/8987/1813/files/39_7088e058-59c6-4c68-8f76-343f36793dbf.jpg?v=1740602192,2,,,,,,,,,,,,,,,,,,,,,,,,,,,,,,,,,,,,,,,,,
rose-quartz-chain-ring-in-925-silver-by-svadezi,,,,,,,,,,,,,,,,,,,,,,,,,,,,,,,,https://cdn.shopify.com/s/files/1/0651/8987/1813/files/213.jpg?v=1740602193,3,,,,,,,,,,,,,,,,,,,,,,,,,,,,,,,,,,,,,,,,,
hearty-pendant-bracelet-in-925-silver-in-svadezi,Hearty Pendant Bracelet in 925 Silver in SVADEZI,"<p>Add a touch of charm with our sterling silver chain bracelet, featuring a small heart pendant hanging at the center. Perfect for any occasion, this piece symbolizes love and elegance.</p>",SVADEZI,Apparel & Accessories > Jewelry > Rings,bracelet,"svadezi, svadezijewellery",false,Title,Default Title,,,,,,,,SBRL/12906,1.57,shopify,30,continue,manual,1749.0,2425.0,true,true,,,,,,https://cdn.shopify.com/s/files/1/0651/8987/1813/files/187_1.jpg?v=1740602196,1,,false,,,200,,,,,,,,,,,,,,'0,,,,,,,,,,,,,,,,g,,,true,,,active
hearty-pendant-bracelet-in-925-silver-in-svadezi,,,,,,,,,,,,,,,,,,,,,,,,,,,,,,,,https://cdn.shopify.com/s/files/1/0651/8987/1813/files/199_e9f3ee0d-610f-4955-8ad3-32f7a6cadbbd.jpg?v=1740602200,2,,,,,,,,,,,,,,,,,,,,,,,,,,,,,,,,,,,,,,,,,
hearty-pendant-bracelet-in-925-silver-in-svadezi,,,,,,,,,,,,,,,,,,,,,,,,,,,,,,,,https://cdn.shopify.com/s/files/1/0651/8987/1813/files/67.jpg?v=1740602201,3,,,,,,,,,,,,,,,,,,,,,,,,,,,,,,,,,,,,,,,,,
premium-bali-earrings-in-925-silver-by-svadezi,Premium Bali Earrings in 925 Silver by SVADEZI,"<p>Experience the elegance of our White Gold and Rose gold Bali earrings. These exquisite pieces combine traditional craftsmanship with a modern twist, making them a versatile and stylish addition to any jewelry collection. Perfect for both everyday wear and special occasions.</p>",SVADEZI,Apparel & Accessories > Jewelry > Earrings,earrings,"svadezi, svadezijewellery",false,Color,rose-gold,product.metafields.shopify.color-pattern,,,,,,,STPS/20906,9.24,,30,deny,manual,3249.0,5225.0,true,true,,,,,,https://cdn.shopify.com/s/files/1/0651/8987/1813/files/241_c0454f61-c53f-4bbd-8261-95ef89baf855.jpg?v=1740602203,1,,false,,,194,,,,,,,,,,,,,,'0,,,rose-gold; white-gold,,,,,,,,,,,,https://cdn.shopify.com/s/files/1/0651/8987/1813/files/241_c0454f61-c53f-4bbd-8261-95ef89baf855.jpg?v=1740602203,g,,,true,,,active
premium-bali-earrings-in-925-silver-by-svadezi,,,,,,,,,white-gold,,,,,,,,STPS/20907,9.24,shopify,30,continue,manual,3749.0,5225.0,true,true,,,,,,https://cdn.shopify.com/s/files/1/0651/8987/1813/files/247_0f69cefc-c6cb-4c08-8141-b4960f2d0b6d.jpg?v=1740602206,2,,,,,,,,,,,,,,,,,,,,,,,,,,,,,,,,,,https://cdn.shopify.com/s/files/1/0651/8987/1813/files/237_d2e877b7-85a6-4eb8-bd9f-3b7b18f54d9e.jpg?v=1740602212,g,,,,,,
premium-bali-earrings-in-925-silver-by-svadezi,,,,,,,,,,,,,,,,,,,,,,,,,,,,,,,,https://cdn.shopify.com/s/files/1/0651/8987/1813/files/69_38954a61-7425-40b7-aba0-455d004461e4.jpg?v=1740602208,3,,,,,,,,,,,,,,,,,,,,,,,,,,,,,,,,,,,,,,,,,
premium-bali-earrings-in-925-silver-by-svadezi,,,,,,,,,,,,,,,,,,,,,,,,,,,,,,,,https://cdn.shopify.com/s/files/1/0651/8987/1813/files/IMG_20240710_200948.jpg?v=1740602209,4,,,,,,,,,,,,,,,,,,,,,,,,,,,,,,,,,,,,,,,,,
premium-bali-earrings-in-925-silver-by-svadezi,,,,,,,,,,,,,,,,,,,,,,,,,,,,,,,,https://cdn.shopify.com/s/files/1/0651/8987/1813/files/237_d2e877b7-85a6-4eb8-bd9f-3b7b18f54d9e.jpg?v=1740602212,5,,,,,,,,,,,,,,,,,,,,,,,,,,,,,,,,,,,,,,,,,
premium-bali-earrings-in-925-silver-by-svadezi,,,,,,,,,,,,,,,,,,,,,,,,,,,,,,,,https://cdn.shopify.com/s/files/1/0651/8987/1813/files/246.jpg?v=1740602216,6,,,,,,,,,,,,,,,,,,,,,,,,,,,,,,,,,,,,,,,,,
drop-shaped-solitaire-ring-in-925-silver-by-svadezi,drop-shaped solitaire ring in 925 Silver by SVADEZI,"<p>Elegance has a new name with this White gold and rose gold ring, showcasing a drop-shaped design and a solitaire stone that's as sweet as a rose</p>",SVADEZI,Apparel & Accessories > Jewelry > Rings,Ring,"svadezi, svadezijewellery",false,Ring size,12,product.metafields.shopify.ring-size,Color,rose-gold,product.metafields.shopify.color-pattern,Jewelry type,fine-jewelry,product.metafields.shopify.jewelry-type,SLR32/27477,2.4,,30,deny,manual,2349.0,2530.0,true,true,,,,,,https://cdn.shopify.com/s/files/1/0651/8987/1813/files/21_9e0f5b28-dc82-485a-a43e-500b7cf56cc5.jpg?v=1740602217,1,,false,,,200,,,,,,,,,,,,,,'0,,,rose-gold; white-gold,,,fine-jewelry,,,12; 14; 16,,,,,,https://cdn.shopify.com/s/files/1/0651/8987/1813/files/23.jpg?v=1740602226,g,,,true,,,active
drop-shaped-solitaire-ring-in-925-silver-by-svadezi,,,,,,,,,12,,,white-gold,,,fine-jewelry,,SLR32/27478,2.4,,30,deny,manual,2349.0,2530.0,true,true,,,,,,https://cdn.shopify.com/s/files/1/0651/8987/1813/files/18_d4df16c3-fda6-4fa0-bc5b-03dbd431ebcd.jpg?v=1740602220,2,,,,,,,,,,,,,,,,,,,,,,,,,,,,,,,,,,https://cdn.shopify.com/s/files/1/0651/8987/1813/files/23.jpg?v=1740602226,g,,,,,,
drop-shaped-solitaire-ring-in-925-silver-by-svadezi,,,,,,,,,14,,,rose-gold,,,fine-jewelry,,SLR32/27479,2.4,,30,deny,manual,2349.0,2530.0,true,true,,,,,,https://cdn.shopify.com/s/files/1/0651/8987/1813/files/222.jpg?v=1740602222,3,,,,,,,,,,,,,,,,,,,,,,,,,,,,,,,,,,https://cdn.shopify.com/s/files/1/0651/8987/1813/files/21_9e0f5b28-dc82-485a-a43e-500b7cf56cc5.jpg?v=1740602217,g,,,,,,
drop-shaped-solitaire-ring-in-925-silver-by-svadezi,,,,,,,,,14,,,white-gold,,,fine-jewelry,,SLR32/27480,2.4,,30,deny,manual,2349.0,2530.0,true,true,,,,,,https://cdn.shopify.com/s/files/1/0651/8987/1813/files/17_e00a6480-3959-40b7-b83a-cb2d1785c302.jpg?v=1740602225,4,,,,,,,,,,,,,,,,,,,,,,,,,,,,,,,,,,https://cdn.shopify.com/s/files/1/0651/8987/1813/files/21_9e0f5b28-dc82-485a-a43e-500b7cf56cc5.jpg?v=1740602217,g,,,,,,
drop-shaped-solitaire-ring-in-925-silver-by-svadezi,,,,,,,,,16,,,rose-gold,,,fine-jewelry,,SLR32/27481,2.4,,30,deny,manual,2349.0,2530.0,true,true,,,,,,https://cdn.shopify.com/s/files/1/0651/8987/1813/files/23.jpg?v=1740602226,5,,,,,,,,,,,,,,,,,,,,,,,,,,,,,,,,,,https://cdn.shopify.com/s/files/1/0651/8987/1813/files/23.jpg?v=1740602226,g,,,,,,
drop-shaped-solitaire-ring-in-925-silver-by-svadezi,,,,,,,,,16,,,white-gold,,,fine-jewelry,,SLR32/27482,2.4,shopify,30,continue,manual,2349.0,2530.0,true,true,,,,,,https://cdn.shopify.com/s/files/1/0651/8987/1813/files/IMG_20240710_200145.jpg?v=1740602228,6,,,,,,,,,,,,,,,,,,,,,,,,,,,,,,,,,,https://cdn.shopify.com/s/files/1/0651/8987/1813/files/23.jpg?v=1740602226,g,,,,,,
u-shape-earring-with-fresh-water-pearl-in-925-silver-by-svadezi,U-shape earring with Fresh Water pearl in 925 Silver by SVADEZI,<p>A sterling silver U-shape earring with a pearl is a chic and versatile accessory that can add a touch of sophistication to any outfit. The combination of sterling silver and pearl creates a timeless and elegant look that can easily transition from day to night.</p>,SVADEZI,Apparel & Accessories > Jewelry > Earrings,earrings,"svadezi, svadezijewellery",false,Stone,fresh-water-pearl,product.metafields.shopify.earring-design,,,,,,,STPS/20543,1.69,shopify,30,deny,manual,1749.0,2200.0,true,true,,,,,,https://cdn.shopify.com/s/files/1/0651/8987/1813/files/16_504922e9-00aa-4a43-8b92-a75b41a058e7.jpg?v=1740602229,1,,false,,,194,,,,,,,,,,,,,,'0,,,,fresh-water-pearl,,,,,,,,,,,https://cdn.shopify.com/s/files/1/0651/8987/1813/files/05_7e263faa-a8bb-49f8-954b-b9f5ba46801d.jpg?v=1740602232,g,,,true,,,active
u-shape-earring-with-fresh-water-pearl-in-925-silver-by-svadezi,,,,,,,,,,,,,,,,,,,,,,,,,,,,,,,,https://cdn.shopify.com/s/files/1/0651/8987/1813/files/05_7e263faa-a8bb-49f8-954b-b9f5ba46801d.jpg?v=1740602232,2,,,,,,,,,,,,,,,,,,,,,,,,,,,,,,,,,,,,,,,,,
u-shape-earring-with-fresh-water-pearl-in-925-silver-by-svadezi,,,,,,,,,,,,,,,,,,,,,,,,,,,,,,,,https://cdn.shopify.com/s/files/1/0651/8987/1813/files/20_e805acf3-5ca8-4e1f-b8cf-b94372dbd17a.jpg?v=1740602233,3,,,,,,,,,,,,,,,,,,,,,,,,,,,,,,,,,,,,,,,,,
ring-that-defies-convention-in-925-silver-by-svadezi,Ring that defies convention in 925 Silver by SVADEZI,"<p><strong>Size Available - 18, 20, 22, 24</strong></p>
<p>Unveiling a ring that defies convention, a symphony of uniqueness in its shape. Embrace the extraordinary with this exceptional design.</p>",SVADEZI,Apparel & Accessories > Jewelry > Rings,Ring,"svadezi, svadezijewellery",false,Ring size,18,product.metafields.shopify.ring-size,,,,,,,SLR92/18212,8.15,shopify,60,deny,manual,3449.0,5338.0,true,true,,,,,,https://cdn.shopify.com/s/files/1/0651/8987/1813/files/05_926768be-d361-4e2b-95eb-53cf8b8c6aef.jpg?v=1740602234,1,,false,,,200,,,,,,,,,,,,,,'0,,,,,rose-gold,,,,18; 20; 22; 24,,,,,,https://cdn.shopify.com/s/files/1/0651/8987/1813/files/05_926768be-d361-4e2b-95eb-53cf8b8c6aef.jpg?v=1740602234,g,,,true,,,active
ring-that-defies-convention-in-925-silver-by-svadezi,,,,,,,,,20,,,,,,,,SLR92/18213,8.15,shopify,30,deny,manual,3449.0,5338.0,true,true,,,,,,https://cdn.shopify.com/s/files/1/0651/8987/1813/files/02_c14531ae-18f8-45b3-9c1c-2bb57ea52f46.jpg?v=1740602238,2,,,,,,,,,,,,,,,,,,,,,,,,,,,,,,,,,,https://cdn.shopify.com/s/files/1/0651/8987/1813/files/05_926768be-d361-4e2b-95eb-53cf8b8c6aef.jpg?v=1740602234,g,,,,,,
ring-that-defies-convention-in-925-silver-by-svadezi,,,,,,,,,22,,,,,,,,SLR92/18214,8.15,shopify,30,deny,manual,3449.0,5338.0,true,true,,,,,,https://cdn.shopify.com/s/files/1/0651/8987/1813/files/202.jpg?v=1740602242,3,,,,,,,,,,,,,,,,,,,,,,,,,,,,,,,,,,https://cdn.shopify.com/s/files/1/0651/8987/1813/files/05_926768be-d361-4e2b-95eb-53cf8b8c6aef.jpg?v=1740602234,g,,,,,,
ring-that-defies-convention-in-925-silver-by-svadezi,,,,,,,,,24,,,,,,,,SLR92/18215,8.15,shopify,30,deny,manual,3449.0,5338.0,true,true,,,,,,,,,,,,,,,,,,,,,,,,,,,,,,,,,,,,,,,,,https://cdn.shopify.com/s/files/1/0651/8987/1813/files/05_926768be-d361-4e2b-95eb-53cf8b8c6aef.jpg?v=1740602234,g,,,,,,
queens-timeless-undeniable-charm-earrings-in-925-silver-by-svadezi,Queens timeless undeniable charm Earrings in 925 Silver by SVADEZI,"<p>These silver earrings with stones are a must-have addition to any jewelry collection, promising to enchant and delight with their timeless beauty and undeniable charm. The design balances simplicity with sophistication, making these earrings versatile enough for both casual and formal occasions.</p>",SVADEZI,Apparel & Accessories > Jewelry > Earrings,earrings,"svadezi, svadezijewellery",false,Title,Default Title,,,,,,,,STPS/17722,3.61,shopify,30,continue,manual,2649.0,3749.0,true,true,,,,,,https://cdn.shopify.com/s/files/1/0651/8987/1813/files/05_b9fd2263-a1ec-4d31-a41d-7973bcc5d5ee.jpg?v=1740602245,1,,false,,,194,,,,,,,,,,,,,,,,,,,,,,,,,,,,,,g,,,true,,,active
queens-timeless-undeniable-charm-earrings-in-925-silver-by-svadezi,,,,,,,,,,,,,,,,,,,,,,,,,,,,,,,,https://cdn.shopify.com/s/files/1/0651/8987/1813/files/36_804ca702-9ef7-4bad-8883-d5598ad03c33.jpg?v=1740602248,2,,,,,,,,,,,,,,,,,,,,,,,,,,,,,,,,,,,,,,,,,
queens-timeless-undeniable-charm-earrings-in-925-silver-by-svadezi,,,,,,,,,,,,,,,,,,,,,,,,,,,,,,,,https://cdn.shopify.com/s/files/1/0651/8987/1813/files/65.jpg?v=1740602252,3,,,,,,,,,,,,,,,,,,,,,,,,,,,,,,,,,,,,,,,,,
sleek-serpent-ring-in-925-silver-by-svadezi,Sleek Serpent Ring in 925 Silver by SVADEZI,"<p>Wrap yourself in luxury with this sterling silver snake ring, featuring a sleek serpent design and a lustrous pearl in its mouth, symbolizing wisdom and elegance.</p>",SVADEZI,Apparel & Accessories > Jewelry > Rings,Ring,,false,Title,Default Title,,,,,,,,SLR92/26301,6.91,shopify,30,deny,manual,3249.0,5638.0,true,true,,,,,,https://cdn.shopify.com/s/files/1/0651/8987/1813/files/07_297e51e1-8f35-4489-be17-f27540805286.jpg?v=1740602253,1,,false,,,200,,,,,,,,,,,,,,,,,,,,,,,,,,,,,,g,,,true,,,active
sleek-serpent-ring-in-925-silver-by-svadezi,,,,,,,,,,,,,,,,,,,,,,,,,,,,,,,,https://cdn.shopify.com/s/files/1/0651/8987/1813/files/14_12612d7f-cf48-4a4b-9d3e-9b13bed5d844.jpg?v=1740602258,2,,,,,,,,,,,,,,,,,,,,,,,,,,,,,,,,,,,,,,,,,
sleek-serpent-ring-in-925-silver-by-svadezi,,,,,,,,,,,,,,,,,,,,,,,,,,,,,,,,https://cdn.shopify.com/s/files/1/0651/8987/1813/files/18_3374d05d-f23f-4cb5-9ed0-041997dc8560.jpg?v=1740602261,3,,,,,,,,,,,,,,,,,,,,,,,,,,,,,,,,,,,,,,,,,
30,Magnetic pink Quartz Ring in 925 Silver by SVADEZI,"<p><strong> Size - 10, 12, 14</strong></p>
<p>Introducing our captivating Magnetic Ring, adorned with a mesmerizing pink-colored stone. Its magnetic charm is further enhanced by the surrounding metallic band, which complements the stone's brilliance with its sleek and polished finish.</p>",SVADEZI,Apparel & Accessories > Jewelry > Rings,Ring,svadezijewellery,false,Ring size,10,product.metafields.shopify.ring-size,,,,,,,SLR92/22940,4.82,,30,deny,manual,2549.0,3600.0,true,true,,,,,,https://cdn.shopify.com/s/files/1/0651/8987/1813/files/17_9a703499-a666-47dd-aff0-c76f19ae817c.jpg?v=1740602263,1,,false,,,200,,,,,,,,,,,,,,'0,,,white-gold,,,,,solitaire,10; 12; 14,,,,,,https://cdn.shopify.com/s/files/1/0651/8987/1813/files/17_9a703499-a666-47dd-aff0-c76f19ae817c.jpg?v=1740602263,g,,,true,,,active
30,,,,,,,,,12,,,,,,,,SLR92/22941,4.82,,30,deny,manual,2549.0,3600.0,true,true,,,,,,https://cdn.shopify.com/s/files/1/0651/8987/1813/files/15_c559df78-3ae8-4606-9b94-5cff414b40d9.jpg?v=1740602265,2,,,,,,,,,,,,,,,,,,,,,,,,,,,,,,,,,,https://cdn.shopify.com/s/files/1/0651/8987/1813/files/17_9a703499-a666-47dd-aff0-c76f19ae817c.jpg?v=1740602263,g,,,,,,
30,,,,,,,,,14,,,,,,,,SLR92/22942,4.82,shopify,30,continue,manual,2549.0,3600.0,true,true,,,,,,https://cdn.shopify.com/s/files/1/0651/8987/1813/files/18_d65812da-e14d-46a4-9ef7-5805d63a1121.jpg?v=1740602269,3,,,,,,,,,,,,,,,,,,,,,,,,,,,,,,,,,,https://cdn.shopify.com/s/files/1/0651/8987/1813/files/17_9a703499-a666-47dd-aff0-c76f19ae817c.jpg?v=1740602263,g,,,,,,
30,,,,,,,,,,,,,,,,,,,,,,,,,,,,,,,,https://cdn.shopify.com/s/files/1/0651/8987/1813/files/191.jpg?v=1740602272,4,,,,,,,,,,,,,,,,,,,,,,,,,,,,,,,,,,,,,,,,,
unique-combination-of-pearls-and-stones-chain-in-925-silver-by-svadezi,Unique Combination Of Pearls and Stones Chain in 925 Silver by SVADEZI,"<p>This Silver Chain Is Unique Combination Of Pearls and Stones, The Silver Chain Pendant motif butterfly Is A Beautiful Accessory That Captures The Essence Of Love And Commitment. The Silver Finish Adds A Touch Of Sophistication And Versatility To The Design, Making It Suitable For Everyday Wear Or Special Occasions.</p>",SVADEZI,Apparel & Accessories > Jewelry > Charms & Pendants,pendant,"svadezi, svadezijewellery",false,Title,Default Title,,,,,,,,SCH/18799,13.13,shopify,20,deny,manual,4249.0,7313.0,true,true,,,,,,https://cdn.shopify.com/s/files/1/0651/8987/1813/files/chainpearls.png?v=1740602274,1,,false,,,192,,,,,,,,,,,,,,'0,,,,,,,,,,,,,,,,g,,,true,,,active
unique-combination-of-pearls-and-stones-chain-in-925-silver-by-svadezi,,,,,,,,,,,,,,,,,,,,,,,,,,,,,,,,https://cdn.shopify.com/s/files/1/0651/8987/1813/files/3.png?v=1740602276,2,,,,,,,,,,,,,,,,,,,,,,,,,,,,,,,,,,,,,,,,,
unique-combination-of-pearls-and-stones-chain-in-925-silver-by-svadezi,,,,,,,,,,,,,,,,,,,,,,,,,,,,,,,,https://cdn.shopify.com/s/files/1/0651/8987/1813/files/4.png?v=1740602278,3,,,,,,,,,,,,,,,,,,,,,,,,,,,,,,,,,,,,,,,,,
unique-combination-of-pearls-and-stones-chain-in-925-silver-by-svadezi,,,,,,,,,,,,,,,,,,,,,,,,,,,,,,,,https://cdn.shopify.com/s/files/1/0651/8987/1813/files/275_448afcfa-3527-4e63-935e-b266dd8c08c4.jpg?v=1740602284,4,,,,,,,,,,,,,,,,,,,,,,,,,,,,,,,,,,,,,,,,,
unique-combination-of-pearls-and-stones-chain-in-925-silver-by-svadezi,,,,,,,,,,,,,,,,,,,,,,,,,,,,,,,,https://cdn.shopify.com/s/files/1/0651/8987/1813/files/276.jpg?v=1740602289,5,,,,,,,,,,,,,,,,,,,,,,,,,,,,,,,,,,,,,,,,,
unique-combination-of-pearls-and-stones-chain-in-925-silver-by-svadezi,,,,,,,,,,,,,,,,,,,,,,,,,,,,,,,,https://cdn.shopify.com/s/files/1/0651/8987/1813/files/273.jpg?v=1740602295,6,,,,,,,,,,,,,,,,,,,,,,,,,,,,,,,,,,,,,,,,,
unique-combination-of-pearls-and-stones-chain-in-925-silver-by-svadezi,,,,,,,,,,,,,,,,,,,,,,,,,,,,,,,,https://cdn.shopify.com/s/files/1/0651/8987/1813/files/274.jpg?v=1740602300,7,,,,,,,,,,,,,,,,,,,,,,,,,,,,,,,,,,,,,,,,,
yellow-zircon-ring-in-925-silver-by-svadezi,Yellow Zircon Ring in 925 Silver by SVADEZI,"<p>A silver ring features a coloured stone embellished with zircon, enhancing the center stone and adding an inch of elegance to the overall look. This design combines sophistication with a touch of glamour, making it a perfect accessory for various occasions</p>",SVADEZI,Apparel & Accessories > Jewelry > Rings,Ring,"natural citrine by svadezi, svadezi, svadezijewellery",false,Title,Default Title,,,,,,,,SLR92/23333,2.28,shopify,30,continue,manual,1749.0,2206.0,true,true,,,,,,https://cdn.shopify.com/s/files/1/0651/8987/1813/files/80.jpg?v=1740602300,1,,false,,,200,,,,,,,,,,,,,,'0,,,,,,,,,,,,,,,,g,,,true,,,active
yellow-zircon-ring-in-925-silver-by-svadezi,,,,,,,,,,,,,,,,,,,,,,,,,,,,,,,,https://cdn.shopify.com/s/files/1/0651/8987/1813/files/23_002fb0da-10fa-4490-a514-a5fda91e0d9d.jpg?v=1740602303,2,,,,,,,,,,,,,,,,,,,,,,,,,,,,,,,,,,,,,,,,,
yellow-zircon-ring-in-925-silver-by-svadezi,,,,,,,,,,,,,,,,,,,,,,,,,,,,,,,,https://cdn.shopify.com/s/files/1/0651/8987/1813/files/73_f02420de-bc0f-42f8-a566-3bd8bb82a86e.jpg?v=1740602305,3,,,,,,,,,,,,,,,,,,,,,,,,,,,,,,,,,,,,,,,,,
tangled-ring-in-925-silver-by-svadezi,Tangled Ring in 925 Silver by SVADEZI,"<p><strong> Size- 5, 6, 7</strong></p>
<p>The tangled design in the center, which is fully studded with zircons all around to add elegance to any simple outfit. The design is versatile and smart to choose from the group of jewelry.</p>",SVADEZI,Apparel & Accessories > Jewelry > Rings,Ring,"svadezi, svadezijewellery",false,Ring size,5,product.metafields.shopify.ring-size,,,,,,,STPS/21927,2.28,,30,deny,manual,1749.0,2209.0,true,true,,,,,,https://cdn.shopify.com/s/files/1/0651/8987/1813/files/02_80a55eaf-9fec-445b-8e2c-80555273d3f6.jpg?v=1740602306,1,,false,,,200,,,,,,,,,,,,,,'0,,,,,,fine-jewelry,,,5; 6; 7,,,,,,https://cdn.shopify.com/s/files/1/0651/8987/1813/files/02_80a55eaf-9fec-445b-8e2c-80555273d3f6.jpg?v=1740602306,g,,,true,,,active
tangled-ring-in-925-silver-by-svadezi,,,,,,,,,6,,,,,,,,STPS/21928,2.28,,30,deny,manual,1749.0,2209.0,true,true,,,,,,https://cdn.shopify.com/s/files/1/0651/8987/1813/files/17_2.jpg?v=1740602309,2,,,,,,,,,,,,,,,,,,,,,,,,,,,,,,,,,,https://cdn.shopify.com/s/files/1/0651/8987/1813/files/02_80a55eaf-9fec-445b-8e2c-80555273d3f6.jpg?v=1740602306,g,,,,,,
tangled-ring-in-925-silver-by-svadezi,,,,,,,,,7,,,,,,,,STPS/21929,2.28,shopify,30,continue,manual,1749.0,2209.0,true,true,,,,,,https://cdn.shopify.com/s/files/1/0651/8987/1813/files/17_ae715ff7-a4d0-457a-a756-0db039665b91.jpg?v=1740602312,3,,,,,,,,,,,,,,,,,,,,,,,,,,,,,,,,,,https://cdn.shopify.com/s/files/1/0651/8987/1813/files/02_80a55eaf-9fec-445b-8e2c-80555273d3f6.jpg?v=1740602306,g,,,,,,
sexy-blue-topaz-pendant-in-925-silver-by-svadezi,Sexy Blue Topaz Pendant in 925 Silver by SVADEZI,"<p>Our sterling silver chain boasts a timeless appeal, complementing any outfit with its understated charm. The green stone, nestled in the center of the pendant, adds a pop of color and a touch of nature-inspired beauty to your ensemble</p>",SVADEZI,Apparel & Accessories > Jewelry > Charms & Pendants,pendant,"svadezi, svadezijewellery",false,Title,Default Title,,,,,,,,SCH/14268,3.28,shopify,29,continue,manual,2149.0,2640.0,true,true,,,,,,https://cdn.shopify.com/s/files/1/0651/8987/1813/files/64_d3c665c8-15ad-4ab3-88bd-0b6681c31405.jpg?v=1740602315,1,,false,,,192,,,,,,,,,,,,,,'0,,,,,silver,fine-jewelry,,,,,,,,,,g,,,true,,,active
sexy-blue-topaz-pendant-in-925-silver-by-svadezi,,,,,,,,,,,,,,,,,,,,,,,,,,,,,,,,https://cdn.shopify.com/s/files/1/0651/8987/1813/files/66_bb6d53fd-8935-4354-a525-11c8ce1ea24f.jpg?v=1740602319,2,,,,,,,,,,,,,,,,,,,,,,,,,,,,,,,,,,,,,,,,,
sexy-blue-topaz-pendant-in-925-silver-by-svadezi,,,,,,,,,,,,,,,,,,,,,,,,,,,,,,,,https://cdn.shopify.com/s/files/1/0651/8987/1813/files/245_4cf9678e-6eeb-4dcd-b638-2792664f5711.jpg?v=1740602323,3,,,,,,,,,,,,,,,,,,,,,,,,,,,,,,,,,,,,,,,,,
hug-bracelet-in-925-silver-by-svadezi,Hug Bracelet in 925 Silver by SVADEZI,<p>Silver polish hug bracelet is a popular piece of jewellery among the young generation with its unique detail design of hand in hand add aditional lime-light to  the bracelet.</p>,SVADEZI,Apparel & Accessories > Jewelry > Bracelets,bracelet,"svadezi, svadezi bracelete, svadezijewellery",false,Title,Default Title,,,,,,,,SBRL/9504,11.38,shopify,26,deny,manual,3449.0,5300.0,true,true,,,,,,https://cdn.shopify.com/s/files/1/0651/8987/1813/files/14_01b90b05-bf90-4fde-8668-e8d995153578.jpg?v=1740602325,1,,false,,,191,,,,,,,,,,,,,,'0,,,,,silver,fine-jewelry,,,,,,,,,,g,,,true,,,active
hug-bracelet-in-925-silver-by-svadezi,,,,,,,,,,,,,,,,,,,,,,,,,,,,,,,,https://cdn.shopify.com/s/files/1/0651/8987/1813/files/11_6d8c026e-dbc9-4a9b-b446-5748f9cad762.jpg?v=1740602329,2,,,,,,,,,,,,,,,,,,,,,,,,,,,,,,,,,,,,,,,,,
hug-bracelet-in-925-silver-by-svadezi,,,,,,,,,,,,,,,,,,,,,,,,,,,,,,,,https://cdn.shopify.com/s/files/1/0651/8987/1813/files/196_1356a561-b762-4457-a4e9-538914b5800c.jpg?v=1740602332,3,,,,,,,,,,,,,,,,,,,,,,,,,,,,,,,,,,,,,,,,,
captivating-heart-pendant-in-925-silver-by-svadezi,Captivating Heart Pendant in 925 Silver by SVADEZI,"<p><strong>Length: 18cm (Adjustable)</strong></p>
<p>The Silver Chain With A Heart Pendant In The Centre Is A Beautiful Accessory That Captures Attention And Sparks Conversation. It Is A Captivating And Symbolic Piece Of Jewelry.</p>",SVADEZI,Apparel & Accessories > Jewelry > Charms & Pendants,pendant,"svadezi, svadezijewellery",false,Title,Default Title,,,,,,,,SCH/11501,3.44,shopify,30,continue,manual,2349.0,3317.0,true,true,,,,,,https://cdn.shopify.com/s/files/1/0651/8987/1813/files/04_f693fc39-8667-40be-8f2d-c3f67720f667.jpg?v=1740602333,1,,false,,,192,,,,,,,,,,,,,,'0,,,,,silver,fine-jewelry,,,,,,,,,,g,,,true,,,active
captivating-heart-pendant-in-925-silver-by-svadezi,,,,,,,,,,,,,,,,,,,,,,,,,,,,,,,,https://cdn.shopify.com/s/files/1/0651/8987/1813/files/06_b7071d76-fd6f-4857-9c02-718b24b09996.jpg?v=1740602337,2,,,,,,,,,,,,,,,,,,,,,,,,,,,,,,,,,,,,,,,,,
captivating-heart-pendant-in-925-silver-by-svadezi,,,,,,,,,,,,,,,,,,,,,,,,,,,,,,,,https://cdn.shopify.com/s/files/1/0651/8987/1813/files/20_172bd8cc-451e-4e49-8a64-95cdc955e2e4.jpg?v=1740602338,3,,,,,,,,,,,,,,,,,,,,,,,,,,,,,,,,,,,,,,,,,
designer-blue-topaz-in-skyblue-border,Designer Semi Precious Stone Ring in Same Border in 925 Silver by SVADEZI,"<p><strong> Size Available - 5, 6, 7</strong></p>
<p><strong>Blue Topaz - Rose Quartz - Cirine</strong></p>
<p>The smart cut of coloured Semi precious stone in the centre with same colour border all around it gives a gorgeous look and elegance at the same time. The ring is a piece of art that is modern and unique.</p>",SVADEZI,Apparel & Accessories > Jewelry > Rings,Ring,"svadezi, svadezijewellery",false,Ring size,5,product.metafields.shopify.ring-size,Blue Topaz,citrine,product.metafields.shopify.color-pattern,Jewelry type,fine-jewelry,product.metafields.shopify.jewelry-type,,5.97,shopify,30,continue,manual,2949.0,3888.0,true,true,,,,,,https://cdn.shopify.com/s/files/1/0651/8987/1813/files/04_51fac9a5-7243-4953-a9f5-0ff58c8bbc6d.jpg?v=1740602341,1,,false,,,200,,,,,,,,,,,,,,'0,,,citrine; blur-topaz; rose-quartz,,silver,fine-jewelry,,birthstone; solitaire; beaded,5; 6; 7,,,,,,https://cdn.shopify.com/s/files/1/0651/8987/1813/files/05_ea7edaba-21e3-4369-a9d1-3a0169e89995.jpg?v=1740602360,g,,,true,,,active
designer-blue-topaz-in-skyblue-border,,,,,,,,,5,,,blur-topaz,,,fine-jewelry,,,5.97,,30,deny,manual,2749.0,3888.0,true,true,,,,,,https://cdn.shopify.com/s/files/1/0651/8987/1813/files/08_1b80f183-e43d-4111-8268-a11e17ef4c8c.jpg?v=1740602345,2,,,,,,,,,,,,,,,,,,,,,,,,,,,,,,,,,,https://cdn.shopify.com/s/files/1/0651/8987/1813/files/04_51fac9a5-7243-4953-a9f5-0ff58c8bbc6d.jpg?v=1740602341,g,,,,,,
designer-blue-topaz-in-skyblue-border,,,,,,,,,5,,,rose-quartz,,,fine-jewelry,,,5.97,,30,deny,manual,2949.0,3888.0,true,true,,,,,,https://cdn.shopify.com/s/files/1/0651/8987/1813/files/fhj_8598e5f3-145d-4e56-91b9-053eae6668cb.jpg?v=1740602347,3,,,,,,,,,,,,,,,,,,,,,,,,,,,,,,,,,,https://cdn.shopify.com/s/files/1/0651/8987/1813/files/02_f4e9e48a-4065-4477-bc03-e35b4ed9941a.jpg?v=1740602357,g,,,,,,
designer-blue-topaz-in-skyblue-border,,,,,,,,,6,,,citrine,,,fine-jewelry,,,5.97,shopify,30,continue,manual,2949.0,3888.0,true,true,,,,,,https://cdn.shopify.com/s/files/1/0651/8987/1813/files/12_14438255-72fa-4d5b-854a-e76008de1949.jpg?v=1740602351,4,,,,,,,,,,,,,,,,,,,,,,,,,,,,,,,,,,https://cdn.shopify.com/s/files/1/0651/8987/1813/files/05_ea7edaba-21e3-4369-a9d1-3a0169e89995.jpg?v=1740602360,g,,,,,,
designer-blue-topaz-in-skyblue-border,,,,,,,,,6,,,blur-topaz,,,fine-jewelry,,,5.97,shopify,30,continue,manual,2749.0,3888.0,true,true,,,,,,https://cdn.shopify.com/s/files/1/0651/8987/1813/files/22_3703e284-ef88-441f-b0c4-4b08e11f5f16.jpg?v=1740602355,5,,,,,,,,,,,,,,,,,,,,,,,,,,,,,,,,,,https://cdn.shopify.com/s/files/1/0651/8987/1813/files/04_51fac9a5-7243-4953-a9f5-0ff58c8bbc6d.jpg?v=1740602341,g,,,,,,
designer-blue-topaz-in-skyblue-border,,,,,,,,,6,,,rose-quartz,,,fine-jewelry,,,5.97,shopify,30,continue,manual,2949.0,3888.0,true,true,,,,,,https://cdn.shopify.com/s/files/1/0651/8987/1813/files/02_f4e9e48a-4065-4477-bc03-e35b4ed9941a.jpg?v=1740602357,6,,,,,,,,,,,,,,,,,,,,,,,,,,,,,,,,,,https://cdn.shopify.com/s/files/1/0651/8987/1813/files/02_f4e9e48a-4065-4477-bc03-e35b4ed9941a.jpg?v=1740602357,g,,,,,,
designer-blue-topaz-in-skyblue-border,,,,,,,,,7,,,citrine,,,fine-jewelry,,,5.97,,30,deny,manual,2949.0,3888.0,true,true,,,,,,https://cdn.shopify.com/s/files/1/0651/8987/1813/files/05_ea7edaba-21e3-4369-a9d1-3a0169e89995.jpg?v=1740602360,7,,,,,,,,,,,,,,,,,,,,,,,,,,,,,,,,,,https://cdn.shopify.com/s/files/1/0651/8987/1813/files/05_ea7edaba-21e3-4369-a9d1-3a0169e89995.jpg?v=1740602360,g,,,,,,
designer-blue-topaz-in-skyblue-border,,,,,,,,,7,,,blur-topaz,,,fine-jewelry,,,5.97,,30,deny,manual,2749.0,3888.0,true,true,,,,,,https://cdn.shopify.com/s/files/1/0651/8987/1813/files/14_b08eb4a9-7af7-4db3-9aa9-95927ab71f5a.jpg?v=1740602364,8,,,,,,,,,,,,,,,,,,,,,,,,,,,,,,,,,,https://cdn.shopify.com/s/files/1/0651/8987/1813/files/04_51fac9a5-7243-4953-a9f5-0ff58c8bbc6d.jpg?v=1740602341,g,,,,,,
designer-blue-topaz-in-skyblue-border,,,,,,,,,7,,,rose-quartz,,,fine-jewelry,,,5.97,shopify,30,continue,manual,2949.0,3888.0,true,true,,,,,,https://cdn.shopify.com/s/files/1/0651/8987/1813/files/dg.jpg?v=1740602367,9,,,,,,,,,,,,,,,,,,,,,,,,,,,,,,,,,,https://cdn.shopify.com/s/files/1/0651/8987/1813/files/02_f4e9e48a-4065-4477-bc03-e35b4ed9941a.jpg?v=1740602357,g,,,,,,
antique-mystical-owl-ring-adjustable-in-925-silver-by-svadezi,Antique Mystical Owl Ring (Adjustable) in 925 Silver by SVADEZI,"<p><strong>(Adjustable)</strong></p>
<p>The antique look of oxidized silver with an owl design carry various symbolic meanings depending on cultural, personal, or spiritual contexts . The darkened silver enhances the mystical vibe, while the blue and violet eyes could symbolize intuition, spiritual insight, or magical qualities.</p>",SVADEZI,Apparel & Accessories > Jewelry > Rings,Ring,"svadezi, svadezijewellery",false,Ring size,adjustable,product.metafields.shopify.ring-size,,,,,,,SLR92/18024,4.46,shopify,21,deny,manual,2549.0,3649.0,true,true,,,,,,https://cdn.shopify.com/s/files/1/0651/8987/1813/files/27_60c870ae-7169-4a74-847e-758e9ef8a6d6.jpg?v=1740602368,1,,false,,,200,,,,,,,,,,,,,,'0,,,,,silver,fine-jewelry,,,adjustable,,,,,,https://cdn.shopify.com/s/files/1/0651/8987/1813/files/27_60c870ae-7169-4a74-847e-758e9ef8a6d6.jpg?v=1740602368,g,,,true,,,active
antique-mystical-owl-ring-adjustable-in-925-silver-by-svadezi,,,,,,,,,,,,,,,,,,,,,,,,,,,,,,,,https://cdn.shopify.com/s/files/1/0651/8987/1813/files/01_dc93770a-4e63-4a4f-9888-9cb01a9f6bdc.jpg?v=1740602372,2,,,,,,,,,,,,,,,,,,,,,,,,,,,,,,,,,,,,,,,,,
antique-mystical-owl-ring-adjustable-in-925-silver-by-svadezi,,,,,,,,,,,,,,,,,,,,,,,,,,,,,,,,https://cdn.shopify.com/s/files/1/0651/8987/1813/files/207.jpg?v=1740602375,3,,,,,,,,,,,,,,,,,,,,,,,,,,,,,,,,,,,,,,,,,
heart-and-lock-pendant-in-925-silver-by-svadezi,Heart And Lock Pendant in 925 Silver by SVADEZI,"<p><strong>Length: 20cm Adjustable</strong></p>
<p>This silver chain is a unique combination of heart and lock shapes. The silver chain pendant is a beautiful accessory that captures the essence of love and commitment. The silver finish adds a touch of sophistication and versatility to the design, making it suitable for everyday wear or special occasions.</p>",SVADEZI,Apparel & Accessories > Jewelry > Charms & Pendants,pendant,"svadezi, svadezijewellery",false,Title,Default Title,,,,,,,,SCH/8574,4.69,shopify,30,continue,manual,2549.0,2863.0,true,true,,,,,,https://cdn.shopify.com/s/files/1/0651/8987/1813/files/6.jpg?v=1740602377,1,,false,,,192,,,,,,,,,,,,,,'0,,,red,,silver,fine-jewelry,,,,,,,,,,g,,,true,,,active
heart-and-lock-pendant-in-925-silver-by-svadezi,,,,,,,,,,,,,,,,,,,,,,,,,,,,,,,,https://cdn.shopify.com/s/files/1/0651/8987/1813/files/81_5c3be59f-f629-4510-b76e-9f92318bff95.jpg?v=1740602380,2,,,,,,,,,,,,,,,,,,,,,,,,,,,,,,,,,,,,,,,,,
heart-and-lock-pendant-in-925-silver-by-svadezi,,,,,,,,,,,,,,,,,,,,,,,,,,,,,,,,https://cdn.shopify.com/s/files/1/0651/8987/1813/files/fh_16.jpg?v=1740602382,3,,,,,,,,,,,,,,,,,,,,,,,,,,,,,,,,,,,,,,,,,
heart-and-lock-pendant-in-925-silver-by-svadezi,,,,,,,,,,,,,,,,,,,,,,,,,,,,,,,,https://cdn.shopify.com/s/files/1/0651/8987/1813/files/fh_17.jpg?v=1740602386,4,,,,,,,,,,,,,,,,,,,,,,,,,,,,,,,,,,,,,,,,,
dazzling-silver-butterfly-earring-in-925-silver-by-svadezi,Dazzling Silver Butterfly Earring in 925 Silver by SVADEZI,"<p>Silver butterfly earrings come in a wide variety of styles and designs, making them a versatile and timeless choice for any outfit. Silver butterfly earrings that fit your personal style and complement your face shape. Whether you prefer simple and understated or bold and eye-catching, there's sure to be a pair of silver butterfly earrings that will suit you perfectly.</p>",SVADEZI,Apparel & Accessories > Jewelry > Earrings,earrings,"svadezi, svadezijewellery",false,Title,Default Title,,,,,,,,STPS/19351,3.85,shopify,29,continue,manual,2449.0,2913.0,true,true,,,,,,https://cdn.shopify.com/s/files/1/0651/8987/1813/files/dfdgf.jpg?v=1740602387,1,,false,,,194,,,,,,,,,,,,,,,,,,,,,,,,,,,,,,g,,,true,,,active
dazzling-silver-butterfly-earring-in-925-silver-by-svadezi,,,,,,,,,,,,,,,,,,,,,,,,,,,,,,,,https://cdn.shopify.com/s/files/1/0651/8987/1813/files/fd.jpg?v=1740602387,2,,,,,,,,,,,,,,,,,,,,,,,,,,,,,,,,,,,,,,,,,
dazzling-silver-butterfly-earring-in-925-silver-by-svadezi,,,,,,,,,,,,,,,,,,,,,,,,,,,,,,,,https://cdn.shopify.com/s/files/1/0651/8987/1813/files/72_c3e2705b-5352-4145-9ce7-47ab55894d34.jpg?v=1740602391,3,,,,,,,,,,,,,,,,,,,,,,,,,,,,,,,,,,,,,,,,,
dazzling-silver-butterfly-earring-in-925-silver-by-svadezi,,,,,,,,,,,,,,,,,,,,,,,,,,,,,,,,https://cdn.shopify.com/s/files/1/0651/8987/1813/files/IMG_20230728_180807.jpg?v=1740602392,4,,,,,,,,,,,,,,,,,,,,,,,,,,,,,,,,,,,,,,,,,
heart-and-lock-earrings-in-925-silver-by-svadezi,Heart and Lock Earrings in 925 Silver by SVADEZI,"<p>Elegance meets romance in these red heart-shaped earrings, adorning you with timeless charm and grace. A perfect statement of love.</p>",SVADEZI,Apparel & Accessories > Jewelry > Earrings,earrings,"svadezi, svadezijewellery",false,Title,Default Title,,,,,,,,STPS/15380,6.53,shopify,30,continue,manual,2649.0,3200.0,true,true,,,,,,https://cdn.shopify.com/s/files/1/0651/8987/1813/files/16..jpg?v=1740602395,1,,false,,,194,,,,,,,,,,,,,,'0,,,,,,,,,,,,,,,,g,,,true,,,active
heart-and-lock-earrings-in-925-silver-by-svadezi,,,,,,,,,,,,,,,,,,,,,,,,,,,,,,,,https://cdn.shopify.com/s/files/1/0651/8987/1813/files/16_7c30ff72-5761-4734-9c22-3939a75b0e1f.jpg?v=1740602397,2,,,,,,,,,,,,,,,,,,,,,,,,,,,,,,,,,,,,,,,,,
heart-and-lock-earrings-in-925-silver-by-svadezi,,,,,,,,,,,,,,,,,,,,,,,,,,,,,,,,https://cdn.shopify.com/s/files/1/0651/8987/1813/files/323.jpg?v=1740602401,3,,,,,,,,,,,,,,,,,,,,,,,,,,,,,,,,,,,,,,,,,
green-onyx-butterfly-earring-in-925-silver-by-svadezi,Green Onyx Butterfly Earring in 925 Silver by SVADEZI,"<p><strong>Dimension 1.4 cm X 1.4 cm </strong></p>
<p><span>Rose gold two butterfly earrings featuring a green semi-precious stone. This design combines the delicate and whimsical charm of butterflies with the vibrant hue of a green semi-precious stone, creating a stylish and nature-inspired accessory. The rose gold finish adds warmth and elegance to these earrings, making them suitable for various occasions.</span></p>
<!---->",SVADEZI,Apparel & Accessories > Jewelry > Earrings,earrings,"svadezi, svadezijewellery",false,Title,Default Title,,,,,,,,,0.0,shopify,30,deny,manual,1749.0,2430.0,true,true,,,,,,https://cdn.shopify.com/s/files/1/0651/8987/1813/files/57_b7c1bc8e-3ab2-49d1-b82d-b86ac9645aa1.jpg?v=1740602402,1,,false,,,194,,adult,,,,,,,,,,,,'0,adults,,animal; green,fresh-water-pearl,rose-gold; silver,fine-jewelry,,,,female,,,,,,g,,,true,,,active
green-onyx-butterfly-earring-in-925-silver-by-svadezi,,,,,,,,,,,,,,,,,,,,,,,,,,,,,,,,https://cdn.shopify.com/s/files/1/0651/8987/1813/files/09_88fb5799-3b44-4b92-ab3e-3bbab9dee476.jpg?v=1740602405,2,,,,,,,,,,,,,,,,,,,,,,,,,,,,,,,,,,,,,,,,,
green-onyx-butterfly-earring-in-925-silver-by-svadezi,,,,,,,,,,,,,,,,,,,,,,,,,,,,,,,,https://cdn.shopify.com/s/files/1/0651/8987/1813/files/303.jpg?v=1740602409,3,,,,,,,,,,,,,,,,,,,,,,,,,,,,,,,,,,,,,,,,,
smiley-dual-tone-studs-in-925-silver-by-svadezi,Smiley dual-tone studs in 925 Silver by SVADEZI,"<p><strong>Dimensions 1.4cm X 1.5cm</strong></p>
<p><span>The smiley dual-tone stud is a standout piece in our collection, beloved by the young generation for its unique design and ability to add an extra smile to any look.</span></p>
<!---->",SVADEZI,Apparel & Accessories > Jewelry > Earrings,earrings,,false,Title,Default Title,,,,,,,,STPS/16203,4.16,shopify,30,continue,manual,2349.0,2940.0,true,true,,,,,,https://cdn.shopify.com/s/files/1/0651/8987/1813/files/200_9fed0d24-a088-4efb-893c-912e2abe8231.jpg?v=1740602410,1,,false,,,194,,,,,,,,,,,,,,,adults,,silver,stud,silver,fine-jewelry,,,,female,,,,,,g,,,true,,,active
smiley-dual-tone-studs-in-925-silver-by-svadezi,,,,,,,,,,,,,,,,,,,,,,,,,,,,,,,,https://cdn.shopify.com/s/files/1/0651/8987/1813/files/79_9608f0f7-e824-4c48-8d92-beb589de10fe.jpg?v=1740602414,2,,,,,,,,,,,,,,,,,,,,,,,,,,,,,,,,,,,,,,,,,
smiley-dual-tone-studs-in-925-silver-by-svadezi,,,,,,,,,,,,,,,,,,,,,,,,,,,,,,,,https://cdn.shopify.com/s/files/1/0651/8987/1813/files/IMG_20230728_181823.jpg?v=1740602415,3,,,,,,,,,,,,,,,,,,,,,,,,,,,,,,,,,,,,,,,,,
smiley-dual-tone-studs-in-925-silver-by-svadezi,,,,,,,,,,,,,,,,,,,,,,,,,,,,,,,,https://cdn.shopify.com/s/files/1/0651/8987/1813/files/IMG_20230728_181845.jpg?v=1740602416,4,,,,,,,,,,,,,,,,,,,,,,,,,,,,,,,,,,,,,,,,,
krishna-rakhi-in-925-silver-by-svadezi-4,KRISHNA Rakhi in 925 Silver by SVADEZI,"<p><strong>Rudraksha Rakhi in 925 Silver by Svadezi | Authentic, Spiritual Rakhi for Raksha Bandhan</strong></p>
<p>Celebrate the sacred bond of love and protection with our exquisite Rudraksha Rakhi in 925 Silver by Svadezi. Crafted with precision and care, this Rakhi features an authentic Rudraksha bead, symbolizing purity and positive energy, encased in premium 925 hallmarked silver. The sleek and elegant design makes it a perfect choice for your brother, offering a blend of traditional spirituality and contemporary style.</p>
<p><strong>Key Features:</strong></p>
<ul>
<li>
<strong>Authentic Rudraksha Bead:</strong> Known for its spiritual significance and believed to bring peace and protection.</li>
<li>
<strong>925 Hallmarked Silver:</strong> High-quality, durable, and tarnish-resistant, ensuring long-lasting shine.</li>
<li>
<strong>Elegant Design:</strong> A perfect blend of tradition and modernity, suitable for everyday wear.</li>
<li>
<strong>Hypoallergenic:</strong> Nickel-free and safe for sensitive skin.</li>
</ul>
<p>Ideal for Raksha Bandhan, this Rudraksha Rakhi not only strengthens the bond between siblings but also serves as a beautiful keepsake. Order now from Svadezi and gift your brother a token of love and blessings that he can cherish forever.</p>
<!----><!----><!---->",SVADEZI,Apparel & Accessories > Jewelry > Brooches & Lapel Pins,rakhi,"svadezi, svadezijewellery, svadezirakhi",false,Title,Default Title,,,,,,,,,7.5,shopify,30,continue,manual,2749.0,3930.0,true,true,,,,,,https://cdn.shopify.com/s/files/1/0651/8987/1813/files/IMG_5178-Photoroom.jpg?v=1740602924,1,,false,,,,,,,,,,,,,,,,,'0,,,silver,,silver,fine-jewelry,,,,,,,,,,g,,,true,,,active
krishna-rakhi-in-925-silver-by-svadezi-4,,,,,,,,,,,,,,,,,,,,,,,,,,,,,,,,https://cdn.shopify.com/s/files/1/0651/8987/1813/files/IMG_5178.jpg?v=1740602926,2,,,,,,,,,,,,,,,,,,,,,,,,,,,,,,,,,,,,,,,,,
krishna-rakhi-in-925-silver-by-svadezi-4,,,,,,,,,,,,,,,,,,,,,,,,,,,,,,,,https://cdn.shopify.com/s/files/1/0651/8987/1813/files/rakshsmain.png?v=1740602927,3,,,,,,,,,,,,,,,,,,,,,,,,,,,,,,,,,,,,,,,,,
krishna-flute-pendant-with-chain-in-925-silver-by-svadezi,Krishna Flute Pendant with Chain in 925 Silver by SVADEZI,"<p><strong>LENGTH: 24CM</strong></p>
<p><strong>White Swarovski Zircon</strong></p>
<p>Embrace the melody of elegance with our exquisite Flute Pendant Chain, beautifully adorned with a Peacock Feather design in silver polish. A perfect blend of grace and artistry, this piece adds a touch of timeless charm to your style</p>",SVADEZI,Apparel & Accessories > Jewelry > Charms & Pendants,pendant,"svadezi, svadezijewellery",false,Color,silver,product.metafields.shopify.color-pattern,,,,,,,SPSK/2014,8.2,shopify,48,continue,manual,3349.0,4584.0,true,true,,,,,,https://cdn.shopify.com/s/files/1/0651/8987/1813/files/294_a2433f45-9e96-4abe-8605-d9b5b0b1c596.jpg?v=1740602930,1,,false,,,,,,,,,,,,,,,,,'0,,,silver; rose-gold,,silver,fine-jewelry,,,,unisex,,,,,https://cdn.shopify.com/s/files/1/0651/8987/1813/files/294_a2433f45-9e96-4abe-8605-d9b5b0b1c596.jpg?v=1740602930,g,,,true,,,active
krishna-flute-pendant-with-chain-in-925-silver-by-svadezi,,,,,,,,,rose-gold,,,,,,,,SPSK/2015,8.2,shopify,50,continue,manual,3349.0,4584.0,true,true,,,,,,https://cdn.shopify.com/s/files/1/0651/8987/1813/files/WhatsAppImage2024-07-31at18.00.05.jpg?v=1740602933,2,,,,,,,,,,,,,,,,,,,,,,,,,,,,,,,,,,https://cdn.shopify.com/s/files/1/0651/8987/1813/files/2024-08-02-20-10-57.jpg?v=1740602938,g,,,,,,
krishna-flute-pendant-with-chain-in-925-silver-by-svadezi,,,,,,,,,,,,,,,,,,,,,,,,,,,,,,,,https://cdn.shopify.com/s/files/1/0651/8987/1813/files/296_1ad81579-bec9-4a9c-af4c-3610f97646f5.jpg?v=1740602937,3,,,,,,,,,,,,,,,,,,,,,,,,,,,,,,,,,,,,,,,,,
krishna-flute-pendant-with-chain-in-925-silver-by-svadezi,,,,,,,,,,,,,,,,,,,,,,,,,,,,,,,,https://cdn.shopify.com/s/files/1/0651/8987/1813/files/2024-08-02-20-10-57.jpg?v=1740602938,4,,,,,,,,,,,,,,,,,,,,,,,,,,,,,,,,,,,,,,,,,
krishna-flute-pendant-with-chain-in-925-silver-by-svadezi,,,,,,,,,,,,,,,,,,,,,,,,,,,,,,,,https://cdn.shopify.com/s/files/1/0651/8987/1813/files/WhatsAppImage2024-07-31at18.00.06.jpg?v=1740602941,5,,,,,,,,,,,,,,,,,,,,,,,,,,,,,,,,,,,,,,,,,
pink-radiance-stone,Pink Radiance Stone,"<style type=""text/css""><!--td {border: 1px solid #cccccc;}br {mso-data-placement:same-cell;}--></style>
<p><span data-sheets-root=""1""><br>Embrace the beauty of the ocean with this exquisite silver bracelet, elegantly polished in radiant rose gold. A perfect blend of charm and sophistication, this delicate piece symbolizes resilience and renewal, making it a timeless addition to your jewelry collection.<br><br>Stone - </span><span data-sheets-root=""1"">Semi precious pink stone<br></span><span data-sheets-root=""1"">Length - 19cms <br>Weight - 3.43g</span></p>
<style type=""text/css""><!--td {border: 1px solid #cccccc;}br {mso-data-placement:same-cell;}--></style>
<style type=""text/css""><!--td {border: 1px solid #cccccc;}br {mso-data-placement:same-cell;}--></style>
<p><span data-sheets-root=""1"">Keep Your Jewelry Away From Soaps, Perfumes, Cosmetics, Humidity And Extreme Temperature.<br>Jewelry Is Delicate, Any Impact, Pressure Or Mishandling Can Cause Breakage Or Damage. Repairing, If Possible, Is A Chargeable Service.<br>Gold Plating Will Fade With Regular Use And Frequent Exposure To Air And Water. It Will Need Re-Plating. We Can Re-Plate It At A Nominal Charge. Stones(Pasted/In Setting) Can Come Off With Rough Usage.<br>Silver Creations Get Oxidized When Exposed To Air. Use Silver Cleaning Cloth To Clean It. Any Other Powder Or Concentrate May Harm The Original Finish.<br><br></span></p>",SVADEZI,Apparel & Accessories > Jewelry > Bracelets,bracelet,,false,Title,Default Title,,,,,,,,SBRL/8907,3.43,shopify,50,continue,manual,3063.0,6532.5,true,true,,,,,,https://cdn.shopify.com/s/files/1/0651/8987/1813/files/01_552386fa-b76a-4f72-8202-ac1868af0501.jpg?v=1744869386,1,,false,,,191,,,,,,,,,,,,,,,,charm,pink,,silver,,,,,female,,,,,,g,,722.00,true,,,active
pink-radiance-stone,,,,,,,,,,,,,,,,,,,,,,,,,,,,,,,,https://cdn.shopify.com/s/files/1/0651/8987/1813/files/03_618a467b-143c-4c7a-9a69-f338f7184e35.jpg?v=1744869386,2,,,,,,,,,,,,,,,,,,,,,,,,,,,,,,,,,,,,,,,,,
pink-radiance-stone,,,,,,,,,,,,,,,,,,,,,,,,,,,,,,,,https://cdn.shopify.com/s/files/1/0651/8987/1813/files/177_257f3dca-3d19-4e7d-927c-f01f8f92529d.jpg?v=1743590121,3,,,,,,,,,,,,,,,,,,,,,,,,,,,,,,,,,,,,,,,,,
pure-radiance-zircon,Pure Radiance Zircon,"<style type=""text/css""><!--td {border: 1px solid #cccccc;}br {mso-data-placement:same-cell;}--></style>
<p><span data-sheets-root=""1"">Wear it, cherish it, and let it remind you that true beauty lies in the details. This rose gold bracelet is a statement of grace, beauty, and timeless charm. Its delicate design and shimmering finish make it perfect for every occasion – from casual outings to unforgettable celebrations.<br><br></span>Stone - <span data-sheets-root=""1"">Semi precious white zircon<br></span><span data-sheets-root=""1"">Length - 21cms<br>Weight - 2.6g<br><br></span></p>
<style type=""text/css""><!--td {border: 1px solid #cccccc;}br {mso-data-placement:same-cell;}--></style>
<p><span data-sheets-root=""1"">Keep Your Jewellery Away From Soaps, Perfumes, Cosmetics, Humidity And Extreme Temperature.<br>Jewellery Is Delicate, Any Impact, Pressure Or Mishandling Can Cause Breakage Or Damage. Repairing, If Possible, Is A Chargeable Service.<br>Gold Plating Will Fade With Regular Use And Frequent Exposure To Air And Water. It Will Need Re-Plating. We Can Re-Plate It At A Nominal Charge. Stones(Pasted/In Setting) Can Come Off With Rough Usage.<br>Silver Creations Get Oxidized When Exposed To Air. Use Silver Cleaning Cloth To Clean It. Any Other Powder Or Concentrate May Harm The Original Finish.<br><br></span></p>
<style type=""text/css""><!--td {border: 1px solid #cccccc;}br {mso-data-placement:same-cell;}--></style>
<style type=""text/css""><!--td {border: 1px solid #cccccc;}br {mso-data-placement:same-cell;}--></style>",SVADEZI,Apparel & Accessories > Jewelry > Bracelets,bracelet,,false,Title,Default Title,,,,,,,,SBRL/16989,2.6,shopify,50,continue,manual,2313.0,4657.5,true,true,,,,,,https://cdn.shopify.com/s/files/1/0651/8987/1813/files/52.jpg?v=1744869435,1,,false,,,191,,,,,,,,,,,,,,'0,,charm,silver,,rose-gold; silver,fine-jewelry,,,,female,,,,,,g,,488.00,true,,,active
pure-radiance-zircon,,,,,,,,,,,,,,,,,,,,,,,,,,,,,,,,https://cdn.shopify.com/s/files/1/0651/8987/1813/files/04_3e5ebc0b-0ece-44a9-9c08-576abbdb3012.jpg?v=1744869435,2,,,,,,,,,,,,,,,,,,,,,,,,,,,,,,,,,,,,,,,,,
pure-radiance-zircon,,,,,,,,,,,,,,,,,,,,,,,,,,,,,,,,https://cdn.shopify.com/s/files/1/0651/8987/1813/files/175.jpg?v=1743593714,3,,,,,,,,,,,,,,,,,,,,,,,,,,,,,,,,,,,,,,,,,
black-onyx-elegance-bracelet,Black Onyx Elegance Bracelet,"<style type=""text/css""><!--td {border: 1px solid #cccccc;}br {mso-data-placement:same-cell;}--></style>
<style type=""text/css""><!--td {border: 1px solid #cccccc;}br {mso-data-placement:same-cell;}--></style>
<p><span data-sheets-root=""1"">A stunning chain bracelet featuring a bold black onyx stone, designed to make a statement of elegance and strength. Perfect for elevating any outfit, whether it's a casual day look or a special evening ensemble, this bracelet is sure to become a cherished addition to your jewelry collection.<br><br>Stone - Onyx</span><span data-sheets-root=""1""><br></span><span data-sheets-root=""1"">Length - 21.5cms<br>Weight - 11.21g</span></p>
<style type=""text/css""><!--td {border: 1px solid #cccccc;}br {mso-data-placement:same-cell;}--></style>
<style type=""text/css""><!--td {border: 1px solid #cccccc;}br {mso-data-placement:same-cell;}--></style>
<p><span data-sheets-root=""1"">Keep Your Jewelry Away From Soaps, Perfumes, Cosmetics, Humidity And Extreme Temperature.<br>Jewelry Is Delicate, Any Impact, Pressure Or Mishandling Can Cause Breakage Or Damage. Repairing, If Possible, Is A Chargeable Service.<br>Gold Plating Will Fade With Regular Use And Frequent Exposure To Air And Water. It Will Need Re-Plating. We Can Re-Plate It At A Nominal Charge. Stones(Pasted/In Setting) Can Come Off With Rough Usage.<br>Silver Creations Get Oxidized When Exposed To Air. Use Silver Cleaning Cloth To Clean It. Any Other Powder Or Concentrate May Harm The Original Finish.<br><br></span></p>",SVADEZI,Apparel & Accessories > Jewelry > Bracelets,bracelet,,false,Title,Default Title,,,,,,,,SBRL/13311,11.21,shopify,50,continue,manual,6913.0,16157.5,true,true,,,,,,https://cdn.shopify.com/s/files/1/0651/8987/1813/files/32_abe32e68-1d70-41e1-9427-18a1d524ba7e.jpg?v=1744869458,1,,false,,,191,,,,,,,,,,,,,,'0,,,,,,,,,,,,,,,,g,,1923.00,true,,,active
black-onyx-elegance-bracelet,,,,,,,,,,,,,,,,,,,,,,,,,,,,,,,,https://cdn.shopify.com/s/files/1/0651/8987/1813/files/176_e9147031-373f-40d0-847c-105c82cf7501.jpg?v=1744869458,2,,,,,,,,,,,,,,,,,,,,,,,,,,,,,,,,,,,,,,,,,
black-onyx-elegance-bracelet,,,,,,,,,,,,,,,,,,,,,,,,,,,,,,,,https://cdn.shopify.com/s/files/1/0651/8987/1813/files/05_8894a430-f1ab-4855-b809-f912a34eb660.jpg?v=1744869458,3,,,,,,,,,,,,,,,,,,,,,,,,,,,,,,,,,,,,,,,,,
black-onyx-elegance-bracelet,,,,,,,,,,,,,,,,,,,,,,,,,,,,,,,,https://cdn.shopify.com/s/files/1/0651/8987/1813/files/06_1e08e518-9967-45fa-a84d-2fda6acce464.jpg?v=1744869458,4,,,,,,,,,,,,,,,,,,,,,,,,,,,,,,,,,,,,,,,,,
black-onyx-elegance-bracelet,,,,,,,,,,,,,,,,,,,,,,,,,,,,,,,,https://cdn.shopify.com/s/files/1/0651/8987/1813/files/33_75b1c46a-ec42-463e-87ef-72ef9afee316.jpg?v=1744182141,5,,,,,,,,,,,,,,,,,,,,,,,,,,,,,,,,,,,,,,,,,
the-lumina-zircon,The Lumina Zircon,"<style type=""text/css""><!--td {border: 1px solid #cccccc;}br {mso-data-placement:same-cell;}--></style>
<style type=""text/css""><!--td {border: 1px solid #cccccc;}br {mso-data-placement:same-cell;}--></style>
<p><span data-sheets-root=""1"">A stunning silver butterfly pendant, gracefully crafted to capture the essence of nature's elegance. Whether worn as a statement piece or an everyday accessory, this pendant embodies timeless beauty and delicate charm. Perfect for those who appreciate nature-inspired jewelry.<br><br></span>Stone - <span data-sheets-root=""1"">White Swarovski Zircon</span><span data-sheets-root=""1""><br></span><span data-sheets-root=""1"">Pendant Length - 24cms<br>Earrings -1cm<br>Weight - 10.4g<br><br></span></p>
<style type=""text/css""><!--td {border: 1px solid #cccccc;}br {mso-data-placement:same-cell;}--></style>
<style type=""text/css""><!--td {border: 1px solid #cccccc;}br {mso-data-placement:same-cell;}--></style>
<p><span data-sheets-root=""1"">Keep Your Jewellery Away From Soaps, Perfumes, Cosmetics, Humidity And Extreme Temperature.<br>Jewellery Is Delicate, Any Impact, Pressure Or Mishandling Can Cause Breakage Or Damage. Repairing, If Possible, Is A Chargeable Service.<br>Gold Plating Will Fade With Regular Use And Frequent Exposure To Air And Water. It Will Need Re-Plating. We Can Re-Plate It At A Nominal Charge. Stones(Pasted/In Setting) Can Come Off With Rough Usage.<br>Silver Creations Get Oxidized When Exposed To Air. Use Silver Cleaning Cloth To Clean It. Any Other Powder Or Concentrate May Harm The Original Finish.<br><br></span></p>
<style type=""text/css""><!--td {border: 1px solid #cccccc;}br {mso-data-placement:same-cell;}--></style>
<style type=""text/css""><!--td {border: 1px solid #cccccc;}br {mso-data-placement:same-cell;}--></style>
<p> </p>",SVADEZI,Apparel & Accessories > Jewelry > Necklaces,pendant,,false,Title,Default Title,,,,,,,,SCSET/1022,10.4,shopify,50,continue,manual,5438.0,12470.0,true,true,,,,,,https://cdn.shopify.com/s/files/1/0651/8987/1813/files/21..jpg?v=1744869490,1,,false,,,196,,,,,,,,,,,,,,'0,,,,,,,,,,,,,,,,g,,1463.00,true,,,active
the-lumina-zircon,,,,,,,,,,,,,,,,,,,,,,,,,,,,,,,,https://cdn.shopify.com/s/files/1/0651/8987/1813/files/203_b77fca39-0852-4136-a2b3-e6c0eb88636d.jpg?v=1744869490,2,,,,,,,,,,,,,,,,,,,,,,,,,,,,,,,,,,,,,,,,,
the-lumina-zircon,,,,,,,,,,,,,,,,,,,,,,,,,,,,,,,,https://cdn.shopify.com/s/files/1/0651/8987/1813/files/205.jpg?v=1744869490,3,,,,,,,,,,,,,,,,,,,,,,,,,,,,,,,,,,,,,,,,,
the-lumina-zircon,,,,,,,,,,,,,,,,,,,,,,,,,,,,,,,,https://cdn.shopify.com/s/files/1/0651/8987/1813/files/204.jpg?v=1744869490,4,,,,,,,,,,,,,,,,,,,,,,,,,,,,,,,,,,,,,,,,,
the-lumina-zircon,,,,,,,,,,,,,,,,,,,,,,,,,,,,,,,,https://cdn.shopify.com/s/files/1/0651/8987/1813/files/20_4287420a-562d-44f7-a093-1e49426198bf.jpg?v=1744348153,5,,,,,,,,,,,,,,,,,,,,,,,,,,,,,,,,,,,,,,,,,
the-lumina-zircon,,,,,,,,,,,,,,,,,,,,,,,,,,,,,,,,https://cdn.shopify.com/s/files/1/0651/8987/1813/files/08_5f17f902-9e4d-468e-bb29-6468182d70da.jpg?v=1744348153,6,,,,,,,,,,,,,,,,,,,,,,,,,,,,,,,,,,,,,,,,,
the-lumina-zircon,,,,,,,,,,,,,,,,,,,,,,,,,,,,,,,,https://cdn.shopify.com/s/files/1/0651/8987/1813/files/07_2487dbd6-d328-46d0-b9a7-9877a5421e59.jpg?v=1744348153,7,,,,,,,,,,,,,,,,,,,,,,,,,,,,,,,,,,,,,,,,,
roseate-remembrance-chain,Roseate Remembrance Chain,"<style type=""text/css""><!--td {border: 1px solid #cccccc;}br {mso-data-placement:same-cell;}--></style>
<p><span data-sheets-root=""1"">Elegance meets sentiment with this exquisite silver chain, beautifully finished in a rose gold polish. A timeless piece that symbolizes love, security, and cherished memories. Perfect for layering or wearing solo, this pendant adds a touch of sophistication to any outfit.<br><br>Gemstone - </span><span data-sheets-root=""1"">White Swarovski Zircon<br>Length - 24cms<br>Weight - 4.78g<br><br></span></p>
<style type=""text/css""><!--td {border: 1px solid #cccccc;}br {mso-data-placement:same-cell;}--></style>
<style type=""text/css""><!--td {border: 1px solid #cccccc;}br {mso-data-placement:same-cell;}--></style>
<p><span data-sheets-root=""1"">Keep Your Jewellery Away From Soaps, Perfumes, Cosmetics, Humidity And Extreme Temperature.<br>Jewellery Is Delicate, Any Impact, Pressure Or Mishandling Can Cause Breakage Or Damage. Repairing, If Possible, Is A Chargeable Service.<br>Gold Plating Will Fade With Regular Use And Frequent Exposure To Air And Water. It Will Need Re-Plating. We Can Re-Plate It At A Nominal Charge. Stones(Pasted/In Setting) Can Come Off With Rough Usage.<br>Silver Creations Get Oxidized When Exposed To Air. Use Silver Cleaning Cloth To Clean It. Any Other Powder Or Concentrate May Harm The Original Finish.<br></span><br></p>",SVADEZI,Apparel & Accessories > Jewelry > Necklaces,pendant,,false,Title,Default Title,,,,,,,,SCH/15204,4.78,shopify,50,continue,manual,3263.0,7033.0,true,true,,,,,,https://cdn.shopify.com/s/files/1/0651/8987/1813/files/01_a58917c8-e656-4f3f-abd3-f0259823380b.jpg?v=1744869511,1,,false,,,196,,,,,,,,,,,,,,'0,,,rose-gold,,rose-gold; silver,imitation-jewelry,chain; pendant,,,,,,,,,g,,784.00,true,,,active
roseate-remembrance-chain,,,,,,,,,,,,,,,,,,,,,,,,,,,,,,,,https://cdn.shopify.com/s/files/1/0651/8987/1813/files/192.jpg?v=1744869511,2,,,,,,,,,,,,,,,,,,,,,,,,,,,,,,,,,,,,,,,,,
roseate-remembrance-chain,,,,,,,,,,,,,,,,,,,,,,,,,,,,,,,,https://cdn.shopify.com/s/files/1/0651/8987/1813/files/191_82106f76-095e-4a6c-b7f3-7a74a88031d0.jpg?v=1744869511,3,,,,,,,,,,,,,,,,,,,,,,,,,,,,,,,,,,,,,,,,,
roseate-remembrance-chain,,,,,,,,,,,,,,,,,,,,,,,,,,,,,,,,https://cdn.shopify.com/s/files/1/0651/8987/1813/files/14_0e351c50-81b9-448e-985c-18ea1c77ce29.jpg?v=1744869511,4,,,,,,,,,,,,,,,,,,,,,,,,,,,,,,,,,,,,,,,,,
classic-radiance-silver-chain,Classic Radiance Silver Chain,"<style type=""text/css""><!--td {border: 1px solid #cccccc;}br {mso-data-placement:same-cell;}--></style>
<p><span data-sheets-root=""1"">This silver chain is a stunning piece of jewelry that combines elegance with brilliance. The versatility of this piece makes it perfect for both casual wear and special occasions, offering a refined touch to any outfit.<br></span><br>Gemstones - <span data-sheets-root=""1"">White Swarovski Zircon<br>Length - 22cms<br>Weight - 3.22<br><br></span></p>
<style type=""text/css""><!--td {border: 1px solid #cccccc;}br {mso-data-placement:same-cell;}--></style>
<p><span data-sheets-root=""1"">Keep Your Jewellery Away From Soaps, Perfumes, Cosmetics, Humidity And Extreme Temperature.<br>Jewellery Is Delicate, Any Impact, Pressure Or Mishandling Can Cause Breakage Or Damage. Repairing, If Possible, Is A Chargeable Service.<br>Gold Plating Will Fade With Regular Use And Frequent Exposure To Air And Water. It Will Need Re-Plating. We Can Re-Plate It At A Nominal Charge. Stones(Pasted/In Setting) Can Come Off With Rough Usage.<br>Silver Creations Get Oxidized When Exposed To Air. Use Silver Cleaning Cloth To Clean It. Any Other Powder Or Concentrate May Harm The Original Finish.<br><br></span></p>
<style type=""text/css""><!--td {border: 1px solid #cccccc;}br {mso-data-placement:same-cell;}--></style>",SVADEZI,Apparel & Accessories > Jewelry > Charms & Pendants,pendant,,false,Title,Default Title,,,,,,,,SCH/24632,3.22,shopify,50,continue,manual,2688.0,5595.0,true,true,,,,,,https://cdn.shopify.com/s/files/1/0651/8987/1813/files/d_52.jpg?v=1744869533,1,,false,,,192,,,,,,,,,,,,,,'0,,,,,,,,,,,,,,,,g,,605.00,true,,,active
classic-radiance-silver-chain,,,,,,,,,,,,,,,,,,,,,,,,,,,,,,,,https://cdn.shopify.com/s/files/1/0651/8987/1813/files/181.jpg?v=1744352236,2,,,,,,,,,,,,,,,,,,,,,,,,,,,,,,,,,,,,,,,,,
classic-radiance-silver-chain,,,,,,,,,,,,,,,,,,,,,,,,,,,,,,,,https://cdn.shopify.com/s/files/1/0651/8987/1813/files/16_12a43010-249b-4b66-afd0-ba8bdbe2ae9c.jpg?v=1744352236,3,,,,,,,,,,,,,,,,,,,,,,,,,,,,,,,,,,,,,,,,,
eternity-heart-chain,Eternity Heart Chain,"<style type=""text/css""><!--td {border: 1px solid #cccccc;}br {mso-data-placement:same-cell;}--></style>
<p><span data-sheets-root=""1"">Embrace timeless elegance with this stunning Heart Stone Silver Chain.This necklace is a perfect reminder of the beauty in love and life. Elevate your jewelry collection with this heartfelt accessory, an ideal gift for someone special or a treasured addition to your personal style.<br></span></p>
<p><span data-sheets-root=""1"">Gemstone - </span><span data-sheets-root=""1"">White Swarovski Zircon<br>Length - 24cms<br>Weight - 3.55g<br><br></span></p>
<style type=""text/css""><!--td {border: 1px solid #cccccc;}br {mso-data-placement:same-cell;}--></style>
<p><span data-sheets-root=""1"">Keep Your Jewellery Away From Soaps, Perfumes, Cosmetics, Humidity And Extreme Temperature.<br>Jewellery Is Delicate, Any Impact, Pressure Or Mishandling Can Cause Breakage Or Damage. Repairing, If Possible, Is A Chargeable Service.<br>Gold Plating Will Fade With Regular Use And Frequent Exposure To Air And Water. It Will Need Re-Plating. We Can Re-Plate It At A Nominal Charge. Stones(Pasted/In Setting) Can Come Off With Rough Usage.<br>Silver Creations Get Oxidized When Exposed To Air. Use Silver Cleaning Cloth To Clean It. Any Other Powder Or Concentrate May Harm The Original Finish.<br><br><br><br></span></p>
<style type=""text/css""><!--td {border: 1px solid #cccccc;}br {mso-data-placement:same-cell;}--></style>",SVADEZI,Apparel & Accessories > Jewelry > Charms & Pendants,pendant,,false,Title,Default Title,,,,,,,,SCH/24635,3.55,shopify,50,continue,manual,2575.0,5313.0,true,true,,,,,,https://cdn.shopify.com/s/files/1/0651/8987/1813/files/d_2.jpg?v=1744869559,1,,false,,,192,,,,,,,,,,,,,,'0,teens; universal,,silver,,silver; rose-gold,imitation-jewelry,,,,female,,,,,,g,,569.00,true,,,active
eternity-heart-chain,,,,,,,,,,,,,,,,,,,,,,,,,,,,,,,,https://cdn.shopify.com/s/files/1/0651/8987/1813/files/195.jpg?v=1744352811,2,,,,,,,,,,,,,,,,,,,,,,,,,,,,,,,,,,,,,,,,,
eternity-heart-chain,,,,,,,,,,,,,,,,,,,,,,,,,,,,,,,,https://cdn.shopify.com/s/files/1/0651/8987/1813/files/05_85eaa20f-c16c-4edf-a1b0-7e8e6ca8ede8.jpg?v=1744352811,3,,,,,,,,,,,,,,,,,,,,,,,,,,,,,,,,,,,,,,,,,
celestial-gleam-pendant-chain,Celestial Gleam Pendant & Chain,"<style type=""text/css""><!--td {border: 1px solid #cccccc;}br {mso-data-placement:same-cell;}--></style>
<style type=""text/css""><!--td {border: 1px solid #cccccc;}br {mso-data-placement:same-cell;}--></style>
<p><span data-sheets-root=""1"">Embrace divine elegance with this exquisite Pendant crafted in a radiant gold polish, paired with a sleek gold polish chain for a timeless look. A perfect blend of spirituality and style, this pendant adds a touch of grace to any outfit, Ideal for daily wear or special occasions.<br></span></p>
<p><span data-sheets-root=""1"">Gemstone - </span><span data-sheets-root=""1"">White Swarovski Zircon<br>Length - 25cms<br>Weight - 4.51g<br><br></span></p>
<style type=""text/css""><!--td {border: 1px solid #cccccc;}br {mso-data-placement:same-cell;}--></style>
<p><span data-sheets-root=""1"">Keep Your Jewellery Away From Soaps, Perfumes, Cosmetics, Humidity And Extreme Temperature.<br>Jewellery Is Delicate, Any Impact, Pressure Or Mishandling Can Cause Breakage Or Damage. Repairing, If Possible, Is A Chargeable Service.<br>Gold Plating Will Fade With Regular Use And Frequent Exposure To Air And Water. It Will Need Re-Plating. We Can Re-Plate It At A Nominal Charge. Stones(Pasted/In Setting) Can Come Off With Rough Usage.<br>Silver Creations Get Oxidized When Exposed To Air. Use Silver Cleaning Cloth To Clean It. Any Other Powder Or Concentrate May Harm The Original Finish.<br><br><br><br></span></p>
<style type=""text/css""><!--td {border: 1px solid #cccccc;}br {mso-data-placement:same-cell;}--></style>
<p> </p>",SVADEZI,Apparel & Accessories > Jewelry > Charms & Pendants,pendant,,false,Title,Default Title,,,,,,,,SCH/21116,4.51,shopify,50,continue,manual,2725.0,5688.0,true,true,,,,,,https://cdn.shopify.com/s/files/1/0651/8987/1813/files/02_7eae4f08-d315-4e55-8127-1b6d37b20d80.jpg?v=1744869580,1,,false,,,192,,,,,,,,,,,,,,,adults,,white-gold,,gold,imitation-jewelry,,,,unisex; female,,,,,,g,,616.00,true,,,active
celestial-gleam-pendant-chain,,,,,,,,,,,,,,,,,,,,,,,,,,,,,,,,https://cdn.shopify.com/s/files/1/0651/8987/1813/files/190_6df432ef-74a1-4ef2-adc8-04f1f76a8a99.jpg?v=1744869580,2,,,,,,,,,,,,,,,,,,,,,,,,,,,,,,,,,,,,,,,,,
celestial-gleam-pendant-chain,,,,,,,,,,,,,,,,,,,,,,,,,,,,,,,,https://cdn.shopify.com/s/files/1/0651/8987/1813/files/12_d4716944-35d1-4dba-9a5b-1002bbc22103.jpg?v=1744869580,3,,,,,,,,,,,,,,,,,,,,,,,,,,,,,,,,,,,,,,,,,
divine-om-flute-pendant-for-peace-harmony-gold-polished,Divine Om Flute Pendant for Peace & Harmony | Gold-Polished,"<style type=""text/css""><!--td {border: 1px solid #cccccc;}br {mso-data-placement:same-cell;}--></style>
<p><span data-sheets-root=""1"">Embrace divine elegance with this exquisite pendant, a symbol of spirituality and harmony. Crafted with intricate detailing and adorned with a gold-polished chain, this masterpiece exudes grace and devotion. The combination of the sacred Om and the melodious flute signifies peace, positivity, and the eternal connection with divinity.<br><br></span>Gemstone - Semi premium zicron<br>Height - 25cms<br>Weight - 4.42g<br><br><span data-sheets-root=""1"">Keep Your Jewellery Away From Soaps, Perfumes, Cosmetics, Humidity And Extreme Temperature.<br>Jewellery Is Delicate, Any Impact, Pressure Or Mishandling Can Cause Breakage Or Damage. Repairing, If Possible, Is A Chargeable Service.<br>Gold Plating Will Fade With Regular Use And Frequent Exposure To Air And Water. It Will Need Re-Plating. We Can Re-Plate It At A Nominal Charge. Stones(Pasted/In Setting) Can Come Off With Rough Usage.<br>Silver Creations Get Oxidized When Exposed To Air. Use Silver Cleaning Cloth To Clean It. Any Other Powder Or Concentrate May Harm The Original Finish.<br><br><br></span><br></p>",SVADEZI,Apparel & Accessories > Jewelry > Charms & Pendants,pendant,,false,Title,Default Title,,,,,,,,SCH/21105,4.42,shopify,50,continue,manual,2688.0,5595.0,true,true,,,,,,https://cdn.shopify.com/s/files/1/0651/8987/1813/files/03_c5a175c7-5070-48e3-ac47-134db6998666.jpg?v=1744869605,1,,false,,,192,,adult,,,,,,,,,,,,'0,universal,,white-gold,,gold,imitation-jewelry,,,,unisex,,,,,,g,,605.00,true,,,active
divine-om-flute-pendant-for-peace-harmony-gold-polished,,,,,,,,,,,,,,,,,,,,,,,,,,,,,,,,https://cdn.shopify.com/s/files/1/0651/8987/1813/files/15_f738d7ef-de6a-4500-a3da-08b2d17e227c.jpg?v=1744869605,2,,,,,,,,,,,,,,,,,,,,,,,,,,,,,,,,,,,,,,,,,
divine-om-flute-pendant-for-peace-harmony-gold-polished,,,,,,,,,,,,,,,,,,,,,,,,,,,,,,,,https://cdn.shopify.com/s/files/1/0651/8987/1813/files/185.jpg?v=1744869602,3,,,,,,,,,,,,,,,,,,,,,,,,,,,,,,,,,,,,,,,,,
krishna-feather-flute-silver-pendant-elegant-devotion,Krishna Feather & Flute Silver Pendant - Elegant Devotion,"<style type=""text/css""><!--td {border: 1px solid #cccccc;}br {mso-data-placement:same-cell;}--></style>
<style type=""text/css""><!--td {border: 1px solid #cccccc;}br {mso-data-placement:same-cell;}--></style>
<style type=""text/css""><!--td {border: 1px solid #cccccc;}br {mso-data-placement:same-cell;}--></style>
<p><span data-sheets-root=""1"">A mesmerizing fusion of elegance and devotion—this exquisite silver chain features a beautifully crafted peacock feather in metal, gracefully paired with a divine flute. Symbolizing Lord Krishna’s eternal charm and wisdom, this intricate design captures the essence of spirituality and artistry. A perfect blend of tradition and contemporary craftsmanship, this pendant is a timeless treasure for devotees and art lovers alike.<br></span></p>
<p><span data-sheets-root=""1"">Gemstone - Semi precious zicron with blue stone</span><span data-sheets-root=""1""><br>Length - 26cms<br>Weight - 4.45g<br><br></span></p>
<style type=""text/css""><!--td {border: 1px solid #cccccc;}br {mso-data-placement:same-cell;}--></style>
<p><span data-sheets-root=""1"">Keep Your Jewellery Away From Soaps, Perfumes, Cosmetics, Humidity And Extreme Temperature.<br>Jewellery Is Delicate, Any Impact, Pressure Or Mishandling Can Cause Breakage Or Damage. Repairing, If Possible, Is A Chargeable Service.<br>Gold Plating Will Fade With Regular Use And Frequent Exposure To Air And Water. It Will Need Re-Plating. We Can Re-Plate It At A Nominal Charge. Stones(Pasted/In Setting) Can Come Off With Rough Usage.<br>Silver Creations Get Oxidized When Exposed To Air. Use Silver Cleaning Cloth To Clean It. Any Other Powder Or Concentrate May Harm The Original Finish.<br><br><br><br></span></p>
<style type=""text/css""><!--td {border: 1px solid #cccccc;}br {mso-data-placement:same-cell;}--></style>
<p> </p>",SVADEZI,Apparel & Accessories > Jewelry > Necklaces,pendant,,false,Title,Default Title,,,,,,,,SCH/21003,4.45,shopify,50,continue,manual,2700.0,5625.0,true,true,,,,,,https://cdn.shopify.com/s/files/1/0651/8987/1813/files/04_48952fef-ea2c-4238-98f2-e64bcc5f2758.jpg?v=1744869365,1,,false,,,196,,adult,,,,,,,,,,,,'0,adults,,white-gold; blue,,gold,imitation-jewelry,pendant,,,unisex,,,,,,g,,608.00,true,,,active
krishna-feather-flute-silver-pendant-elegant-devotion,,,,,,,,,,,,,,,,,,,,,,,,,,,,,,,,https://cdn.shopify.com/s/files/1/0651/8987/1813/files/183.jpg?v=1744869365,2,,,,,,,,,,,,,,,,,,,,,,,,,,,,,,,,,,,,,,,,,
krishna-feather-flute-silver-pendant-elegant-devotion,,,,,,,,,,,,,,,,,,,,,,,,,,,,,,,,https://cdn.shopify.com/s/files/1/0651/8987/1813/files/182_8c4b05b0-1b2b-420c-ab32-2b007a1ff388.jpg?v=1744869365,3,,,,,,,,,,,,,,,,,,,,,,,,,,,,,,,,,,,,,,,,,
krishna-feather-flute-silver-pendant-elegant-devotion,,,,,,,,,,,,,,,,,,,,,,,,,,,,,,,,https://cdn.shopify.com/s/files/1/0651/8987/1813/files/13_9bc30c98-d74a-418a-bc2b-ab3c81b9de3d.jpg?v=1744869365,4,,,,,,,,,,,,,,,,,,,,,,,,,,,,,,,,,,,,,,,,,
silver-pendant-luxurious-shine-for-everyday-special-events,Silver Pendant: Luxurious Shine for Everyday & Special Events,"<style type=""text/css""><!--td {border: 1px solid #cccccc;}br {mso-data-placement:same-cell;}--></style>
<style type=""text/css""><!--td {border: 1px solid #cccccc;}br {mso-data-placement:same-cell;}--></style>
<p><span data-sheets-root=""1"">Embrace divine elegance with this exquisite Pendant crafted in a radiant gold polish, paired with a sleek gold polish chain for a timeless look. A perfect blend of spirituality and style, this pendant adds a touch of grace to any outfit, Ideal for daily wear or special occasions.<br></span></p>
<p><span data-sheets-root=""1"">Gemstone - </span><span data-sheets-root=""1"">White Swarovski Zircon<br>Length - 21cms<br>Weight - 3.5g<br><br></span></p>
<style type=""text/css""><!--td {border: 1px solid #cccccc;}br {mso-data-placement:same-cell;}--></style>
<p><span data-sheets-root=""1"">Keep Your Jewellery Away From Soaps, Perfumes, Cosmetics, Humidity And Extreme Temperature.<br>Jewellery Is Delicate, Any Impact, Pressure Or Mishandling Can Cause Breakage Or Damage. Repairing, If Possible, Is A Chargeable Service.<br>Gold Plating Will Fade With Regular Use And Frequent Exposure To Air And Water. It Will Need Re-Plating. We Can Re-Plate It At A Nominal Charge. Stones(Pasted/In Setting) Can Come Off With Rough Usage.<br>Silver Creations Get Oxidized When Exposed To Air. Use Silver Cleaning Cloth To Clean It. Any Other Powder Or Concentrate May Harm The Original Finish.<br><br><br><br></span></p>
<style type=""text/css""><!--td {border: 1px solid #cccccc;}br {mso-data-placement:same-cell;}--></style>
<p> </p>",SVADEZI,Apparel & Accessories > Jewelry > Necklaces,pendant,,false,Title,Default Title,,,,,,,,SCH/11523,3.5,shopify,50,continue,manual,2238.0,4470.0,true,true,,,,,,https://cdn.shopify.com/s/files/1/0651/8987/1813/files/03_9c8166f5-9542-4cc8-be12-f60198fbba5c.jpg?v=1744863931,1,,false,,,196,,adult,,,,,,,,,,,,,adults,,silver,,gold; silver,imitation-jewelry,pendant,,,unisex,,,,,,g,,464.00,true,,,active
silver-pendant-luxurious-shine-for-everyday-special-events,,,,,,,,,,,,,,,,,,,,,,,,,,,,,,,,https://cdn.shopify.com/s/files/1/0651/8987/1813/files/187_e5ca0e29-6d8a-4b28-a23c-e06de106f313.jpg?v=1744863932,2,,,,,,,,,,,,,,,,,,,,,,,,,,,,,,,,,,,,,,,,,
silver-pendant-luxurious-shine-for-everyday-special-events,,,,,,,,,,,,,,,,,,,,,,,,,,,,,,,,https://cdn.shopify.com/s/files/1/0651/8987/1813/files/11_0eaab17d-93bb-4f18-9324-9b7013f3e02e.jpg?v=1744863933,3,,,,,,,,,,,,,,,,,,,,,,,,,,,,,,,,,,,,,,,,,
reflective-silver-pendant,925 Silver Wing Necklace - White Zircon,"<style type=""text/css""><!--td {border: 1px solid #cccccc;}br {mso-data-placement:same-cell;}--></style>
<style type=""text/css""><!--td {border: 1px solid #cccccc;}br {mso-data-placement:same-cell;}--></style>
<style type=""text/css""><!--td {border: 1px solid #cccccc;}br {mso-data-placement:same-cell;}--></style>
<p><span data-sheets-root=""1"">Exude elegance with our exquisite 92.5 sterling silver wing chain featuring a stunning solitaire centerpiece. Crafted to perfection, this timeless piece effortlessly blends sophistication with subtle charm, making it a must-have accessory for any occasion.<br></span></p>
<p><span data-sheets-root=""1"">Gemstone - </span><span data-sheets-root=""1"">White Swarovski Zircon<br>Length - 22cms<br>Weight - 2.86g<br><br></span></p>
<style type=""text/css""><!--td {border: 1px solid #cccccc;}br {mso-data-placement:same-cell;}--></style>
<p><span data-sheets-root=""1"">Keep Your Jewellery Away From Soaps, Perfumes, Cosmetics, Humidity And Extreme Temperature.<br>Jewellery Is Delicate, Any Impact, Pressure Or Mishandling Can Cause Breakage Or Damage. Repairing, If Possible, Is A Chargeable Service.<br>Gold Plating Will Fade With Regular Use And Frequent Exposure To Air And Water. It Will Need Re-Plating. We Can Re-Plate It At A Nominal Charge. Stones(Pasted/In Setting) Can Come Off With Rough Usage.<br>Silver Creations Get Oxidized When Exposed To Air. Use Silver Cleaning Cloth To Clean It. Any Other Powder Or Concentrate May Harm The Original Finish.<br><br><br><br></span></p>
<style type=""text/css""><!--td {border: 1px solid #cccccc;}br {mso-data-placement:same-cell;}--></style>
<p> </p>",SVADEZI,Apparel & Accessories > Jewelry > Necklaces,pendant,,false,Title,Default Title,,,,,,,,SCH/17989,2.86,shopify,50,continue,manual,2400.0,4875.0,true,true,,,,,,https://cdn.shopify.com/s/files/1/0651/8987/1813/files/11_c652ae4a-15e3-4f18-9b7a-e4de86e489e7.jpg?v=1744869329,1,,false,,,196,,adult,,,,,,,,,,,,'0,adults,,white-gold; silver,,gold,imitation-jewelry,pendant,,,female,,,,,,g,,515.00,true,,,active
reflective-silver-pendant,,,,,,,,,,,,,,,,,,,,,,,,,,,,,,,,https://cdn.shopify.com/s/files/1/0651/8987/1813/files/178.jpg?v=1744869329,2,,,,,,,,,,,,,,,,,,,,,,,,,,,,,,,,,,,,,,,,,
reflective-silver-pendant,,,,,,,,,,,,,,,,,,,,,,,,,,,,,,,,https://cdn.shopify.com/s/files/1/0651/8987/1813/files/09_9d6ec7ab-83f2-4bc0-b3e1-a6f3e7b13e33.jpg?v=1744864293,3,,,,,,,,,,,,,,,,,,,,,,,,,,,,,,,,,,,,,,,,,
silver-heart-arrow-mop-charm-necklace,Silver Heart & Arrow MOP Charm Necklace,"<style type=""text/css""><!--td {border: 1px solid #cccccc;}br {mso-data-placement:same-cell;}--></style>
<style type=""text/css""><!--td {border: 1px solid #cccccc;}br {mso-data-placement:same-cell;}--></style>
<style type=""text/css""><!--td {border: 1px solid #cccccc;}br {mso-data-placement:same-cell;}--></style>
<style type=""text/css""><!--td {border: 1px solid #cccccc;}br {mso-data-placement:same-cell;}--></style>
<p><span data-sheets-root=""1"">Elevate your style with this adjustable sterling silver chain, featuring a durable and versatile design that's perfect for dressing up or down. Simple yet sophisticated, this sterling silver adjustable chain is a wardrobe essential that's perfect for layering or showcasing a statement pendant<br></span></p>
<p><span data-sheets-root=""1"">Gemstone - MOP</span><span data-sheets-root=""1""><br>Length - 30cms<br>Weight - 3.54g<br><br></span></p>
<style type=""text/css""><!--td {border: 1px solid #cccccc;}br {mso-data-placement:same-cell;}--></style>
<p><span data-sheets-root=""1"">Keep Your Jewellery Away From Soaps, Perfumes, Cosmetics, Humidity And Extreme Temperature.<br>Jewellery Is Delicate, Any Impact, Pressure Or Mishandling Can Cause Breakage Or Damage. Repairing, If Possible, Is A Chargeable Service.<br>Gold Plating Will Fade With Regular Use And Frequent Exposure To Air And Water. It Will Need Re-Plating. We Can Re-Plate It At A Nominal Charge. Stones(Pasted/In Setting) Can Come Off With Rough Usage.<br>Silver Creations Get Oxidized When Exposed To Air. Use Silver Cleaning Cloth To Clean It. Any Other Powder Or Concentrate May Harm The Original Finish.<br><br><br><br></span></p>
<style type=""text/css""><!--td {border: 1px solid #cccccc;}br {mso-data-placement:same-cell;}--></style>
<p> </p>",SVADEZI,Apparel & Accessories > Jewelry > Necklaces,pendant,,false,Title,Default Title,,,,,,,,SCH/19405,3.54,shopify,50,continue,manual,2738.0,4220.0,true,true,,,,,,https://cdn.shopify.com/s/files/1/0651/8987/1813/files/274_250f88dc-67fc-47a5-ae3b-67fae3d8f769.jpg?v=1744869312,1,,false,,,196,,adult,,,,,,,,,,,,'0,universal,,silver,,silver; sterling-silver,imitation-jewelry; fine-jewelry,pendant; chain,,,female,,,,,,g,,620.00,true,,,active
silver-heart-arrow-mop-charm-necklace,,,,,,,,,,,,,,,,,,,,,,,,,,,,,,,,https://cdn.shopify.com/s/files/1/0651/8987/1813/files/194.jpg?v=1744866559,2,,,,,,,,,,,,,,,,,,,,,,,,,,,,,,,,,,,,,,,,,
silver-heart-arrow-mop-charm-necklace,,,,,,,,,,,,,,,,,,,,,,,,,,,,,,,,https://cdn.shopify.com/s/files/1/0651/8987/1813/files/193.jpg?v=1744866559,3,,,,,,,,,,,,,,,,,,,,,,,,,,,,,,,,,,,,,,,,,
silver-heart-arrow-mop-charm-necklace,,,,,,,,,,,,,,,,,,,,,,,,,,,,,,,,https://cdn.shopify.com/s/files/1/0651/8987/1813/files/08_1c98f9b0-50f1-4a2c-bffd-75205ddc9e9e.jpg?v=1744866559,4,,,,,,,,,,,,,,,,,,,,,,,,,,,,,,,,,,,,,,,,,
mother-of-pearl-heart-arrow-pendant-silver-adjustable-chain,Mother of Pearl Heart & Arrow Pendant | Silver Adjustable Chain,"<style type=""text/css""><!--td {border: 1px solid #cccccc;}br {mso-data-placement:same-cell;}--></style>
<style type=""text/css""><!--td {border: 1px solid #cccccc;}br {mso-data-placement:same-cell;}--></style>
<style type=""text/css""><!--td {border: 1px solid #cccccc;}br {mso-data-placement:same-cell;}--></style>
<style type=""text/css""><!--td {border: 1px solid #cccccc;}br {mso-data-placement:same-cell;}--></style>
<p><span data-sheets-root=""1"">Introducing our exquisite silver adjustable charm chain featuring a heart and arrow pendant, where the heart is delicately crafted from luminous Mother of Pearl (MOP). This unique design beautifully blends the timeless symbolism of the heart and arrow with the natural elegance of Mother of Pearl, making it a stylish and meaningful accessory for any occasion.<br></span></p>
<p><span data-sheets-root=""1"">Gemstone - MOP</span><span data-sheets-root=""1""><br>Length - 22cms<br>Weight - 2.76g<br><br></span></p>
<style type=""text/css""><!--td {border: 1px solid #cccccc;}br {mso-data-placement:same-cell;}--></style>
<p><span data-sheets-root=""1"">Keep Your Jewellery Away From Soaps, Perfumes, Cosmetics, Humidity And Extreme Temperature.<br>Jewellery Is Delicate, Any Impact, Pressure Or Mishandling Can Cause Breakage Or Damage. Repairing, If Possible, Is A Chargeable Service.<br>Gold Plating Will Fade With Regular Use And Frequent Exposure To Air And Water. It Will Need Re-Plating. We Can Re-Plate It At A Nominal Charge. Stones(Pasted/In Setting) Can Come Off With Rough Usage.<br>Silver Creations Get Oxidized When Exposed To Air. Use Silver Cleaning Cloth To Clean It. Any Other Powder Or Concentrate May Harm The Original Finish.<br><br><br><br></span></p>
<style type=""text/css""><!--td {border: 1px solid #cccccc;}br {mso-data-placement:same-cell;}--></style>
<p> </p>",SVADEZI,Apparel & Accessories > Jewelry > Necklaces,pendant,,false,Title,Default Title,,,,,,,,SCH/13895,2.76,shopify,50,continue,manual,2138.0,4220.0,true,true,,,,,,https://cdn.shopify.com/s/files/1/0651/8987/1813/files/18_7c925e00-c69d-4432-958d-4e997ed52524.jpg?v=1744950680,1,,false,,,196,,,,,,,,,,,,,,'0,,,silver,,silver,imitation-jewelry,pendant,,,,,,,,,g,,433.00,true,,,active
mother-of-pearl-heart-arrow-pendant-silver-adjustable-chain,,,,,,,,,,,,,,,,,,,,,,,,,,,,,,,,https://cdn.shopify.com/s/files/1/0651/8987/1813/files/188.jpg?v=1744950680,2,,,,,,,,,,,,,,,,,,,,,,,,,,,,,,,,,,,,,,,,,
mother-of-pearl-heart-arrow-pendant-silver-adjustable-chain,,,,,,,,,,,,,,,,,,,,,,,,,,,,,,,,https://cdn.shopify.com/s/files/1/0651/8987/1813/files/17_95c060b3-1617-48ba-b496-a031150d7141.jpg?v=1744950680,3,,,,,,,,,,,,,,,,,,,,,,,,,,,,,,,,,,,,,,,,,
swan-zircon-necklace,Swan Zircon Necklace,"<style type=""text/css""><!--td {border: 1px solid #cccccc;}br {mso-data-placement:same-cell;}--></style>
<style type=""text/css""><!--td {border: 1px solid #cccccc;}br {mso-data-placement:same-cell;}--></style>
<style type=""text/css""><!--td {border: 1px solid #cccccc;}br {mso-data-placement:same-cell;}--></style>
<style type=""text/css""><!--td {border: 1px solid #cccccc;}br {mso-data-placement:same-cell;}--></style>
<style type=""text/css""><!--td {border: 1px solid #cccccc;}br {mso-data-placement:same-cell;}--></style>
<p><span data-sheets-root=""1"">This elegant white swan pendant, adorned with dazzling zircon stones, glides gracefully on a sleek silver chain. A timeless piece that embodies beauty, purity, and sophistication. Perfect for adding a touch of charm to any outfit!<br></span></p>
<p><span data-sheets-root=""1"">Gemstone - Semi Precious Zircon </span><span data-sheets-root=""1""><br>Length - 23cms<br>Weight - 3.64g<br><br></span></p>
<style type=""text/css""><!--td {border: 1px solid #cccccc;}br {mso-data-placement:same-cell;}--></style>
<p><span data-sheets-root=""1"">Keep Your Jewellery Away From Soaps, Perfumes, Cosmetics, Humidity And Extreme Temperature.<br>Jewellery Is Delicate, Any Impact, Pressure Or Mishandling Can Cause Breakage Or Damage. Repairing, If Possible, Is A Chargeable Service.<br>Gold Plating Will Fade With Regular Use And Frequent Exposure To Air And Water. It Will Need Re-Plating. We Can Re-Plate It At A Nominal Charge. Stones(Pasted/In Setting) Can Come Off With Rough Usage.<br>Silver Creations Get Oxidized When Exposed To Air. Use Silver Cleaning Cloth To Clean It. Any Other Powder Or Concentrate May Harm The Original Finish.<br><br><br><br></span></p>
<style type=""text/css""><!--td {border: 1px solid #cccccc;}br {mso-data-placement:same-cell;}--></style>
<p> </p>",SVADEZI,Apparel & Accessories > Jewelry > Necklaces,pendant,,false,Title,Default Title,,,,,,,,SCH/21302,3.64,shopify,50,continue,manual,2475.0,5062.5,true,true,,,,,,https://cdn.shopify.com/s/files/1/0651/8987/1813/files/06_bc218b34-53ab-4136-a50e-0e888f59eee3.jpg?v=1744951039,1,,false,,,196,,,,,,,,,,,,,,'0,,,silver,,silver,imitation-jewelry,pendant,,,unisex,,,,,,g,,538.00,true,,,active
swan-zircon-necklace,,,,,,,,,,,,,,,,,,,,,,,,,,,,,,,,https://cdn.shopify.com/s/files/1/0651/8987/1813/files/186_4c2cdccd-26cf-406f-819d-09960a3cb35b.jpg?v=1744951039,2,,,,,,,,,,,,,,,,,,,,,,,,,,,,,,,,,,,,,,,,,
swan-zircon-necklace,,,,,,,,,,,,,,,,,,,,,,,,,,,,,,,,https://cdn.shopify.com/s/files/1/0651/8987/1813/files/18_1.jpg?v=1744951039,3,,,,,,,,,,,,,,,,,,,,,,,,,,,,,,,,,,,,,,,,,
artistic-flute-feather-silver-chain-nature-inspired-elegance,Artistic Flute Feather Silver Chain: Nature-Inspired Elegance,"<style type=""text/css""><!--td {border: 1px solid #cccccc;}br {mso-data-placement:same-cell;}--></style>
<style type=""text/css""><!--td {border: 1px solid #cccccc;}br {mso-data-placement:same-cell;}--></style>
<style type=""text/css""><!--td {border: 1px solid #cccccc;}br {mso-data-placement:same-cell;}--></style>
<style type=""text/css""><!--td {border: 1px solid #cccccc;}br {mso-data-placement:same-cell;}--></style>
<style type=""text/css""><!--td {border: 1px solid #cccccc;}br {mso-data-placement:same-cell;}--></style>
<p><span data-sheets-root=""1"">Discover the enchanting allure of the flute feather silver chain, a piece that seamlessly blends artistry with elegance, it reflects a deep appreciation for both artistic expression and the subtle elegance of nature.<br></span></p>
<p><span data-sheets-root=""1"">Gemstone - Semi Precious Zircon </span><span data-sheets-root=""1""><br>Length - 26cms<br>Weight - 5.85g<br><br></span></p>
<style type=""text/css""><!--td {border: 1px solid #cccccc;}br {mso-data-placement:same-cell;}--></style>
<p><span data-sheets-root=""1"">Keep Your Jewellery Away From Soaps, Perfumes, Cosmetics, Humidity And Extreme Temperature.<br>Jewellery Is Delicate, Any Impact, Pressure Or Mishandling Can Cause Breakage Or Damage. Repairing, If Possible, Is A Chargeable Service.<br>Gold Plating Will Fade With Regular Use And Frequent Exposure To Air And Water. It Will Need Re-Plating. We Can Re-Plate It At A Nominal Charge. Stones(Pasted/In Setting) Can Come Off With Rough Usage.<br>Silver Creations Get Oxidized When Exposed To Air. Use Silver Cleaning Cloth To Clean It. Any Other Powder Or Concentrate May Harm The Original Finish.<br><br><br><br></span></p>
<style type=""text/css""><!--td {border: 1px solid #cccccc;}br {mso-data-placement:same-cell;}--></style>
<p> </p>",SVADEZI,Apparel & Accessories > Jewelry > Necklaces,pendant,,false,Title,Default Title,,,,,,,,SCH/20918,0.0,shopify,50,continue,manual,3313.0,7157.5,true,true,,,,,,https://cdn.shopify.com/s/files/1/0651/8987/1813/files/23_1c1ebc30-2068-43d9-8834-80a01feca8ba.jpg?v=1744952046,1,,false,,,196,,,,,,,,,,,,,,,,,silver,,silver,imitation-jewelry,chain,,,,,,,,,g,,800.00,true,,,active
artistic-flute-feather-silver-chain-nature-inspired-elegance,,,,,,,,,,,,,,,,,,,,,,,,,,,,,,,,https://cdn.shopify.com/s/files/1/0651/8987/1813/files/19_1.jpg?v=1744952046,2,,,,,,,,,,,,,,,,,,,,,,,,,,,,,,,,,,,,,,,,,
artistic-flute-feather-silver-chain-nature-inspired-elegance,,,,,,,,,,,,,,,,,,,,,,,,,,,,,,,,https://cdn.shopify.com/s/files/1/0651/8987/1813/files/184.jpg?v=1744952046,3,,,,,,,,,,,,,,,,,,,,,,,,,,,,,,,,,,,,,,,,,
timeless-heart-pendant-elegant-jewelry-gift,Timeless Heart Pendant - Elegant Jewelry Gift,"<style type=""text/css""><!--td {border: 1px solid #cccccc;}br {mso-data-placement:same-cell;}--></style>
<style type=""text/css""><!--td {border: 1px solid #cccccc;}br {mso-data-placement:same-cell;}--></style>
<style type=""text/css""><!--td {border: 1px solid #cccccc;}br {mso-data-placement:same-cell;}--></style>
<style type=""text/css""><!--td {border: 1px solid #cccccc;}br {mso-data-placement:same-cell;}--></style>
<style type=""text/css""><!--td {border: 1px solid #cccccc;}br {mso-data-placement:same-cell;}--></style>
<style type=""text/css""><!--td {border: 1px solid #cccccc;}br {mso-data-placement:same-cell;}--></style>
<p><span data-sheets-root=""1"">This timeless piece exudes sophistication and charm, making it a perfect gift for a loved one or a stunning addition to your jewelry collection. The sleek and radiant finish of the heart pendant enhances its elegance, ensuring it complements any outfit with a touch of grace and sentimentality.<br><br></span><span data-sheets-root=""1"">Length - 25cms<br>Weight - 4g<br><br></span></p>
<style type=""text/css""><!--td {border: 1px solid #cccccc;}br {mso-data-placement:same-cell;}--></style>
<p><span data-sheets-root=""1"">Keep Your Jewellery Away From Soaps, Perfumes, Cosmetics, Humidity And Extreme Temperature.<br>Jewellery Is Delicate, Any Impact, Pressure Or Mishandling Can Cause Breakage Or Damage. Repairing, If Possible, Is A Chargeable Service.<br>Gold Plating Will Fade With Regular Use And Frequent Exposure To Air And Water. It Will Need Re-Plating. We Can Re-Plate It At A Nominal Charge. Stones(Pasted/In Setting) Can Come Off With Rough Usage.<br>Silver Creations Get Oxidized When Exposed To Air. Use Silver Cleaning Cloth To Clean It. Any Other Powder Or Concentrate May Harm The Original Finish.<br><br><br><br></span></p>
<style type=""text/css""><!--td {border: 1px solid #cccccc;}br {mso-data-placement:same-cell;}--></style>
<p> </p>",SVADEZI,Apparel & Accessories > Jewelry > Necklaces,pendant,,false,Title,Default Title,,,,,,,,SCH/18987,4.0,shopify,50,continue,manual,3000.0,6375.0,true,true,,,,,,https://cdn.shopify.com/s/files/1/0651/8987/1813/files/127_8be84ef3-b9c3-4929-89ea-31b6f0a44a8c.jpg?v=1745036686,1,,false,,,196,,adult,,,,,,,,,,,,'0,adults,,silver,,,,pendant,,,unisex,,,,,,g,,702.00,true,,,active
timeless-heart-pendant-elegant-jewelry-gift,,,,,,,,,,,,,,,,,,,,,,,,,,,,,,,,https://cdn.shopify.com/s/files/1/0651/8987/1813/files/196_3fb26107-5160-48c2-8678-ffe8c0e750ad.jpg?v=1745036687,2,,,,,,,,,,,,,,,,,,,,,,,,,,,,,,,,,,,,,,,,,
timeless-heart-pendant-elegant-jewelry-gift,,,,,,,,,,,,,,,,,,,,,,,,,,,,,,,,https://cdn.shopify.com/s/files/1/0651/8987/1813/files/07_ac999fce-18f1-41ef-ae77-619a66188e81.jpg?v=1745036686,3,,,,,,,,,,,,,,,,,,,,,,,,,,,,,,,,,,,,,,,,,
romantic-silver-charm-chain-with-swarovski-zircon-hearts,Romantic Silver Charm Chain with Swarovski Zircon Hearts,"<p>Introducing our exquisite silver adjustable charm chain featuring two interlocking hearts adorned with dazzling white Swarovski zircon along the borders. This elegant and symbolic design evokes feelings of romance and sophistication, making it a perfect addition to your jewelry collection. <span data-sheets-root=""1""></span></p>
<style type=""text/css""><!--td {border: 1px solid #cccccc;}br {mso-data-placement:same-cell;}--></style>
<style type=""text/css""><!--td {border: 1px solid #cccccc;}br {mso-data-placement:same-cell;}--></style>
<style type=""text/css""><!--td {border: 1px solid #cccccc;}br {mso-data-placement:same-cell;}--></style>
<style type=""text/css""><!--td {border: 1px solid #cccccc;}br {mso-data-placement:same-cell;}--></style>
<style type=""text/css""><!--td {border: 1px solid #cccccc;}br {mso-data-placement:same-cell;}--></style>
<p><span data-sheets-root=""1"">Gemstone - </span><span data-sheets-root=""1"">White Swarovski Zircon</span><span data-sheets-root=""1""><br>Length - 22cms<br>Weight - 2.83g<br><br></span></p>
<style type=""text/css""><!--td {border: 1px solid #cccccc;}br {mso-data-placement:same-cell;}--></style>
<style type=""text/css""><!--td {border: 1px solid #cccccc;}br {mso-data-placement:same-cell;}--></style>
<p><span data-sheets-root=""1"">Keep Your Jewellery Away From Soaps, Perfumes, Cosmetics, Humidity And Extreme Temperature.<br>Jewellery Is Delicate, Any Impact, Pressure Or Mishandling Can Cause Breakage Or Damage. Repairing, If Possible, Is A Chargeable Service.<br>Gold Plating Will Fade With Regular Use And Frequent Exposure To Air And Water. It Will Need Re-Plating. We Can Re-Plate It At A Nominal Charge. Stones(Pasted/In Setting) Can Come Off With Rough Usage.<br>Silver Creations Get Oxidized When Exposed To Air. Use Silver Cleaning Cloth To Clean It. Any Other Powder Or Concentrate May Harm The Original Finish.<br><br><br><br></span></p>
<style type=""text/css""><!--td {border: 1px solid #cccccc;}br {mso-data-placement:same-cell;}--></style>
<p> </p>",SVADEZI,Apparel & Accessories > Jewelry > Necklaces,pendant,,false,Title,Default Title,,,,,,,,SCH/24629,2.83,shopify,50,continue,manual,2588.0,5345.0,true,true,,,,,,https://cdn.shopify.com/s/files/1/0651/8987/1813/files/28_67dde394-bf83-41a0-a37d-dd942e321009.jpg?v=1745037044,1,,false,,,196,,,,,,,,,,,,,,'0,,,silver,,silver,imitation-jewelry,chain,,,,,,,,,g,,573.00,true,,,active
romantic-silver-charm-chain-with-swarovski-zircon-hearts,,,,,,,,,,,,,,,,,,,,,,,,,,,,,,,,https://cdn.shopify.com/s/files/1/0651/8987/1813/files/180.jpg?v=1745037044,2,,,,,,,,,,,,,,,,,,,,,,,,,,,,,,,,,,,,,,,,,
romantic-silver-charm-chain-with-swarovski-zircon-hearts,,,,,,,,,,,,,,,,,,,,,,,,,,,,,,,,https://cdn.shopify.com/s/files/1/0651/8987/1813/files/179.jpg?v=1745037045,3,,,,,,,,,,,,,,,,,,,,,,,,,,,,,,,,,,,,,,,,,
romantic-silver-charm-chain-with-swarovski-zircon-hearts,,,,,,,,,,,,,,,,,,,,,,,,,,,,,,,,https://cdn.shopify.com/s/files/1/0651/8987/1813/files/06_0223bb3f-bb0e-49ce-ad51-49ca670f8c5d.jpg?v=1745037044,4,,,,,,,,,,,,,,,,,,,,,,,,,,,,,,,,,,,,,,,,,
swarovski-zircon-rose-gold-silver-drop-earrings,Swarovski Zircon Rose Gold Silver Drop Earrings,"<style type=""text/css""><!--td {border: 1px solid #cccccc;}br {mso-data-placement:same-cell;}--></style>
<style type=""text/css""><!--td {border: 1px solid #cccccc;}br {mso-data-placement:same-cell;}--></style>
<style type=""text/css""><!--td {border: 1px solid #cccccc;}br {mso-data-placement:same-cell;}--></style>
<style type=""text/css""><!--td {border: 1px solid #cccccc;}br {mso-data-placement:same-cell;}--></style>
<style type=""text/css""><!--td {border: 1px solid #cccccc;}br {mso-data-placement:same-cell;}--></style>
<style type=""text/css""><!--td {border: 1px solid #cccccc;}br {mso-data-placement:same-cell;}--></style>
<p><span data-sheets-root=""1"">Indulge in the captivating allure of our rose gold polish silver earrings. Crafted with exquisite white Swarovski zircon, these earrings feature a graceful arc design at the top, complemented by ascending order chain hangings. The arch shape is detachable, offering versatility to wear it separately. <br></span></p>
<p><span data-sheets-root=""1"">Gemstone - </span><span data-sheets-root=""1"">White Swarovski Zircon </span><span data-sheets-root=""1""><br>Length - 5cms<br>Weight - 7.14g<br><br></span></p>
<style type=""text/css""><!--td {border: 1px solid #cccccc;}br {mso-data-placement:same-cell;}--></style>
<style type=""text/css""><!--td {border: 1px solid #cccccc;}br {mso-data-placement:same-cell;}--></style>
<p><span data-sheets-root=""1"">Keep Your Jewellery Away From Soaps, Perfumes, Cosmetics, Humidity And Extreme Temperature.<br>Jewellery Is Delicate, Any Impact, Pressure Or Mishandling Can Cause Breakage Or Damage. Repairing, If Possible, Is A Chargeable Service.<br>Gold Plating Will Fade With Regular Use And Frequent Exposure To Air And Water. It Will Need Re-Plating. We Can Re-Plate It At A Nominal Charge. Stones(Pasted/In Setting) Can Come Off With Rough Usage.<br>Silver Creations Get Oxidized When Exposed To Air. Use Silver Cleaning Cloth To Clean It. Any Other Powder Or Concentrate May Harm The Original Finish.<br><br><br><br></span></p>
<style type=""text/css""><!--td {border: 1px solid #cccccc;}br {mso-data-placement:same-cell;}--></style>
<p> </p>",SVADEZI,Apparel & Accessories > Jewelry > Earrings,earrings,,false,Title,Default Title,,,,,,,,STPS/11689,7.14,shopify,50,continue,manual,3963.0,8782.5,true,true,,,,,,https://cdn.shopify.com/s/files/1/0651/8987/1813/files/01_0e64ebe4-10c1-4b8c-98b8-73d77b567f22.jpg?v=1745037325,1,,false,,,194,,,,,,,,,,,,,,'0,,,rose-gold,fresh-water-pearl,silver,imitation-jewelry,,,,,,,,,,g,,1002.00,true,,,active
swarovski-zircon-rose-gold-silver-drop-earrings,,,,,,,,,,,,,,,,,,,,,,,,,,,,,,,,https://cdn.shopify.com/s/files/1/0651/8987/1813/files/198.jpg?v=1745037325,2,,,,,,,,,,,,,,,,,,,,,,,,,,,,,,,,,,,,,,,,,
swarovski-zircon-rose-gold-silver-drop-earrings,,,,,,,,,,,,,,,,,,,,,,,,,,,,,,,,https://cdn.shopify.com/s/files/1/0651/8987/1813/files/08_48a7dec9-a67e-49d9-b8ed-bf25088b3be1.jpg?v=1745037326,3,,,,,,,,,,,,,,,,,,,,,,,,,,,,,,,,,,,,,,,,,
rose-gold-star-earrings-celestial-sparkle,Rose Gold Star Earrings | Celestial Sparkle,"<style type=""text/css""><!--td {border: 1px solid #cccccc;}br {mso-data-placement:same-cell;}--></style>
<p><span data-sheets-root=""1"">Shine like the stars with these exquisite rose gold polished earrings. Featuring a stunning star-shaped stud with a delicate hanging star charm, these earrings add a celestial touch to your look. Perfect for special occasions or everyday glam, they bring elegance and sparkle to every moment.<br><br></span><span data-sheets-root=""1"">Gemstone - Semi Precious white stone </span><span data-sheets-root=""1""><br>Length - 4cms<br>Weight - 3.2g<br><br></span></p>
<style type=""text/css""><!--td {border: 1px solid #cccccc;}br {mso-data-placement:same-cell;}--></style>
<p><span data-sheets-root=""1"">Keep Your Jewellery Away From Soaps, Perfumes, Cosmetics, Humidity And Extreme Temperature.<br>Jewellery Is Delicate, Any Impact, Pressure Or Mishandling Can Cause Breakage Or Damage. Repairing, If Possible, Is A Chargeable Service.<br>Gold Plating Will Fade With Regular Use And Frequent Exposure To Air And Water. It Will Need Re-Plating. We Can Re-Plate It At A Nominal Charge. Stones(Pasted/In Setting) Can Come Off With Rough Usage.<br>Silver Creations Get Oxidized When Exposed To Air. Use Silver Cleaning Cloth To Clean It. Any Other Powder Or Concentrate May Harm The Original Finish.<br><br><br><br></span></p>
<style type=""text/css""><!--td {border: 1px solid #cccccc;}br {mso-data-placement:same-cell;}--></style>
<p> </p>
<p><span data-sheets-root=""1""><br></span></p>",SVADEZI,Apparel & Accessories > Jewelry > Earrings,earrings,,false,Title,Default Title,,,,,,,,STPS/18205,3.2,shopify,50,continue,manual,2588.0,5345.0,true,true,,,,,,https://cdn.shopify.com/s/files/1/0651/8987/1813/files/02_1.jpg?v=1745037578,1,,false,,,194,,adult,,,,,,,,,,,,,adults,,rose-gold,stud,,imitation-jewelry,,,,female,,,,,,g,,573.00,true,,,active
rose-gold-star-earrings-celestial-sparkle,,,,,,,,,,,,,,,,,,,,,,,,,,,,,,,,https://cdn.shopify.com/s/files/1/0651/8987/1813/files/197.jpg?v=1745037578,2,,,,,,,,,,,,,,,,,,,,,,,,,,,,,,,,,,,,,,,,,
rose-gold-star-earrings-celestial-sparkle,,,,,,,,,,,,,,,,,,,,,,,,,,,,,,,,https://cdn.shopify.com/s/files/1/0651/8987/1813/files/09_f25fcdda-b9bc-4685-8476-f716addc7d5b.jpg?v=1745037578,3,,,,,,,,,,,,,,,,,,,,,,,,,,,,,,,,,,,,,,,,,
statement-earrings-classic-contemporary-styles,Statement Earrings: Classic & Contemporary Styles,"<style type=""text/css""><!--td {border: 1px solid #cccccc;}br {mso-data-placement:same-cell;}--></style>
<p><span data-sheets-root=""1"">Shine brightly with these statement earrings that effortlessly blend classic and contemporary styles. Perfect for adding a refined touch to any outfit, whether it's a formal occasion or a casual outing, these earrings bring timeless beauty and a modern edge to your jewelry collection.<br><br></span></p>
<p><span data-sheets-root=""1"">Gemstone - Semi Precious Zircon </span><span data-sheets-root=""1""><br>Length - 3.5cms<br>Weight - 4.48g<br><br></span></p>
<style type=""text/css""><!--td {border: 1px solid #cccccc;}br {mso-data-placement:same-cell;}--></style>
<p><span data-sheets-root=""1"">Keep Your Jewellery Away From Soaps, Perfumes, Cosmetics, Humidity And Extreme Temperature.<br>Jewellery Is Delicate, Any Impact, Pressure Or Mishandling Can Cause Breakage Or Damage. Repairing, If Possible, Is A Chargeable Service.<br>Gold Plating Will Fade With Regular Use And Frequent Exposure To Air And Water. It Will Need Re-Plating. We Can Re-Plate It At A Nominal Charge. Stones(Pasted/In Setting) Can Come Off With Rough Usage.<br>Silver Creations Get Oxidized When Exposed To Air. Use Silver Cleaning Cloth To Clean It. Any Other Powder Or Concentrate May Harm The Original Finish.<br><br><br><br></span></p>
<style type=""text/css""><!--td {border: 1px solid #cccccc;}br {mso-data-placement:same-cell;}--></style>
<p> </p>
<p><span data-sheets-root=""1""><br></span></p>",SVADEZI,Apparel & Accessories > Jewelry > Earrings,earrings,,false,Title,Default Title,,,,,,,,STPS/16984,4.48,shopify,50,continue,manual,2488.0,5095.0,true,true,,,,,,https://cdn.shopify.com/s/files/1/0651/8987/1813/files/05_1.jpg?v=1745038416,1,,false,,,194,,adult,,,,,,,,,,,,'0,adults,,silver,dangle,metal,imitation-jewelry,,,,female,,,,,,g,,542.00,true,,,active
statement-earrings-classic-contemporary-styles,,,,,,,,,,,,,,,,,,,,,,,,,,,,,,,,https://cdn.shopify.com/s/files/1/0651/8987/1813/files/201.jpg?v=1745038416,2,,,,,,,,,,,,,,,,,,,,,,,,,,,,,,,,,,,,,,,,,
statement-earrings-classic-contemporary-styles,,,,,,,,,,,,,,,,,,,,,,,,,,,,,,,,https://cdn.shopify.com/s/files/1/0651/8987/1813/files/10_34a314d0-255c-49c1-8941-481ad9980182.jpg?v=1745038416,3,,,,,,,,,,,,,,,,,,,,,,,,,,,,,,,,,,,,,,,,,
flower-shape-hanging-earrings-elegant-high-quality-floral-design,Flower Shape Hanging Earrings - Elegant High-Quality Floral Design,"<style type=""text/css""><!--td {border: 1px solid #cccccc;}br {mso-data-placement:same-cell;}--></style>
<p><span data-sheets-root=""1"">Bloom with elegance in our Flower Shape Hanging Earrings Crafted from high-quality materials, their radiant finish enhances the timeless charm of the floral design, making them a versatile accessory for both casual outings and special occasions.<br><br></span></p>
<p><span data-sheets-root=""1"">Gemstone - Semi Precious with Crystal</span><span data-sheets-root=""1""><br>Length - 2.5cms<br>Weight - 4.25g<br><br></span></p>
<style type=""text/css""><!--td {border: 1px solid #cccccc;}br {mso-data-placement:same-cell;}--></style>
<p><span data-sheets-root=""1"">Keep Your Jewellery Away From Soaps, Perfumes, Cosmetics, Humidity And Extreme Temperature.<br>Jewellery Is Delicate, Any Impact, Pressure Or Mishandling Can Cause Breakage Or Damage. Repairing, If Possible, Is A Chargeable Service.<br>Gold Plating Will Fade With Regular Use And Frequent Exposure To Air And Water. It Will Need Re-Plating. We Can Re-Plate It At A Nominal Charge. Stones(Pasted/In Setting) Can Come Off With Rough Usage.<br>Silver Creations Get Oxidized When Exposed To Air. Use Silver Cleaning Cloth To Clean It. Any Other Powder Or Concentrate May Harm The Original Finish.<br><br><br><br></span></p>
<style type=""text/css""><!--td {border: 1px solid #cccccc;}br {mso-data-placement:same-cell;}--></style>
<p> </p>
<p><span data-sheets-root=""1""></span><br></p>",SVADEZI,Apparel & Accessories > Jewelry > Earrings,earrings,,false,Title,Default Title,,,,,,,,STPS/26948,4.25,shopify,50,continue,manual,3138.0,6720.0,true,true,,,,,,https://cdn.shopify.com/s/files/1/0651/8987/1813/files/06_1.jpg?v=1745039307,1,,false,,,194,,adult,,,,,,,,,,,,'0,adults,,floral,dangle,,imitation-jewelry,,,,female,,,,,,g,,745.00,true,,,active
flower-shape-hanging-earrings-elegant-high-quality-floral-design,,,,,,,,,,,,,,,,,,,,,,,,,,,,,,,,https://cdn.shopify.com/s/files/1/0651/8987/1813/files/200_b8da30a7-08c5-4f7f-b814-bad64e80f0c8.jpg?v=1745039307,2,,,,,,,,,,,,,,,,,,,,,,,,,,,,,,,,,,,,,,,,,
flower-shape-hanging-earrings-elegant-high-quality-floral-design,,,,,,,,,,,,,,,,,,,,,,,,,,,,,,,,https://cdn.shopify.com/s/files/1/0651/8987/1813/files/199_c606670c-6778-4752-aa33-6712a4a612dd.jpg?v=1745039307,3,,,,,,,,,,,,,,,,,,,,,,,,,,,,,,,,,,,,,,,,,
flower-shape-hanging-earrings-elegant-high-quality-floral-design,,,,,,,,,,,,,,,,,,,,,,,,,,,,,,,,https://cdn.shopify.com/s/files/1/0651/8987/1813/files/11_ec496028-bbfc-49d3-b508-49b1c5931414.jpg?v=1745039307,4,,,,,,,,,,,,,,,,,,,,,,,,,,,,,,,,,,,,,,,,,
flower-shape-hanging-earrings-elegant-high-quality-floral-design,,,,,,,,,,,,,,,,,,,,,,,,,,,,,,,,https://cdn.shopify.com/s/files/1/0651/8987/1813/files/07_1_8d8bbc30-83e7-4af0-a020-06b988e4b00d.jpg?v=1745039307,5,,,,,,,,,,,,,,,,,,,,,,,,,,,,,,,,,,,,,,,,,
stylish-4-in-1-earrings-pearl-crystal-silver-geometric,"Stylish 4-in-1 Earrings: Pearl, Crystal, Silver & Geometric","<style type=""text/css""><!--td {border: 1px solid #cccccc;}br {mso-data-placement:same-cell;}--></style>
<p><span data-sheets-root=""1"">4 in 1 earrings are a versatile piece of jewellery that convenient design which gives you a 4 way styling. The studs features different designs including classic pearl, sparkling crystal, sleek silver balls and trendy geometric shape. <br><br></span></p>
<p><span data-sheets-root=""1"">Gemstone - Semi Precious Zircon </span><span data-sheets-root=""1""><br>Length - 2.5cms<br>Weight - 6.5g<br><br></span></p>
<style type=""text/css""><!--td {border: 1px solid #cccccc;}br {mso-data-placement:same-cell;}--></style>
<p><span data-sheets-root=""1"">Keep Your Jewellery Away From Soaps, Perfumes, Cosmetics, Humidity And Extreme Temperature.<br>Jewellery Is Delicate, Any Impact, Pressure Or Mishandling Can Cause Breakage Or Damage. Repairing, If Possible, Is A Chargeable Service.<br>Gold Plating Will Fade With Regular Use And Frequent Exposure To Air And Water. It Will Need Re-Plating. We Can Re-Plate It At A Nominal Charge. Stones(Pasted/In Setting) Can Come Off With Rough Usage.<br>Silver Creations Get Oxidized When Exposed To Air. Use Silver Cleaning Cloth To Clean It. Any Other Powder Or Concentrate May Harm The Original Finish.<br><br><br><br></span></p>
<style type=""text/css""><!--td {border: 1px solid #cccccc;}br {mso-data-placement:same-cell;}--></style>
<p> </p>
<p><span data-sheets-root=""1""></span><br></p>",SVADEZI,Apparel & Accessories > Jewelry > Earrings,earrings,,false,Title,Default Title,,,,,,,,STPS/19578,6.5,shopify,50,continue,manual,3838.0,8470.0,true,true,,,,,,https://cdn.shopify.com/s/files/1/0651/8987/1813/files/22_5606c5ce-d9ee-4575-9281-c487cbd5e86a.jpg?v=1745039604,1,,false,,,194,,adult,,,,,,,,,,,,'0,adults,,silver; rose-gold,stud,gold,,,,,,,,,,,g,,963.00,true,,,active
stylish-4-in-1-earrings-pearl-crystal-silver-geometric,,,,,,,,,,,,,,,,,,,,,,,,,,,,,,,,https://cdn.shopify.com/s/files/1/0651/8987/1813/files/fainal.jpg?v=1745039604,2,,,,,,,,,,,,,,,,,,,,,,,,,,,,,,,,,,,,,,,,,
stylish-4-in-1-earrings-pearl-crystal-silver-geometric,,,,,,,,,,,,,,,,,,,,,,,,,,,,,,,,https://cdn.shopify.com/s/files/1/0651/8987/1813/files/43_2.jpg?v=1745039604,3,,,,,,,,,,,,,,,,,,,,,,,,,,,,,,,,,,,,,,,,,
stylish-4-in-1-earrings-pearl-crystal-silver-geometric,,,,,,,,,,,,,,,,,,,,,,,,,,,,,,,,https://cdn.shopify.com/s/files/1/0651/8987/1813/files/26_04eb4787-f316-4385-b71d-5e367b03f5fc.jpg?v=1745039605,4,,,,,,,,,,,,,,,,,,,,,,,,,,,,,,,,,,,,,,,,,
silver-heart-ring-2-in-1-timeless-love-jewelry,Silver Heart Ring 2-in-1 | Timeless Love Jewelry,"<style type=""text/css""><!--td {border: 1px solid #cccccc;}br {mso-data-placement:same-cell;}--></style>
<p><span data-sheets-root=""1"">Two hearts, one ring, endless love. This silver heart-shaped 2-in-1 ring is more than just jewelry—it's a symbol of connection, unity, and timeless elegance. Wear it as a reminder of the love that shines in every moment.<br><br></span></p>
<p><span data-sheets-root=""1"">Sizes - 12 , 14 , 16 </span><span data-sheets-root=""1""><br>Weight - 2.92g<br><br></span></p>
<style type=""text/css""><!--td {border: 1px solid #cccccc;}br {mso-data-placement:same-cell;}--></style>
<p><span data-sheets-root=""1"">Keep Your Jewellery Away From Soaps, Perfumes, Cosmetics, Humidity And Extreme Temperature.<br>Jewellery Is Delicate, Any Impact, Pressure Or Mishandling Can Cause Breakage Or Damage. Repairing, If Possible, Is A Chargeable Service.<br>Gold Plating Will Fade With Regular Use And Frequent Exposure To Air And Water. It Will Need Re-Plating. We Can Re-Plate It At A Nominal Charge. Stones(Pasted/In Setting) Can Come Off With Rough Usage.<br>Silver Creations Get Oxidized When Exposed To Air. Use Silver Cleaning Cloth To Clean It. Any Other Powder Or Concentrate May Harm The Original Finish.<br><br><br><br></span></p>
<style type=""text/css""><!--td {border: 1px solid #cccccc;}br {mso-data-placement:same-cell;}--></style>
<p> </p>
<p><span data-sheets-root=""1""></span><br></p>",SVADEZI,Apparel & Accessories > Jewelry > Rings,Ring,,false,Title,Default Title,,,,,,,,SLR92/34278,2.92,shopify,50,continue,manual,2500.0,5125.0,true,true,,,,,,https://cdn.shopify.com/s/files/1/0651/8987/1813/files/01_1.jpg?v=1745040660,1,,false,,,200,,adult,,,,,,,,,,,,'0,adults,,silver,,,imitation-jewelry,,,12,,,,,,,g,,546.00,true,,,active
silver-heart-ring-2-in-1-timeless-love-jewelry,,,,,,,,,,,,,,,,,,,,,,,,,,,,,,,,https://cdn.shopify.com/s/files/1/0651/8987/1813/files/140.jpg?v=1745040660,2,,,,,,,,,,,,,,,,,,,,,,,,,,,,,,,,,,,,,,,,,
silver-heart-ring-2-in-1-timeless-love-jewelry,,,,,,,,,,,,,,,,,,,,,,,,,,,,,,,,https://cdn.shopify.com/s/files/1/0651/8987/1813/files/139.jpg?v=1745040660,3,,,,,,,,,,,,,,,,,,,,,,,,,,,,,,,,,,,,,,,,,
silver-heart-ring-2-in-1-timeless-love-jewelry,,,,,,,,,,,,,,,,,,,,,,,,,,,,,,,,https://cdn.shopify.com/s/files/1/0651/8987/1813/files/60_bf64556f-28f8-4640-9d12-3aa8fbb6f221.jpg?v=1745040660,4,,,,,,,,,,,,,,,,,,,,,,,,,,,,,,,,,,,,,,,,,
silver-heart-ring-2-in-1-timeless-love-jewelry,,,,,,,,,,,,,,,,,,,,,,,,,,,,,,,,https://cdn.shopify.com/s/files/1/0651/8987/1813/files/59_51db4142-7f0d-4210-ac79-36c1764c30f0.jpg?v=1745040660,5,,,,,,,,,,,,,,,,,,,,,,,,,,,,,,,,,,,,,,,,,
rose-gold-snake-ring-elegant-wrap-statement,Rose Gold Snake Ring | Elegant Wrap Statement,"<style type=""text/css""><!--td {border: 1px solid #cccccc;}br {mso-data-placement:same-cell;}--></style>
<p><span data-sheets-root=""1"">Elegance meets edge with this sleek snake-shaped ring in a stunning rose gold polish.Designed to wrap gracefully around your finger, this statement piece embodies power, mystery, and timeless sophistication. Perfect for those who love bold yet refined jewelry, this serpent-inspired ring adds a touch of allure to any look.<br><br></span></p>
<p><span data-sheets-root=""1"">Gemstone - White </span><span data-sheets-root=""1"">Swarovski Zircon </span><span data-sheets-root=""1""><br>Sizes - 12 , 14 , 16 <br>Weight - 2.98g<br><br></span></p>
<style type=""text/css""><!--td {border: 1px solid #cccccc;}br {mso-data-placement:same-cell;}--></style>
<style type=""text/css""><!--td {border: 1px solid #cccccc;}br {mso-data-placement:same-cell;}--></style>
<p><span data-sheets-root=""1"">Keep Your Jewellery Away From Soaps, Perfumes, Cosmetics, Humidity And Extreme Temperature.<br>Jewellery Is Delicate, Any Impact, Pressure Or Mishandling Can Cause Breakage Or Damage. Repairing, If Possible, Is A Chargeable Service.<br>Gold Plating Will Fade With Regular Use And Frequent Exposure To Air And Water. It Will Need Re-Plating. We Can Re-Plate It At A Nominal Charge. Stones(Pasted/In Setting) Can Come Off With Rough Usage.<br>Silver Creations Get Oxidized When Exposed To Air. Use Silver Cleaning Cloth To Clean It. Any Other Powder Or Concentrate May Harm The Original Finish.<br><br><br><br></span></p>
<style type=""text/css""><!--td {border: 1px solid #cccccc;}br {mso-data-placement:same-cell;}--></style>
<p> </p>
<p><span data-sheets-root=""1""><br></span></p>",SVADEZI,Apparel & Accessories > Jewelry > Rings,Ring,,false,Title,Default Title,,,,,,,,SLR92/14626,2.98,shopify,50,continue,manual,2425.0,4937.5,true,true,,,,,,https://cdn.shopify.com/s/files/1/0651/8987/1813/files/149.jpg?v=1745041484,1,,false,,,200,,,,,,,,,,,,,,'0,,,animal; rose-gold,,,imitation-jewelry,,band,,,,,,,,g,,523.00,true,,,active
rose-gold-snake-ring-elegant-wrap-statement,,,,,,,,,,,,,,,,,,,,,,,,,,,,,,,,https://cdn.shopify.com/s/files/1/0651/8987/1813/files/88.jpg?v=1745041484,2,,,,,,,,,,,,,,,,,,,,,,,,,,,,,,,,,,,,,,,,,
rose-gold-snake-ring-elegant-wrap-statement,,,,,,,,,,,,,,,,,,,,,,,,,,,,,,,,https://cdn.shopify.com/s/files/1/0651/8987/1813/files/02_1_e7c4110c-7bdc-4a6c-b41c-e017bace5ceb.jpg?v=1745041484,3,,,,,,,,,,,,,,,,,,,,,,,,,,,,,,,,,,,,,,,,,
stunning-star-ring-in-rose-gold-timeless-design,Stunning Star Ring in Rose Gold | Timeless Design,"<style type=""text/css""><!--td {border: 1px solid #cccccc;}br {mso-data-placement:same-cell;}--></style>
<p><span data-sheets-root=""1"">Elegant and timeless, this stunning star-shaped ring features a mesmerizing design, beautifully crafted in luxurious rose gold polish. A perfect blend of sophistication and charm, this statement piece adds a touch of celestial brilliance to your jewelry collection, making it an ideal accessory for any occasion.<br><br></span></p>
<p><span data-sheets-root=""1"">Gemstone - </span><span data-sheets-root=""1"">White Swarovski Zircon with Semi precious stone</span><span data-sheets-root=""1""><br>Size - 11<br>Weight - 3.46g<br><br></span></p>
<style type=""text/css""><!--td {border: 1px solid #cccccc;}br {mso-data-placement:same-cell;}--></style>
<style type=""text/css""><!--td {border: 1px solid #cccccc;}br {mso-data-placement:same-cell;}--></style>
<p><span data-sheets-root=""1"">Keep Your Jewellery Away From Soaps, Perfumes, Cosmetics, Humidity And Extreme Temperature.<br>Jewellery Is Delicate, Any Impact, Pressure Or Mishandling Can Cause Breakage Or Damage. Repairing, If Possible, Is A Chargeable Service.<br>Gold Plating Will Fade With Regular Use And Frequent Exposure To Air And Water. It Will Need Re-Plating. We Can Re-Plate It At A Nominal Charge. Stones(Pasted/In Setting) Can Come Off With Rough Usage.<br>Silver Creations Get Oxidized When Exposed To Air. Use Silver Cleaning Cloth To Clean It. Any Other Powder Or Concentrate May Harm The Original Finish.<br><br><br><br></span></p>
<style type=""text/css""><!--td {border: 1px solid #cccccc;}br {mso-data-placement:same-cell;}--></style>
<p> </p>
<p><span data-sheets-root=""1""></span><br></p>",SVADEZI,Apparel & Accessories > Jewelry > Rings,Ring,,false,Title,Default Title,,,,,,,,SLR92/33957,3.46,shopify,50,continue,manual,1963.0,3782.5,true,true,,,,,,https://cdn.shopify.com/s/files/1/0651/8987/1813/files/03_ea4408f7-1263-4183-9eed-6086c27dd8a9.jpg?v=1745053299,1,,false,,,200,,,,,,,,,,,,,,'0,,,rose-gold,,rose-gold,fine-jewelry,,charm,,,,,,,,g,,378.00,true,,,active
stunning-star-ring-in-rose-gold-timeless-design,,,,,,,,,,,,,,,,,,,,,,,,,,,,,,,,https://cdn.shopify.com/s/files/1/0651/8987/1813/files/147.jpg?v=1745053300,2,,,,,,,,,,,,,,,,,,,,,,,,,,,,,,,,,,,,,,,,,
stunning-star-ring-in-rose-gold-timeless-design,,,,,,,,,,,,,,,,,,,,,,,,,,,,,,,,https://cdn.shopify.com/s/files/1/0651/8987/1813/files/72_b94cc309-f418-4987-b9aa-7fd6af6bcf3a.jpg?v=1745053300,3,,,,,,,,,,,,,,,,,,,,,,,,,,,,,,,,,,,,,,,,,
cosmic-embrace-ring,Cosmic Embrace Ring,"<style type=""text/css""><!--td {border: 1px solid #cccccc;}br {mso-data-placement:same-cell;}--></style>
<p><span data-sheets-root=""1"">A beautifully crafted ring featuring a unique design, the crescent moon, delicately curved, embraces the outer edge of the ring, while a bright, shining star sits at the center, symbolizing hope and guidance.It serves as a reminder of the infinite wonders of the universe, making it a timeless and enchanting accessory for any occasion.<br><br></span></p>
<p><span data-sheets-root=""1"">Gemstone - </span><span data-sheets-root=""1"">White Swarovski Zircon</span><span data-sheets-root=""1""><br>Sizes - 12 , 14 , 16<br>Weight - 2.1g<br><br></span></p>
<style type=""text/css""><!--td {border: 1px solid #cccccc;}br {mso-data-placement:same-cell;}--></style>
<style type=""text/css""><!--td {border: 1px solid #cccccc;}br {mso-data-placement:same-cell;}--></style>
<p><span data-sheets-root=""1"">Keep Your Jewellery Away From Soaps, Perfumes, Cosmetics, Humidity And Extreme Temperature.<br>Jewellery Is Delicate, Any Impact, Pressure Or Mishandling Can Cause Breakage Or Damage. Repairing, If Possible, Is A Chargeable Service.<br>Gold Plating Will Fade With Regular Use And Frequent Exposure To Air And Water. It Will Need Re-Plating. We Can Re-Plate It At A Nominal Charge. Stones(Pasted/In Setting) Can Come Off With Rough Usage.<br>Silver Creations Get Oxidized When Exposed To Air. Use Silver Cleaning Cloth To Clean It. Any Other Powder Or Concentrate May Harm The Original Finish.<br><br><br><br></span></p>
<style type=""text/css""><!--td {border: 1px solid #cccccc;}br {mso-data-placement:same-cell;}--></style>
<p> </p>
<p><span data-sheets-root=""1""><br></span></p>",SVADEZI,Apparel & Accessories > Jewelry > Rings,Ring,,false,Title,Default Title,,,,,,,,SLR92/34449,2.1,shopify,50,continue,manual,1863.0,3532.5,true,true,,,,,,https://cdn.shopify.com/s/files/1/0651/8987/1813/files/82.jpg?v=1745053607,1,,false,,,200,,adult,,,,,,,,,,,,'0,adults,,silver,,gold,imitation-jewelry,,charm,12,unisex,,,,,,g,,347.00,true,,,active
cosmic-embrace-ring,,,,,,,,,,,,,,,,,,,,,,,,,,,,,,,,https://cdn.shopify.com/s/files/1/0651/8987/1813/files/142.jpg?v=1745053608,2,,,,,,,,,,,,,,,,,,,,,,,,,,,,,,,,,,,,,,,,,
cosmic-embrace-ring,,,,,,,,,,,,,,,,,,,,,,,,,,,,,,,,https://cdn.shopify.com/s/files/1/0651/8987/1813/files/141.jpg?v=1745053608,3,,,,,,,,,,,,,,,,,,,,,,,,,,,,,,,,,,,,,,,,,
cosmic-embrace-ring,,,,,,,,,,,,,,,,,,,,,,,,,,,,,,,,https://cdn.shopify.com/s/files/1/0651/8987/1813/files/61_c7a351fc-5194-4c0a-8f93-193875c153c4.jpg?v=1745053608,4,,,,,,,,,,,,,,,,,,,,,,,,,,,,,,,,,,,,,,,,,
rose-gold-butterfly-ring-elegant-whimsical-jewelry,Rose Gold Butterfly Ring: Elegant & Whimsical Jewelry,"<style type=""text/css""><!--td {border: 1px solid #cccccc;}br {mso-data-placement:same-cell;}--></style>
<p><span data-sheets-root=""1"">This stunning rose gold butterfly ring features a delicate and intricate band pattern that embodies elegance and whimsy. The warm, rosy hue of the gold adds a touch of sophistication and femininity, making it a perfect accessory for both everyday wear and special occasions.<br><br></span></p>
<p><span data-sheets-root=""1"">Gemstone - </span><span data-sheets-root=""1"">White Swarovski Zircon </span><span data-sheets-root=""1""><br>Size - 12 , 14 , 16<br>Weight - 4.44g<br><br></span></p>
<style type=""text/css""><!--td {border: 1px solid #cccccc;}br {mso-data-placement:same-cell;}--></style>
<style type=""text/css""><!--td {border: 1px solid #cccccc;}br {mso-data-placement:same-cell;}--></style>
<p><span data-sheets-root=""1"">Keep Your Jewellery Away From Soaps, Perfumes, Cosmetics, Humidity And Extreme Temperature.<br>Jewellery Is Delicate, Any Impact, Pressure Or Mishandling Can Cause Breakage Or Damage. Repairing, If Possible, Is A Chargeable Service.<br>Gold Plating Will Fade With Regular Use And Frequent Exposure To Air And Water. It Will Need Re-Plating. We Can Re-Plate It At A Nominal Charge. Stones(Pasted/In Setting) Can Come Off With Rough Usage.<br>Silver Creations Get Oxidized When Exposed To Air. Use Silver Cleaning Cloth To Clean It. Any Other Powder Or Concentrate May Harm The Original Finish.</span></p>
<p><span data-sheets-root=""1""></span><br></p>",SVADEZI,Apparel & Accessories > Jewelry > Rings,Ring,,false,Title,Default Title,,,,,,,,SLR92/34144,4.44,shopify,50,continue,manual,3188.0,6845.0,true,true,,,,,,https://cdn.shopify.com/s/files/1/0651/8987/1813/files/45_08e2cd46-1db6-4721-8e3f-6b8054b13f1f.jpg?v=1745054136,1,,false,,,200,,adult,,,,,,,,,,,,,adults,,animal; rose-gold,,,imitation-jewelry,,,12,female,,,,,,g,,761.00,true,,,active
rose-gold-butterfly-ring-elegant-whimsical-jewelry,,,,,,,,,,,,,,,,,,,,,,,,,,,,,,,,https://cdn.shopify.com/s/files/1/0651/8987/1813/files/152.jpg?v=1745054137,2,,,,,,,,,,,,,,,,,,,,,,,,,,,,,,,,,,,,,,,,,
rose-gold-butterfly-ring-elegant-whimsical-jewelry,,,,,,,,,,,,,,,,,,,,,,,,,,,,,,,,https://cdn.shopify.com/s/files/1/0651/8987/1813/files/150.jpg?v=1745054137,3,,,,,,,,,,,,,,,,,,,,,,,,,,,,,,,,,,,,,,,,,
rose-gold-butterfly-ring-elegant-whimsical-jewelry,,,,,,,,,,,,,,,,,,,,,,,,,,,,,,,,https://cdn.shopify.com/s/files/1/0651/8987/1813/files/74_2b5d61e9-ec6c-4b58-a57b-e048a0c4783f.jpg?v=1745054137,4,,,,,,,,,,,,,,,,,,,,,,,,,,,,,,,,,,,,,,,,,
whimsical-silver-butterfly-ring-with-intricate-band,Whimsical Silver Butterfly Ring with Intricate Band,"<style type=""text/css""><!--td {border: 1px solid #cccccc;}br {mso-data-placement:same-cell;}--></style>
<p><span data-sheets-root=""1"">This stunning silver butterfly ring features a delicate and intricate band pattern that embodies elegance and whimsy. The warm, rosy hue of the gold adds a touch of sophistication and femininity, making it a perfect accessory for both everyday wear and special occasions.<br><br></span></p>
<p><span data-sheets-root=""1"">Gemstone - </span><span data-sheets-root=""1"">White Swarovski Zircon</span><span data-sheets-root=""1""><br>Size - 12 , 14 , 16<br>Weight - 5.13g<br><br></span></p>
<style type=""text/css""><!--td {border: 1px solid #cccccc;}br {mso-data-placement:same-cell;}--></style>
<style type=""text/css""><!--td {border: 1px solid #cccccc;}br {mso-data-placement:same-cell;}--></style>
<p><span data-sheets-root=""1"">Keep Your Jewellery Away From Soaps, Perfumes, Cosmetics, Humidity And Extreme Temperature.<br>Jewellery Is Delicate, Any Impact, Pressure Or Mishandling Can Cause Breakage Or Damage. Repairing, If Possible, Is A Chargeable Service.<br>Gold Plating Will Fade With Regular Use And Frequent Exposure To Air And Water. It Will Need Re-Plating. We Can Re-Plate It At A Nominal Charge. Stones(Pasted/In Setting) Can Come Off With Rough Usage.<br>Silver Creations Get Oxidized When Exposed To Air. Use Silver Cleaning Cloth To Clean It. Any Other Powder Or Concentrate May Harm The Original Finish.</span></p>
<p><span data-sheets-root=""1""><br></span></p>",SVADEZI,Apparel & Accessories > Jewelry > Rings,Ring,,false,Title,Default Title,,,,,,,,SLR92/34145,5.13,shopify,50,continue,manual,3575.0,7812.5,true,true,,,,,,https://cdn.shopify.com/s/files/1/0651/8987/1813/files/46_9a03b79f-b78a-47af-a334-568090570b2b.jpg?v=1745056522,1,,false,,,200,,adult,,,,,,,,,,,,'0,adults,,animal,,silver; gold,imitation-jewelry,,band,,female,,,,,,g,,881.00,true,,,active
whimsical-silver-butterfly-ring-with-intricate-band,,,,,,,,,,,,,,,,,,,,,,,,,,,,,,,,https://cdn.shopify.com/s/files/1/0651/8987/1813/files/152_be3e333d-70d5-4682-be77-cf7a7823a1ff.jpg?v=1745056522,2,,,,,,,,,,,,,,,,,,,,,,,,,,,,,,,,,,,,,,,,,
whimsical-silver-butterfly-ring-with-intricate-band,,,,,,,,,,,,,,,,,,,,,,,,,,,,,,,,https://cdn.shopify.com/s/files/1/0651/8987/1813/files/151.jpg?v=1745056522,3,,,,,,,,,,,,,,,,,,,,,,,,,,,,,,,,,,,,,,,,,
whimsical-silver-butterfly-ring-with-intricate-band,,,,,,,,,,,,,,,,,,,,,,,,,,,,,,,,https://cdn.shopify.com/s/files/1/0651/8987/1813/files/75_401b259b-b18d-48d5-9a69-d5772903ee1a.jpg?v=1745056522,4,,,,,,,,,,,,,,,,,,,,,,,,,,,,,,,,,,,,,,,,,
shimmering-square-silver-ring-with-open-center,Shimmering Square Silver Ring with Open Center,"<style type=""text/css""><!--td {border: 1px solid #cccccc;}br {mso-data-placement:same-cell;}--></style>
<p><span data-sheets-root=""1"">This stunning square-shaped silver ring, adorned with shimmering white stones and a unique open center design, is a timeless statement of sophistication.Perfect for adding a touch of brilliance to any occasion!<br><br></span></p>
<p><span data-sheets-root=""1"">Gemstone - </span><span data-sheets-root=""1"">Semi precious white stone with zircon </span><span data-sheets-root=""1""><br>Size - 10<br>Weight - 3.66g<br><br></span></p>
<style type=""text/css""><!--td {border: 1px solid #cccccc;}br {mso-data-placement:same-cell;}--></style>
<style type=""text/css""><!--td {border: 1px solid #cccccc;}br {mso-data-placement:same-cell;}--></style>
<p><span data-sheets-root=""1"">Keep Your Jewellery Away From Soaps, Perfumes, Cosmetics, Humidity And Extreme Temperature.<br>Jewellery Is Delicate, Any Impact, Pressure Or Mishandling Can Cause Breakage Or Damage. Repairing, If Possible, Is A Chargeable Service.<br>Gold Plating Will Fade With Regular Use And Frequent Exposure To Air And Water. It Will Need Re-Plating. We Can Re-Plate It At A Nominal Charge. Stones(Pasted/In Setting) Can Come Off With Rough Usage.<br>Silver Creations Get Oxidized When Exposed To Air. Use Silver Cleaning Cloth To Clean It. Any Other Powder Or Concentrate May Harm The Original Finish.</span></p>
<p><span data-sheets-root=""1""></span><br></p>",SVADEZI,Apparel & Accessories > Jewelry > Rings,Ring,,false,Title,Default Title,,,,,,,,SLR92/33717,3.66,shopify,50,continue,manual,2450.0,5000.0,true,true,,,,,,https://cdn.shopify.com/s/files/1/0651/8987/1813/files/19_f08c902f-b9ef-4128-9907-6204d79c0b34.jpg?v=1745056832,1,,false,,,200,,adult,,,,,,,,,,,,,adults,,silver,,,imitation-jewelry,,solitaire,,,,,,,,g,,530.00,true,,,active
shimmering-square-silver-ring-with-open-center,,,,,,,,,,,,,,,,,,,,,,,,,,,,,,,,https://cdn.shopify.com/s/files/1/0651/8987/1813/files/144.jpg?v=1745056833,2,,,,,,,,,,,,,,,,,,,,,,,,,,,,,,,,,,,,,,,,,
shimmering-square-silver-ring-with-open-center,,,,,,,,,,,,,,,,,,,,,,,,,,,,,,,,https://cdn.shopify.com/s/files/1/0651/8987/1813/files/73_a54c5023-ee0f-4d9b-8f7f-75fcbbff87e4.jpg?v=1745056833,3,,,,,,,,,,,,,,,,,,,,,,,,,,,,,,,,,,,,,,,,,
enchanting-butterfly-minable-ring,Enchanting Butterfly Minable Ring,"<style type=""text/css""><!--td {border: 1px solid #cccccc;}br {mso-data-placement:same-cell;}--></style>
<p><span data-sheets-root=""1"">The Butterfly Minable Ring enchants with its charming and captivating design, captivating attention with its delightful aesthetic. Its unique charm not only captivates the eye but also enhances its overall allure, making it a standout piece in any collection.<br><br></span></p>
<p><span data-sheets-root=""1"">Gemstone - </span><span data-sheets-root=""1"">Semi precious pink stone </span><span data-sheets-root=""1""><br>Size - 12 , 14 , 16<br>Weight - 1.68g<br><br></span></p>
<style type=""text/css""><!--td {border: 1px solid #cccccc;}br {mso-data-placement:same-cell;}--></style>
<style type=""text/css""><!--td {border: 1px solid #cccccc;}br {mso-data-placement:same-cell;}--></style>
<p><span data-sheets-root=""1"">Keep Your Jewellery Away From Soaps, Perfumes, Cosmetics, Humidity And Extreme Temperature.<br>Jewellery Is Delicate, Any Impact, Pressure Or Mishandling Can Cause Breakage Or Damage. Repairing, If Possible, Is A Chargeable Service.<br>Gold Plating Will Fade With Regular Use And Frequent Exposure To Air And Water. It Will Need Re-Plating. We Can Re-Plate It At A Nominal Charge. Stones(Pasted/In Setting) Can Come Off With Rough Usage.<br>Silver Creations Get Oxidized When Exposed To Air. Use Silver Cleaning Cloth To Clean It. Any Other Powder Or Concentrate May Harm The Original Finish.</span></p>
<p><span data-sheets-root=""1""><br></span></p>",SVADEZI,Apparel & Accessories > Jewelry > Rings,Ring,,false,Title,Default Title,,,,,,,,SLR92/20313,1.68,shopify,50,continue,manual,1638.0,2970.0,true,true,,,,,,https://cdn.shopify.com/s/files/1/0651/8987/1813/files/6_64.jpg?v=1745057277,1,,false,,,200,,adult,,,,,,,,,,,,,adults,,pink; animal,,gold,imitation-jewelry,,charm,12,female,,,,,,g,,277.00,true,,,active
enchanting-butterfly-minable-ring,,,,,,,,,,,,,,,,,,,,,,,,,,,,,,,,https://cdn.shopify.com/s/files/1/0651/8987/1813/files/148_56dd15d1-e2f0-4f39-ac12-ae3a2d9fa1bf.jpg?v=1745057280,2,,,,,,,,,,,,,,,,,,,,,,,,,,,,,,,,,,,,,,,,,
enchanting-butterfly-minable-ring,,,,,,,,,,,,,,,,,,,,,,,,,,,,,,,,https://cdn.shopify.com/s/files/1/0651/8987/1813/files/76.jpg?v=1745057278,3,,,,,,,,,,,,,,,,,,,,,,,,,,,,,,,,,,,,,,,,,
silver-rose-gold-dual-butterfly,Silver & Rose Gold Dual Butterfly,"<style type=""text/css""><!--td {border: 1px solid #cccccc;}br {mso-data-placement:same-cell;}--></style>
<p><span data-sheets-root=""1"">Silver dual colour butterfully in unique and classy with the combination of silver and rosegold colour to enhance the beauty of the intricated butterfly design.<br><br></span></p>
<p><span data-sheets-root=""1"">Gemstone - </span><span data-sheets-root=""1"">White Swarovski Zircon</span><span data-sheets-root=""1""><br>Size - 10<br>Weight - 5.54g<br><br></span></p>
<style type=""text/css""><!--td {border: 1px solid #cccccc;}br {mso-data-placement:same-cell;}--></style>
<style type=""text/css""><!--td {border: 1px solid #cccccc;}br {mso-data-placement:same-cell;}--></style>
<p><span data-sheets-root=""1"">Keep Your Jewellery Away From Soaps, Perfumes, Cosmetics, Humidity And Extreme Temperature.<br>Jewellery Is Delicate, Any Impact, Pressure Or Mishandling Can Cause Breakage Or Damage. Repairing, If Possible, Is A Chargeable Service.<br>Gold Plating Will Fade With Regular Use And Frequent Exposure To Air And Water. It Will Need Re-Plating. We Can Re-Plate It At A Nominal Charge. Stones(Pasted/In Setting) Can Come Off With Rough Usage.<br>Silver Creations Get Oxidized When Exposed To Air. Use Silver Cleaning Cloth To Clean It. Any Other Powder Or Concentrate May Harm The Original Finish.<br><br><br><br></span></p>
<style type=""text/css""><!--td {border: 1px solid #cccccc;}br {mso-data-placement:same-cell;}--></style>
<p> </p>
<p><span data-sheets-root=""1""><br></span></p>",SVADEZI,Apparel & Accessories > Jewelry > Rings,Ring,,false,Title,Default Title,,,,,,,,SLR92/22067,5.54,shopify,50,continue,manual,3100.0,6625.0,true,true,,,,,,https://cdn.shopify.com/s/files/1/0651/8987/1813/files/6_122.jpg?v=1745179151,1,,false,,,200,,,,,,,,,,,,,,'0,,,animal,,silver; rose-gold,imitation-jewelry,,,,,,,,,,g,,733.00,true,,,active
silver-rose-gold-dual-butterfly,,,,,,,,,,,,,,,,,,,,,,,,,,,,,,,,https://cdn.shopify.com/s/files/1/0651/8987/1813/files/77.jpg?v=1745179151,2,,,,,,,,,,,,,,,,,,,,,,,,,,,,,,,,,,,,,,,,,
silver-rose-gold-dual-butterfly,,,,,,,,,,,,,,,,,,,,,,,,,,,,,,,,https://cdn.shopify.com/s/files/1/0651/8987/1813/files/146.jpg?v=1745179151,3,,,,,,,,,,,,,,,,,,,,,,,,,,,,,,,,,,,,,,,,,
rose-gold-butterfly-ring-elegance-whimsy,Rose Gold Butterfly Ring: Elegance & Whimsy,"<style type=""text/css""><!--td {border: 1px solid #cccccc;}br {mso-data-placement:same-cell;}--></style>
<p><span data-sheets-root=""1"">This stunning rose gold butterfly ring features a delicate and intricate band pattern that embodies elegance and whimsy. The warm, rosy hue of the gold adds a touch of sophistication and femininity, making it a perfect accessory for both everyday wear and special occasions.<br><br></span></p>
<p><span data-sheets-root=""1"">Gemstone - </span><span data-sheets-root=""1"">Semi precious zircon with pink stone</span><span data-sheets-root=""1""><br>Size - 12 , 14 , 16<br>Weight - 2.13g<br><br></span></p>
<style type=""text/css""><!--td {border: 1px solid #cccccc;}br {mso-data-placement:same-cell;}--></style>
<style type=""text/css""><!--td {border: 1px solid #cccccc;}br {mso-data-placement:same-cell;}--></style>
<p><span data-sheets-root=""1"">Keep Your Jewellery Away From Soaps, Perfumes, Cosmetics, Humidity And Extreme Temperature.<br>Jewellery Is Delicate, Any Impact, Pressure Or Mishandling Can Cause Breakage Or Damage. Repairing, If Possible, Is A Chargeable Service.<br>Gold Plating Will Fade With Regular Use And Frequent Exposure To Air And Water. It Will Need Re-Plating. We Can Re-Plate It At A Nominal Charge. Stones(Pasted/In Setting) Can Come Off With Rough Usage.<br>Silver Creations Get Oxidized When Exposed To Air. Use Silver Cleaning Cloth To Clean It. Any Other Powder Or Concentrate May Harm The Original Finish.<br><br><br><br></span></p>
<style type=""text/css""><!--td {border: 1px solid #cccccc;}br {mso-data-placement:same-cell;}--></style>
<p> </p>
<p><span data-sheets-root=""1""></span><br></p>",SVADEZI,Apparel & Accessories > Jewelry > Rings,Ring,,false,Title,Default Title,,,,,,,,SLR92/31683,2.13,shopify,50,continue,manual,1975.0,3812.5,true,true,,,,,,https://cdn.shopify.com/s/files/1/0651/8987/1813/files/d_1.jpg?v=1745179459,1,,false,,,200,,,,,,,,,,,,,,'0,,,animal,,,imitation-jewelry,,band,,female,,,,,,g,,382.00,true,,,active
rose-gold-butterfly-ring-elegance-whimsy,,,,,,,,,,,,,,,,,,,,,,,,,,,,,,,,https://cdn.shopify.com/s/files/1/0651/8987/1813/files/143_d79ecd8f-2d66-42ce-b499-d0424bb961be.jpg?v=1745179459,2,,,,,,,,,,,,,,,,,,,,,,,,,,,,,,,,,,,,,,,,,
rose-gold-butterfly-ring-elegance-whimsy,,,,,,,,,,,,,,,,,,,,,,,,,,,,,,,,https://cdn.shopify.com/s/files/1/0651/8987/1813/files/58_5f4fa32f-b55d-48bc-bd44-8b5a97420d56.jpg?v=1745179459,3,,,,,,,,,,,,,,,,,,,,,,,,,,,,,,,,,,,,,,,,,
unique-teddy-bear-rings,Unique Teddy Bear Rings,"<style type=""text/css""><!--td {border: 1px solid #cccccc;}br {mso-data-placement:same-cell;}--></style>
<p><span data-sheets-root=""1"">Teddy bear rings can come in a variety of styles, from cute and whimsical to elegant and sophisticated. They are a popular choice for those who love teddy bears and want to express their love for them through jewelry.<br><br></span></p>
<p><span data-sheets-root=""1"">Gemstone - </span><span data-sheets-root=""1"">White Swarovski Zircon </span><span data-sheets-root=""1""><br>Size - 18<br>Weight - 4.61g<br><br></span></p>
<style type=""text/css""><!--td {border: 1px solid #cccccc;}br {mso-data-placement:same-cell;}--></style>
<style type=""text/css""><!--td {border: 1px solid #cccccc;}br {mso-data-placement:same-cell;}--></style>
<p><span data-sheets-root=""1"">Keep Your Jewellery Away From Soaps, Perfumes, Cosmetics, Humidity And Extreme Temperature.<br>Jewellery Is Delicate, Any Impact, Pressure Or Mishandling Can Cause Breakage Or Damage. Repairing, If Possible, Is A Chargeable Service.<br>Gold Plating Will Fade With Regular Use And Frequent Exposure To Air And Water. It Will Need Re-Plating. We Can Re-Plate It At A Nominal Charge. Stones(Pasted/In Setting) Can Come Off With Rough Usage.<br>Silver Creations Get Oxidized When Exposed To Air. Use Silver Cleaning Cloth To Clean It. Any Other Powder Or Concentrate May Harm The Original Finish.<br><br><br><br></span></p>
<style type=""text/css""><!--td {border: 1px solid #cccccc;}br {mso-data-placement:same-cell;}--></style>
<p> </p>
<p><span data-sheets-root=""1""><br></span></p>",SVADEZI,Apparel & Accessories > Jewelry > Rings,Ring,,false,Title,Default Title,,,,,,,,SLR92/10228,4.61,shopify,50,continue,manual,2600.0,463300.0,true,true,,,,,,https://cdn.shopify.com/s/files/1/0651/8987/1813/files/6_71.jpg?v=1745179538,1,,false,,,200,,,,,,,,,,,,,,,,,animal,,gold,imitation-jewelry,,charm,,unisex,,,,,,g,,577.00,true,,,active
unique-teddy-bear-rings,,,,,,,,,,,,,,,,,,,,,,,,,,,,,,,,https://cdn.shopify.com/s/files/1/0651/8987/1813/files/145.jpg?v=1745179538,2,,,,,,,,,,,,,,,,,,,,,,,,,,,,,,,,,,,,,,,,,
unique-teddy-bear-rings,,,,,,,,,,,,,,,,,,,,,,,,,,,,,,,,https://cdn.shopify.com/s/files/1/0651/8987/1813/files/57_22e85e0d-45b3-4262-a157-6ec140664010.jpg?v=1745179539,3,,,,,,,,,,,,,,,,,,,,,,,,,,,,,,,,,,,,,,,,,
sterling-silver-butterfly-ring-symbol-of-transformation,Sterling Silver Butterfly Ring - Symbol of Transformation,"<style type=""text/css""><!--td {border: 1px solid #cccccc;}br {mso-data-placement:same-cell;}--></style>
<p><span data-sheets-root=""1"">Adorn your finger with our sterling silver adjustable butterfly ring. This charming piece features a delicate butterfly design, symbolizing transformation and beauty. The adjustable band ensures a perfect fit, making it an ideal accessory for any occasion.<br><br></span></p>
<p><span data-sheets-root=""1"">Gemstone - </span><span data-sheets-root=""1"">White Swarovski Zircon </span><span data-sheets-root=""1""><br>Size - 12 , 14 , 16<br>Weight - 4.65g<br><br></span></p>
<style type=""text/css""><!--td {border: 1px solid #cccccc;}br {mso-data-placement:same-cell;}--></style>
<style type=""text/css""><!--td {border: 1px solid #cccccc;}br {mso-data-placement:same-cell;}--></style>
<p><span data-sheets-root=""1"">Keep Your Jewellery Away From Soaps, Perfumes, Cosmetics, Humidity And Extreme Temperature.<br>Jewellery Is Delicate, Any Impact, Pressure Or Mishandling Can Cause Breakage Or Damage. Repairing, If Possible, Is A Chargeable Service.<br>Gold Plating Will Fade With Regular Use And Frequent Exposure To Air And Water. It Will Need Re-Plating. We Can Re-Plate It At A Nominal Charge. Stones(Pasted/In Setting) Can Come Off With Rough Usage.<br>Silver Creations Get Oxidized When Exposed To Air. Use Silver Cleaning Cloth To Clean It. Any Other Powder Or Concentrate May Harm The Original Finish.<br><br><br><br></span></p>
<style type=""text/css""><!--td {border: 1px solid #cccccc;}br {mso-data-placement:same-cell;}--></style>
<p> </p>
<p> </p>
<p><span data-sheets-root=""1""></span><br></p>",SVADEZI,Apparel & Accessories > Jewelry > Rings,Ring,,false,Title,Default Title,,,,,,,,SLR92/18604,4.65,shopify,50,continue,manual,2850.0,6000.0,true,true,,,,,,https://cdn.shopify.com/s/files/1/0651/8987/1813/files/56_d6d25f39-d0ec-4bd6-aed2-e1a1e770da62.jpg?v=1745179795,1,,false,,,200,,,,,,,,,,,,,,,,,animal,,sterling-silver,imitation-jewelry,,charm,,,,,,,,g,,655.00,true,,,active
sterling-silver-butterfly-ring-symbol-of-transformation,,,,,,,,,,,,,,,,,,,,,,,,,,,,,,,,https://cdn.shopify.com/s/files/1/0651/8987/1813/files/202_a238f8e3-7faa-439c-a84a-587ace84db2d.jpg?v=1745179796,2,,,,,,,,,,,,,,,,,,,,,,,,,,,,,,,,,,,,,,,,,
sterling-silver-butterfly-ring-symbol-of-transformation,,,,,,,,,,,,,,,,,,,,,,,,,,,,,,,,https://cdn.shopify.com/s/files/1/0651/8987/1813/files/88_4350339f-01e6-4a4e-a54d-c984976b9569.jpg?v=1745179796,3,,,,,,,,,,,,,,,,,,,,,,,,,,,,,,,,,,,,,,,,,
2-in-1-ring-bracelet-unique-shape-shifting-jewelry,2-in-1 Ring & Bracelet | Unique Shape-Shifting Jewelry,"<style type=""text/css""><!--td {border: 1px solid #cccccc;}br {mso-data-placement:same-cell;}--></style>
<p><span data-sheets-root=""1"">Ring cum Bracelet is a unique piece of art with its versatality in changing its shape &amp; form &amp; give a new look to the outfit. The design pattern is so different that when worn as a ring it’s a glamourus band emblished with zircons &amp; when worn as a bracelet its a completely change in its look &amp; feel its flesciblity makes it a master piece.<br><br></span></p>
<p><span data-sheets-root=""1"">Gemstone - </span><span data-sheets-root=""1"">White Swarovski Zircon </span><span data-sheets-root=""1""><br>Size - Adjustable<br>Weight - 14.41g<br><br></span></p>
<style type=""text/css""><!--td {border: 1px solid #cccccc;}br {mso-data-placement:same-cell;}--></style>
<style type=""text/css""><!--td {border: 1px solid #cccccc;}br {mso-data-placement:same-cell;}--></style>
<p><span data-sheets-root=""1"">Keep Your Jewellery Away From Soaps, Perfumes, Cosmetics, Humidity And Extreme Temperature.<br>Jewellery Is Delicate, Any Impact, Pressure Or Mishandling Can Cause Breakage Or Damage. Repairing, If Possible, Is A Chargeable Service.<br>Gold Plating Will Fade With Regular Use And Frequent Exposure To Air And Water. It Will Need Re-Plating. We Can Re-Plate It At A Nominal Charge. Stones(Pasted/In Setting) Can Come Off With Rough Usage.<br>Silver Creations Get Oxidized When Exposed To Air. Use Silver Cleaning Cloth To Clean It. Any Other Powder Or Concentrate May Harm The Original Finish.<br><br><br><br></span></p>
<style type=""text/css""><!--td {border: 1px solid #cccccc;}br {mso-data-placement:same-cell;}--></style>
<p> </p>
<p> </p>
<p><span data-sheets-root=""1""></span><br></p>",SVADEZI,Apparel & Accessories > Jewelry > Rings,Ring,,false,Title,Default Title,,,,,,,,SLR92/33766,14.41,shopify,50,continue,manual,7963.0,18782.5,true,true,,,,,,https://cdn.shopify.com/s/files/1/0651/8987/1813/files/06_337cb3fc-2568-4e7a-9a8b-a30669881045.jpg?v=1745180692,1,,false,,,200,,adult,,,,,,,,,,,,'0,adults,,silver,,gold,imitation-jewelry,,band,,unisex,,,,,,g,,2250.00,true,,,active
2-in-1-ring-bracelet-unique-shape-shifting-jewelry,,,,,,,,,,,,,,,,,,,,,,,,,,,,,,,,https://cdn.shopify.com/s/files/1/0651/8987/1813/files/167.jpg?v=1745180693,2,,,,,,,,,,,,,,,,,,,,,,,,,,,,,,,,,,,,,,,,,
2-in-1-ring-bracelet-unique-shape-shifting-jewelry,,,,,,,,,,,,,,,,,,,,,,,,,,,,,,,,https://cdn.shopify.com/s/files/1/0651/8987/1813/files/159.jpg?v=1745180693,3,,,,,,,,,,,,,,,,,,,,,,,,,,,,,,,,,,,,,,,,,
2-in-1-ring-bracelet-unique-shape-shifting-jewelry,,,,,,,,,,,,,,,,,,,,,,,,,,,,,,,,https://cdn.shopify.com/s/files/1/0651/8987/1813/files/158_895fb174-a7b8-4cf1-bb50-e7c6d7550c07.jpg?v=1745180693,4,,,,,,,,,,,,,,,,,,,,,,,,,,,,,,,,,,,,,,,,,
2-in-1-ring-bracelet-unique-shape-shifting-jewelry,,,,,,,,,,,,,,,,,,,,,,,,,,,,,,,,https://cdn.shopify.com/s/files/1/0651/8987/1813/files/85_ae2e96d3-9eae-4e81-a7a4-daf3cfe24080.jpg?v=1745180693,5,,,,,,,,,,,,,,,,,,,,,,,,,,,,,,,,,,,,,,,,,
2-in-1-ring-bracelet-unique-shape-shifting-jewelry,,,,,,,,,,,,,,,,,,,,,,,,,,,,,,,,https://cdn.shopify.com/s/files/1/0651/8987/1813/files/84_a35ab207-37db-44b1-9159-216c82493ed8.jpg?v=1745180693,6,,,,,,,,,,,,,,,,,,,,,,,,,,,,,,,,,,,,,,,,,
2-in-1-ring-bracelet-unique-shape-shifting-jewelry,,,,,,,,,,,,,,,,,,,,,,,,,,,,,,,,https://cdn.shopify.com/s/files/1/0651/8987/1813/files/05_1_3db0c0a9-e71c-4260-81eb-3c558a9b86c0.jpg?v=1745180692,7,,,,,,,,,,,,,,,,,,,,,,,,,,,,,,,,,,,,,,,,,
2-in-1-ring-bracelet-unique-shape-shifting-jewelry,,,,,,,,,,,,,,,,,,,,,,,,,,,,,,,,https://cdn.shopify.com/s/files/1/0651/8987/1813/files/04_ff34970f-cf59-44f6-83af-1cec85de64e2.jpg?v=1745180692,8,,,,,,,,,,,,,,,,,,,,,,,,,,,,,,,,,,,,,,,,,
rose-gold-ring-bracelet,Rose Gold Ring Bracelet,"<style type=""text/css""><!--td {border: 1px solid #cccccc;}br {mso-data-placement:same-cell;}--></style>
<p><span data-sheets-root=""1"">This exquisite rose gold ring cum bracelet is a symbol of elegance and sophistication, blending timeless design with modern innovation. Perfectly crafted to adorn your hand with grace, it seamlessly transitions from a statement ring to a delicate bracelet, adding a touch of luxury to any outfit.<br><br></span></p>
<p><span data-sheets-root=""1"">Gemstone - </span><span data-sheets-root=""1"">White Swarovski Zircon </span><span data-sheets-root=""1""><br>Size - Adjustable<br>Weight - 10.74g<br><br></span></p>
<style type=""text/css""><!--td {border: 1px solid #cccccc;}br {mso-data-placement:same-cell;}--></style>
<style type=""text/css""><!--td {border: 1px solid #cccccc;}br {mso-data-placement:same-cell;}--></style>
<p><span data-sheets-root=""1"">Keep Your Jewellery Away From Soaps, Perfumes, Cosmetics, Humidity And Extreme Temperature.<br>Jewellery Is Delicate, Any Impact, Pressure Or Mishandling Can Cause Breakage Or Damage. Repairing, If Possible, Is A Chargeable Service.<br>Gold Plating Will Fade With Regular Use And Frequent Exposure To Air And Water. It Will Need Re-Plating. We Can Re-Plate It At A Nominal Charge. Stones(Pasted/In Setting) Can Come Off With Rough Usage.<br>Silver Creations Get Oxidized When Exposed To Air. Use Silver Cleaning Cloth To Clean It. Any Other Powder Or Concentrate May Harm The Original Finish.<br><br><br><br></span></p>
<style type=""text/css""><!--td {border: 1px solid #cccccc;}br {mso-data-placement:same-cell;}--></style>
<p> </p>
<p> </p>
<p><span data-sheets-root=""1""></span><br></p>",SVADEZI,Apparel & Accessories > Jewelry > Rings,Ring,,false,Title,Default Title,,,,,,,,SLR92/12878,10.74,shopify,46,deny,manual,750.0,,true,true,,,,,,https://cdn.shopify.com/s/files/1/0651/8987/1813/files/11_6cd82a2e-0901-4f7a-845b-a3833f00e8a2.jpg?v=1745212878,1,,false,,,200,,,,,,,,,,,,,,'0,,,rose-gold,,rose-gold,imitation-jewelry,,charm,,,,,,,,g,,,true,,,active
rose-gold-ring-bracelet,,,,,,,,,,,,,,,,,,,,,,,,,,,,,,,,https://cdn.shopify.com/s/files/1/0651/8987/1813/files/167_1.jpg?v=1745212878,2,,,,,,,,,,,,,,,,,,,,,,,,,,,,,,,,,,,,,,,,,
rose-gold-ring-bracelet,,,,,,,,,,,,,,,,,,,,,,,,,,,,,,,,https://cdn.shopify.com/s/files/1/0651/8987/1813/files/161_a9b56adc-af4f-4d4f-81dc-74b2b8a39740.jpg?v=1745212878,3,,,,,,,,,,,,,,,,,,,,,,,,,,,,,,,,,,,,,,,,,
rose-gold-ring-bracelet,,,,,,,,,,,,,,,,,,,,,,,,,,,,,,,,https://cdn.shopify.com/s/files/1/0651/8987/1813/files/160.jpg?v=1745212878,4,,,,,,,,,,,,,,,,,,,,,,,,,,,,,,,,,,,,,,,,,
rose-gold-ring-bracelet,,,,,,,,,,,,,,,,,,,,,,,,,,,,,,,,https://cdn.shopify.com/s/files/1/0651/8987/1813/files/87_89af1804-8679-40d6-ad26-8be48b3c469f.jpg?v=1745212878,5,,,,,,,,,,,,,,,,,,,,,,,,,,,,,,,,,,,,,,,,,
rose-gold-ring-bracelet,,,,,,,,,,,,,,,,,,,,,,,,,,,,,,,,https://cdn.shopify.com/s/files/1/0651/8987/1813/files/86.jpg?v=1745212878,6,,,,,,,,,,,,,,,,,,,,,,,,,,,,,,,,,,,,,,,,,
rose-gold-ring-bracelet,,,,,,,,,,,,,,,,,,,,,,,,,,,,,,,,https://cdn.shopify.com/s/files/1/0651/8987/1813/files/14_ff9f810b-a775-4bed-a23a-fb3977cb06e2.jpg?v=1745212878,7,,,,,,,,,,,,,,,,,,,,,,,,,,,,,,,,,,,,,,,,,
stunning-dual-tone-ring-bracelet-versatile-convertible-jewelry,Stunning Dual-Tone Ring Bracelet | Versatile Convertible Jewelry,"<style type=""text/css""><!--td {border: 1px solid #cccccc;}br {mso-data-placement:same-cell;}--></style>
<p><span data-sheets-root=""1"">This stunning dual-tone ring cum bracelet is the perfect blend of sophistication and versatility. Whether worn as a statement ring or a delicate bracelet, it adds a touch of charm to any outfit. A must-have for those who love timeless beauty with a modern twist.<br><br></span></p>
<p><span data-sheets-root=""1"">Gemstone - </span><span data-sheets-root=""1"">White Swarovski Zircon </span><span data-sheets-root=""1""><br>Size - Adjustable<br>Weight - 14.73g<br><br></span></p>
<style type=""text/css""><!--td {border: 1px solid #cccccc;}br {mso-data-placement:same-cell;}--></style>
<style type=""text/css""><!--td {border: 1px solid #cccccc;}br {mso-data-placement:same-cell;}--></style>
<p><span data-sheets-root=""1"">Keep Your Jewellery Away From Soaps, Perfumes, Cosmetics, Humidity And Extreme Temperature.<br>Jewellery Is Delicate, Any Impact, Pressure Or Mishandling Can Cause Breakage Or Damage. Repairing, If Possible, Is A Chargeable Service.<br>Gold Plating Will Fade With Regular Use And Frequent Exposure To Air And Water. It Will Need Re-Plating. We Can Re-Plate It At A Nominal Charge. Stones(Pasted/In Setting) Can Come Off With Rough Usage.<br>Silver Creations Get Oxidized When Exposed To Air. Use Silver Cleaning Cloth To Clean It. Any Other Powder Or Concentrate May Harm The Original Finish.<br><br><br><br></span></p>
<style type=""text/css""><!--td {border: 1px solid #cccccc;}br {mso-data-placement:same-cell;}--></style>
<p> </p>
<p> </p>
<p><span data-sheets-root=""1""></span><br></p>",SVADEZI,Apparel & Accessories > Jewelry > Rings,Ring,,false,Title,Default Title,,,,,,,,SLR92/33782,14.73,shopify,50,continue,manual,8113.0,19157.5,true,true,,,,,,https://cdn.shopify.com/s/files/1/0651/8987/1813/files/50_a182f9c7-d998-4bf4-920e-7744e2832688.jpg?v=1745213788,1,,false,,,200,,adult,,,,,,,,,,,,'0,adults,,white-gold; white,,,imitation-jewelry,,charm,,unisex,,,,,,g,,2297.00,true,,,active
stunning-dual-tone-ring-bracelet-versatile-convertible-jewelry,,,,,,,,,,,,,,,,,,,,,,,,,,,,,,,,https://cdn.shopify.com/s/files/1/0651/8987/1813/files/167_2.jpg?v=1745213788,2,,,,,,,,,,,,,,,,,,,,,,,,,,,,,,,,,,,,,,,,,
stunning-dual-tone-ring-bracelet-versatile-convertible-jewelry,,,,,,,,,,,,,,,,,,,,,,,,,,,,,,,,https://cdn.shopify.com/s/files/1/0651/8987/1813/files/164.jpg?v=1745213788,3,,,,,,,,,,,,,,,,,,,,,,,,,,,,,,,,,,,,,,,,,
stunning-dual-tone-ring-bracelet-versatile-convertible-jewelry,,,,,,,,,,,,,,,,,,,,,,,,,,,,,,,,https://cdn.shopify.com/s/files/1/0651/8987/1813/files/163_0384afc7-2462-466f-8d84-d358b7954141.jpg?v=1745213788,4,,,,,,,,,,,,,,,,,,,,,,,,,,,,,,,,,,,,,,,,,
stunning-dual-tone-ring-bracelet-versatile-convertible-jewelry,,,,,,,,,,,,,,,,,,,,,,,,,,,,,,,,https://cdn.shopify.com/s/files/1/0651/8987/1813/files/79_ca4b2584-798a-4770-bc5b-9c9118a16579.jpg?v=1745213788,5,,,,,,,,,,,,,,,,,,,,,,,,,,,,,,,,,,,,,,,,,
stunning-dual-tone-ring-bracelet-versatile-convertible-jewelry,,,,,,,,,,,,,,,,,,,,,,,,,,,,,,,,https://cdn.shopify.com/s/files/1/0651/8987/1813/files/78_c65fecff-79ac-4cb8-b9d2-d2065e0f0766.jpg?v=1745213788,6,,,,,,,,,,,,,,,,,,,,,,,,,,,,,,,,,,,,,,,,,
stunning-dual-tone-ring-bracelet-versatile-convertible-jewelry,,,,,,,,,,,,,,,,,,,,,,,,,,,,,,,,https://cdn.shopify.com/s/files/1/0651/8987/1813/files/49_29184086-50da-4ca1-aaec-8921fa53c29d.jpg?v=1745213787,7,,,,,,,,,,,,,,,,,,,,,,,,,,,,,,,,,,,,,,,,,
stunning-dual-tone-ring-bracelet-versatile-convertible-jewelry,,,,,,,,,,,,,,,,,,,,,,,,,,,,,,,,https://cdn.shopify.com/s/files/1/0651/8987/1813/files/48_8cee33c7-3cc6-48a9-9fe5-42484bf0501d.jpg?v=1745213788,8,,,,,,,,,,,,,,,,,,,,,,,,,,,,,,,,,,,,,,,,,
dual-tone-ring-to-bracelet-unique-sophisticated-design,Dual-Tone Ring to Bracelet | Unique & Sophisticated Design,"<style type=""text/css""><!--td {border: 1px solid #cccccc;}br {mso-data-placement:same-cell;}--></style>
<p><span data-sheets-root=""1"">This stunning dual-tone ring cum bracelet in silver is the perfect blend of sophistication and style. Its versatile design seamlessly transitions from a statement ring to a delicate hand bracelet, making it a must-have for any jewelry lover. Elevate your look with this timeless piece that exudes grace and charm<br><br></span></p>
<p><span data-sheets-root=""1"">Gemstone - </span><span data-sheets-root=""1"">White Swarovski Zircon </span><span data-sheets-root=""1""><br>Size - Adjustable<br>Weight - 11.91g<br><br></span></p>
<style type=""text/css""><!--td {border: 1px solid #cccccc;}br {mso-data-placement:same-cell;}--></style>
<style type=""text/css""><!--td {border: 1px solid #cccccc;}br {mso-data-placement:same-cell;}--></style>
<p><span data-sheets-root=""1"">Keep Your Jewellery Away From Soaps, Perfumes, Cosmetics, Humidity And Extreme Temperature.<br>Jewellery Is Delicate, Any Impact, Pressure Or Mishandling Can Cause Breakage Or Damage. Repairing, If Possible, Is A Chargeable Service.<br>Gold Plating Will Fade With Regular Use And Frequent Exposure To Air And Water. It Will Need Re-Plating. We Can Re-Plate It At A Nominal Charge. Stones(Pasted/In Setting) Can Come Off With Rough Usage.<br>Silver Creations Get Oxidized When Exposed To Air. Use Silver Cleaning Cloth To Clean It. Any Other Powder Or Concentrate May Harm The Original Finish.<br><br><br><br></span></p>
<style type=""text/css""><!--td {border: 1px solid #cccccc;}br {mso-data-placement:same-cell;}--></style>
<p> </p>
<p> </p>
<p><span data-sheets-root=""1""></span><br></p>",SVADEZI,Apparel & Accessories > Jewelry > Rings,bracelet,,false,Title,Default Title,,,,,,,,SLR92/17789,11.91,shopify,50,continue,manual,5675.0,13062.5,true,true,,,,,,https://cdn.shopify.com/s/files/1/0651/8987/1813/files/53.jpg?v=1745214513,1,,false,,,200,,adult,,,,,,,,,,,,'0,adults,,silver,,silver,imitation-jewelry,,charm,,unisex,,,,,,g,,1537.00,true,,,active
dual-tone-ring-to-bracelet-unique-sophisticated-design,,,,,,,,,,,,,,,,,,,,,,,,,,,,,,,,https://cdn.shopify.com/s/files/1/0651/8987/1813/files/166_a9d6a6ae-a292-4c67-9fc3-9b284b030373.jpg?v=1745214514,2,,,,,,,,,,,,,,,,,,,,,,,,,,,,,,,,,,,,,,,,,
dual-tone-ring-to-bracelet-unique-sophisticated-design,,,,,,,,,,,,,,,,,,,,,,,,,,,,,,,,https://cdn.shopify.com/s/files/1/0651/8987/1813/files/167_95263893-a955-42a7-99f4-ee86182a6e14.jpg?v=1745214515,3,,,,,,,,,,,,,,,,,,,,,,,,,,,,,,,,,,,,,,,,,
dual-tone-ring-to-bracelet-unique-sophisticated-design,,,,,,,,,,,,,,,,,,,,,,,,,,,,,,,,https://cdn.shopify.com/s/files/1/0651/8987/1813/files/80_30c1a6ad-bb7e-4200-a3ec-e426ca2462d6.jpg?v=1745214514,4,,,,,,,,,,,,,,,,,,,,,,,,,,,,,,,,,,,,,,,,,
dual-tone-ring-to-bracelet-unique-sophisticated-design,,,,,,,,,,,,,,,,,,,,,,,,,,,,,,,,https://cdn.shopify.com/s/files/1/0651/8987/1813/files/52_c246180c-a375-4fc2-b849-bb5f1a2c7d5e.jpg?v=1745214513,5,,,,,,,,,,,,,,,,,,,,,,,,,,,,,,,,,,,,,,,,,
dual-tone-ring-to-bracelet-unique-sophisticated-design,,,,,,,,,,,,,,,,,,,,,,,,,,,,,,,,https://cdn.shopify.com/s/files/1/0651/8987/1813/files/51_d18dd2ea-b090-43a9-9093-3bb358a13131.jpg?v=1745214514,6,,,,,,,,,,,,,,,,,,,,,,,,,,,,,,,,,,,,,,,,,
dual-tone-ring-to-bracelet-unique-sophisticated-design,,,,,,,,,,,,,,,,,,,,,,,,,,,,,,,,https://cdn.shopify.com/s/files/1/0651/8987/1813/files/165.jpg?v=1745214589,7,,,,,,,,,,,,,,,,,,,,,,,,,,,,,,,,,,,,,,,,,
sparkling-silver-ring-bracelet-convertible-crystal-jewelry,Sparkling Silver Ring Bracelet | Convertible Crystal Jewelry,"<style type=""text/css""><!--td {border: 1px solid #cccccc;}br {mso-data-placement:same-cell;}--></style>
<p><span data-sheets-root=""1"">Make a statement with this exquisite silver ring cum bracelet, crafted with elegance and adorned with shimmering crystals for that perfect sparkle.The intricate multi-band design adds a modern yet timeless touch, making it a versatile piece that complements any look effortlessly. Whether worn as a symbol of love or a chic fashion accessory, this ring is sure to turn heads and steal hearts.<br><br></span></p>
<p><span data-sheets-root=""1"">Gemstone - </span><span data-sheets-root=""1"">White Swarovski Zircon </span><span data-sheets-root=""1""><br>Size - Adjustable<br>Weight - 9.55g<br><br></span></p>
<style type=""text/css""><!--td {border: 1px solid #cccccc;}br {mso-data-placement:same-cell;}--></style>
<style type=""text/css""><!--td {border: 1px solid #cccccc;}br {mso-data-placement:same-cell;}--></style>
<p><span data-sheets-root=""1"">Keep Your Jewellery Away From Soaps, Perfumes, Cosmetics, Humidity And Extreme Temperature.<br>Jewellery Is Delicate, Any Impact, Pressure Or Mishandling Can Cause Breakage Or Damage. Repairing, If Possible, Is A Chargeable Service.<br>Gold Plating Will Fade With Regular Use And Frequent Exposure To Air And Water. It Will Need Re-Plating. We Can Re-Plate It At A Nominal Charge. Stones(Pasted/In Setting) Can Come Off With Rough Usage.<br>Silver Creations Get Oxidized When Exposed To Air. Use Silver Cleaning Cloth To Clean It. Any Other Powder Or Concentrate May Harm The Original Finish.<br><br><br><br></span></p>
<style type=""text/css""><!--td {border: 1px solid #cccccc;}br {mso-data-placement:same-cell;}--></style>
<p> </p>
<p> </p>
<p><span data-sheets-root=""1""></span><br></p>",SVADEZI,Uncategorized,bracelet,,false,Title,Default Title,,,,,,,,SLR92/33974,9.55,shopify,50,continue,manual,5288.0,12095.0,true,true,,,,,,https://cdn.shopify.com/s/files/1/0651/8987/1813/files/39_64afcfdb-bf3b-4162-af4b-345d5b2f0f2c.jpg?v=1745215031,1,,false,,,,,,,,,,,,,,,,,,,,,,,,,,,,,,,,,g,,1416.00,true,,,active
sparkling-silver-ring-bracelet-convertible-crystal-jewelry,,,,,,,,,,,,,,,,,,,,,,,,,,,,,,,,https://cdn.shopify.com/s/files/1/0651/8987/1813/files/174.jpg?v=1745215032,2,,,,,,,,,,,,,,,,,,,,,,,,,,,,,,,,,,,,,,,,,
sparkling-silver-ring-bracelet-convertible-crystal-jewelry,,,,,,,,,,,,,,,,,,,,,,,,,,,,,,,,https://cdn.shopify.com/s/files/1/0651/8987/1813/files/171.jpg?v=1745215032,3,,,,,,,,,,,,,,,,,,,,,,,,,,,,,,,,,,,,,,,,,
sparkling-silver-ring-bracelet-convertible-crystal-jewelry,,,,,,,,,,,,,,,,,,,,,,,,,,,,,,,,https://cdn.shopify.com/s/files/1/0651/8987/1813/files/170.jpg?v=1745215032,4,,,,,,,,,,,,,,,,,,,,,,,,,,,,,,,,,,,,,,,,,
sparkling-silver-ring-bracelet-convertible-crystal-jewelry,,,,,,,,,,,,,,,,,,,,,,,,,,,,,,,,https://cdn.shopify.com/s/files/1/0651/8987/1813/files/65_b79155d5-4390-406f-9b86-e17a54fb67e3.jpg?v=1745215032,5,,,,,,,,,,,,,,,,,,,,,,,,,,,,,,,,,,,,,,,,,
sparkling-silver-ring-bracelet-convertible-crystal-jewelry,,,,,,,,,,,,,,,,,,,,,,,,,,,,,,,,https://cdn.shopify.com/s/files/1/0651/8987/1813/files/64_936e4fb9-b46b-4f9f-a3e7-a799ed890b98.jpg?v=1745215032,6,,,,,,,,,,,,,,,,,,,,,,,,,,,,,,,,,,,,,,,,,
sparkling-silver-ring-bracelet-convertible-crystal-jewelry,,,,,,,,,,,,,,,,,,,,,,,,,,,,,,,,https://cdn.shopify.com/s/files/1/0651/8987/1813/files/38_028f8666-e282-4fb9-b978-45802d620862.jpg?v=1745215031,7,,,,,,,,,,,,,,,,,,,,,,,,,,,,,,,,,,,,,,,,,
sparkling-silver-ring-bracelet-convertible-crystal-jewelry,,,,,,,,,,,,,,,,,,,,,,,,,,,,,,,,https://cdn.shopify.com/s/files/1/0651/8987/1813/files/17_b85186d9-b98b-40e8-9907-01ad0ee8977e.jpg?v=1745215031,8,,,,,,,,,,,,,,,,,,,,,,,,,,,,,,,,,,,,,,,,,
dazzling-rose-gold-heart-ring-bracelet-multi-band-convertible-jewelry,Dazzling Rose Gold Heart Ring Bracelet | Multi-Band Convertible Jewelry,"<style type=""text/css""><!--td {border: 1px solid #cccccc;}br {mso-data-placement:same-cell;}--></style>
<p><span data-sheets-root=""1"">Radiate elegance with this exquisite rose gold-toned multi-band ring cum bracelet featuring a dazzling heart-shaped design adorned with shimmering stones.A true statement piece, this ring blends sophistication with modern charm, making it the perfect addition to your jewelry collection. Whether you're dressing up for a special occasion or adding a touch of sparkle to your everyday look<br><br><br></span></p>
<p><span data-sheets-root=""1"">Gemstone - </span><span data-sheets-root=""1"">White Swarovski Zircon </span><span data-sheets-root=""1""><br>Size - Adjustable<br>Weight - 9.63g<br><br></span></p>
<style type=""text/css""><!--td {border: 1px solid #cccccc;}br {mso-data-placement:same-cell;}--></style>
<style type=""text/css""><!--td {border: 1px solid #cccccc;}br {mso-data-placement:same-cell;}--></style>
<p><span data-sheets-root=""1"">Keep Your Jewellery Away From Soaps, Perfumes, Cosmetics, Humidity And Extreme Temperature.<br>Jewellery Is Delicate, Any Impact, Pressure Or Mishandling Can Cause Breakage Or Damage. Repairing, If Possible, Is A Chargeable Service.<br>Gold Plating Will Fade With Regular Use And Frequent Exposure To Air And Water. It Will Need Re-Plating. We Can Re-Plate It At A Nominal Charge. Stones(Pasted/In Setting) Can Come Off With Rough Usage.<br>Silver Creations Get Oxidized When Exposed To Air. Use Silver Cleaning Cloth To Clean It. Any Other Powder Or Concentrate May Harm The Original Finish.<br><br><br><br></span></p>
<style type=""text/css""><!--td {border: 1px solid #cccccc;}br {mso-data-placement:same-cell;}--></style>
<p> </p>
<p> </p>
<p><span data-sheets-root=""1""><br></span><br></p>",SVADEZI,Apparel & Accessories > Jewelry > Bracelets,bracelet,,false,Title,Default Title,,,,,,,,SLR92/34024,9.63,shopify,50,continue,manual,5325.0,12187.5,true,true,,,,,,https://cdn.shopify.com/s/files/1/0651/8987/1813/files/44_65aadb89-232f-437e-8bf7-ac143593726a.jpg?v=1745216656,1,,false,,,191,,,,,,,,,,,,,,'0,,,,,,,,,,,,,,,,g,,1427.00,true,,,active
dazzling-rose-gold-heart-ring-bracelet-multi-band-convertible-jewelry,,,,,,,,,,,,,,,,,,,,,,,,,,,,,,,,https://cdn.shopify.com/s/files/1/0651/8987/1813/files/174_944cc5bd-3557-4a0a-878c-0eefe183f096.jpg?v=1745216656,2,,,,,,,,,,,,,,,,,,,,,,,,,,,,,,,,,,,,,,,,,
dazzling-rose-gold-heart-ring-bracelet-multi-band-convertible-jewelry,,,,,,,,,,,,,,,,,,,,,,,,,,,,,,,,https://cdn.shopify.com/s/files/1/0651/8987/1813/files/169.jpg?v=1745216656,3,,,,,,,,,,,,,,,,,,,,,,,,,,,,,,,,,,,,,,,,,
dazzling-rose-gold-heart-ring-bracelet-multi-band-convertible-jewelry,,,,,,,,,,,,,,,,,,,,,,,,,,,,,,,,https://cdn.shopify.com/s/files/1/0651/8987/1813/files/168.jpg?v=1745216656,4,,,,,,,,,,,,,,,,,,,,,,,,,,,,,,,,,,,,,,,,,
dazzling-rose-gold-heart-ring-bracelet-multi-band-convertible-jewelry,,,,,,,,,,,,,,,,,,,,,,,,,,,,,,,,https://cdn.shopify.com/s/files/1/0651/8987/1813/files/43_756c9bc2-d911-4952-a8df-eddbe8fea24c.jpg?v=1745216656,5,,,,,,,,,,,,,,,,,,,,,,,,,,,,,,,,,,,,,,,,,
dazzling-rose-gold-heart-ring-bracelet-multi-band-convertible-jewelry,,,,,,,,,,,,,,,,,,,,,,,,,,,,,,,,https://cdn.shopify.com/s/files/1/0651/8987/1813/files/16_4799376c-15a3-4dfd-b439-489327861ad8.jpg?v=1745216655,6,,,,,,,,,,,,,,,,,,,,,,,,,,,,,,,,,,,,,,,,,
romantic-gold-polish-ring-cum-bracelet-crystal-heart-modern-multi-band-style,Romantic Gold Polish Ring Cum Bracelet | Crystal Heart & Modern Multi-Band Style,"<style type=""text/css""><!--td {border: 1px solid #cccccc;}br {mso-data-placement:same-cell;}--></style>
<p><span data-sheets-root=""1"">This exquisite gold polish ring cum bracelet is a true masterpiece, featuring a stunning heart-shaped centerpiece adorned with dazzling crystals. Designed with a unique multi-band structure, it embodies elegance, romance, and modern sophistication. Whether you're dressing up for a special occasion or adding a touch of glam to your everyday look, this statement piece is the perfect addition to your jewelry collection.<br><br></span></p>
<p><span data-sheets-root=""1"">Gemstone - </span><span data-sheets-root=""1"">White Swarovski Zircon </span><span data-sheets-root=""1""><br>Size - Adjustable<br>Weight - 9.71g<br><br></span></p>
<style type=""text/css""><!--td {border: 1px solid #cccccc;}br {mso-data-placement:same-cell;}--></style>
<style type=""text/css""><!--td {border: 1px solid #cccccc;}br {mso-data-placement:same-cell;}--></style>
<p><span data-sheets-root=""1"">Keep Your Jewellery Away From Soaps, Perfumes, Cosmetics, Humidity And Extreme Temperature.<br>Jewellery Is Delicate, Any Impact, Pressure Or Mishandling Can Cause Breakage Or Damage. Repairing, If Possible, Is A Chargeable Service.<br>Gold Plating Will Fade With Regular Use And Frequent Exposure To Air And Water. It Will Need Re-Plating. We Can Re-Plate It At A Nominal Charge. Stones(Pasted/In Setting) Can Come Off With Rough Usage.<br>Silver Creations Get Oxidized When Exposed To Air. Use Silver Cleaning Cloth To Clean It. Any Other Powder Or Concentrate May Harm The Original Finish.<br><br><br><br></span></p>
<style type=""text/css""><!--td {border: 1px solid #cccccc;}br {mso-data-placement:same-cell;}--></style>
<p> </p>
<p> </p>
<p><span data-sheets-root=""1""><br></span><br></p>",SVADEZI,Apparel & Accessories > Jewelry > Rings,bracelet,,false,Title,Default Title,,,,,,,,SLR92/5196,9.71,shopify,50,continue,manual,5000.0,11375.0,true,true,,,,,,https://cdn.shopify.com/s/files/1/0651/8987/1813/files/42_564ff983-f6d1-4886-be57-509ad2b2d309.jpg?v=1745217075,1,,false,,,200,,adult,,,,,,,,,,,,'0,adults,,white-gold,,gold,imitation-jewelry,,band,,unisex,,,,,,g,,1326.00,true,,,active
romantic-gold-polish-ring-cum-bracelet-crystal-heart-modern-multi-band-style,,,,,,,,,,,,,,,,,,,,,,,,,,,,,,,,https://cdn.shopify.com/s/files/1/0651/8987/1813/files/174_1361c370-f7d6-490e-bea6-d99ba960bb79.jpg?v=1745217075,2,,,,,,,,,,,,,,,,,,,,,,,,,,,,,,,,,,,,,,,,,
romantic-gold-polish-ring-cum-bracelet-crystal-heart-modern-multi-band-style,,,,,,,,,,,,,,,,,,,,,,,,,,,,,,,,https://cdn.shopify.com/s/files/1/0651/8987/1813/files/173.jpg?v=1745217075,3,,,,,,,,,,,,,,,,,,,,,,,,,,,,,,,,,,,,,,,,,
romantic-gold-polish-ring-cum-bracelet-crystal-heart-modern-multi-band-style,,,,,,,,,,,,,,,,,,,,,,,,,,,,,,,,https://cdn.shopify.com/s/files/1/0651/8987/1813/files/172.jpg?v=1745217075,4,,,,,,,,,,,,,,,,,,,,,,,,,,,,,,,,,,,,,,,,,
romantic-gold-polish-ring-cum-bracelet-crystal-heart-modern-multi-band-style,,,,,,,,,,,,,,,,,,,,,,,,,,,,,,,,https://cdn.shopify.com/s/files/1/0651/8987/1813/files/63.jpg?v=1745217075,5,,,,,,,,,,,,,,,,,,,,,,,,,,,,,,,,,,,,,,,,,
romantic-gold-polish-ring-cum-bracelet-crystal-heart-modern-multi-band-style,,,,,,,,,,,,,,,,,,,,,,,,,,,,,,,,https://cdn.shopify.com/s/files/1/0651/8987/1813/files/62.jpg?v=1745217075,6,,,,,,,,,,,,,,,,,,,,,,,,,,,,,,,,,,,,,,,,,
romantic-gold-polish-ring-cum-bracelet-crystal-heart-modern-multi-band-style,,,,,,,,,,,,,,,,,,,,,,,,,,,,,,,,https://cdn.shopify.com/s/files/1/0651/8987/1813/files/40_e15971e9-ae5a-4c66-a0cc-d442b8aec308.jpg?v=1745217075,7,,,,,,,,,,,,,,,,,,,,,,,,,,,,,,,,,,,,,,,,,
romantic-gold-polish-ring-cum-bracelet-crystal-heart-modern-multi-band-style,,,,,,,,,,,,,,,,,,,,,,,,,,,,,,,,https://cdn.shopify.com/s/files/1/0651/8987/1813/files/15_75275fd0-7288-4e3e-92b1-e7b4de002675.jpg?v=1745217075,8,,,,,,,,,,,,,,,,,,,,,,,,,,,,,,,,,,,,,,,,,
silver-ring-cum-bracelet-with-crystals-elegant-multi-band-design,Silver Ring Cum Bracelet with Crystals | Elegant Multi-Band Design,"<style type=""text/css""><!--td {border: 1px solid #cccccc;}br {mso-data-placement:same-cell;}--></style>
<p><span data-sheets-root=""1"">Make a statement with this exquisite silver ring cum bracelet, crafted with elegance and adorned with shimmering crystals for that perfect sparkle.The intricate multi-band design adds a modern yet timeless touch, making it a versatile piece that complements any look effortlessly. Whether worn as a symbol of love or a chic fashion accessory, this ring is sure to turn heads and steal hearts.<br><br></span></p>
<p><span data-sheets-root=""1"">Gemstone - </span><span data-sheets-root=""1"">White Swarovski Zircon </span><span data-sheets-root=""1""><br>Size - Adjustable<br>Weight - 9.79g<br><br></span></p>
<style type=""text/css""><!--td {border: 1px solid #cccccc;}br {mso-data-placement:same-cell;}--></style>
<style type=""text/css""><!--td {border: 1px solid #cccccc;}br {mso-data-placement:same-cell;}--></style>
<p><span data-sheets-root=""1"">Keep Your Jewellery Away From Soaps, Perfumes, Cosmetics, Humidity And Extreme Temperature.<br>Jewellery Is Delicate, Any Impact, Pressure Or Mishandling Can Cause Breakage Or Damage. Repairing, If Possible, Is A Chargeable Service.<br>Gold Plating Will Fade With Regular Use And Frequent Exposure To Air And Water. It Will Need Re-Plating. We Can Re-Plate It At A Nominal Charge. Stones(Pasted/In Setting) Can Come Off With Rough Usage.<br>Silver Creations Get Oxidized When Exposed To Air. Use Silver Cleaning Cloth To Clean It. Any Other Powder Or Concentrate May Harm The Original Finish.<br><br><br><br></span></p>
<style type=""text/css""><!--td {border: 1px solid #cccccc;}br {mso-data-placement:same-cell;}--></style>
<p> </p>
<p> </p>
<p><span data-sheets-root=""1""></span><br></p>",SVADEZI,Apparel & Accessories > Jewelry > Rings,bracelet,,false,Title,Default Title,,,,,,,,SLR92/33975,9.79,shopify,50,continue,manual,5400.0,12375.0,true,true,,,,,,https://cdn.shopify.com/s/files/1/0651/8987/1813/files/37_3e29150b-d2fb-46bd-98e5-b26104653a3b.jpg?v=1745217681,1,,false,,,200,,adult,,,,,,,,,,,,'0,adults,,silver,,silver,imitation-jewelry,,band,,unisex,,,,,,g,,1451.00,true,,,active
silver-ring-cum-bracelet-with-crystals-elegant-multi-band-design,,,,,,,,,,,,,,,,,,,,,,,,,,,,,,,,https://cdn.shopify.com/s/files/1/0651/8987/1813/files/157.jpg?v=1745217682,2,,,,,,,,,,,,,,,,,,,,,,,,,,,,,,,,,,,,,,,,,
silver-ring-cum-bracelet-with-crystals-elegant-multi-band-design,,,,,,,,,,,,,,,,,,,,,,,,,,,,,,,,https://cdn.shopify.com/s/files/1/0651/8987/1813/files/154.jpg?v=1745217682,3,,,,,,,,,,,,,,,,,,,,,,,,,,,,,,,,,,,,,,,,,
silver-ring-cum-bracelet-with-crystals-elegant-multi-band-design,,,,,,,,,,,,,,,,,,,,,,,,,,,,,,,,https://cdn.shopify.com/s/files/1/0651/8987/1813/files/153_15c761d7-234e-402d-bd3b-50027ac4634f.jpg?v=1745217681,4,,,,,,,,,,,,,,,,,,,,,,,,,,,,,,,,,,,,,,,,,
silver-ring-cum-bracelet-with-crystals-elegant-multi-band-design,,,,,,,,,,,,,,,,,,,,,,,,,,,,,,,,https://cdn.shopify.com/s/files/1/0651/8987/1813/files/69_de50dce5-5cf4-4124-8d3f-3b5bc3ad53ab.jpg?v=1745217681,5,,,,,,,,,,,,,,,,,,,,,,,,,,,,,,,,,,,,,,,,,
silver-ring-cum-bracelet-with-crystals-elegant-multi-band-design,,,,,,,,,,,,,,,,,,,,,,,,,,,,,,,,https://cdn.shopify.com/s/files/1/0651/8987/1813/files/68.jpg?v=1745217681,6,,,,,,,,,,,,,,,,,,,,,,,,,,,,,,,,,,,,,,,,,
silver-ring-cum-bracelet-with-crystals-elegant-multi-band-design,,,,,,,,,,,,,,,,,,,,,,,,,,,,,,,,https://cdn.shopify.com/s/files/1/0651/8987/1813/files/36_66a68eff-03cb-4781-8c78-6110afcb84d5.jpg?v=1745217681,7,,,,,,,,,,,,,,,,,,,,,,,,,,,,,,,,,,,,,,,,,
silver-ring-cum-bracelet-with-crystals-elegant-multi-band-design,,,,,,,,,,,,,,,,,,,,,,,,,,,,,,,,https://cdn.shopify.com/s/files/1/0651/8987/1813/files/20_54353293-3a78-4fcc-a6e3-5e732550bf1f.jpg?v=1745217681,8,,,,,,,,,,,,,,,,,,,,,,,,,,,,,,,,,,,,,,,,,
dazzling-heart-rose-gold-tone-ring-bracelet-statement-piece,Dazzling Heart Rose Gold Tone Ring & Bracelet | Statement Piece,"<style type=""text/css""><!--td {border: 1px solid #cccccc;}br {mso-data-placement:same-cell;}--></style>
<p><span data-sheets-root=""1"">Radiate elegance with this exquisite rose gold-toned multi-band ring cum bracelet featuring a dazzling heart-shaped design adorned with shimmering stones.A true statement piece, this ring blends sophistication with modern charm, making it the perfect addition to your jewelry collection. Whether you're dressing up for a special occasion or adding a touch of sparkle to your everyday look<br><br></span></p>
<p><span data-sheets-root=""1"">Gemstone - </span><span data-sheets-root=""1"">White Swarovski Zircon </span><span data-sheets-root=""1""><br>Size - Adjustable<br>Weight - 9.35g<br><br></span></p>
<style type=""text/css""><!--td {border: 1px solid #cccccc;}br {mso-data-placement:same-cell;}--></style>
<style type=""text/css""><!--td {border: 1px solid #cccccc;}br {mso-data-placement:same-cell;}--></style>
<p><span data-sheets-root=""1"">Keep Your Jewellery Away From Soaps, Perfumes, Cosmetics, Humidity And Extreme Temperature.<br>Jewellery Is Delicate, Any Impact, Pressure Or Mishandling Can Cause Breakage Or Damage. Repairing, If Possible, Is A Chargeable Service.<br>Gold Plating Will Fade With Regular Use And Frequent Exposure To Air And Water. It Will Need Re-Plating. We Can Re-Plate It At A Nominal Charge. Stones(Pasted/In Setting) Can Come Off With Rough Usage.<br>Silver Creations Get Oxidized When Exposed To Air. Use Silver Cleaning Cloth To Clean It. Any Other Powder Or Concentrate May Harm The Original Finish.<br><br><br><br></span></p>
<style type=""text/css""><!--td {border: 1px solid #cccccc;}br {mso-data-placement:same-cell;}--></style>
<p> </p>
<p> </p>
<p><span data-sheets-root=""1""></span><br></p>",SVADEZI,Apparel & Accessories > Jewelry > Rings,bracelet,,false,Title,Default Title,,,,,,,,SLR92/34026,9.35,shopify,50,continue,manual,5188.0,4212.5,true,true,,,,,,https://cdn.shopify.com/s/files/1/0651/8987/1813/files/35_62511f9e-49fe-4930-aea2-85e186ebb410.jpg?v=1745217893,1,,false,,,200,,,,,,,,,,,,,,'0,,,rose-gold,,rose-gold,imitation-jewelry,,band,,,,,,,,g,,1385.00,true,,,active
dazzling-heart-rose-gold-tone-ring-bracelet-statement-piece,,,,,,,,,,,,,,,,,,,,,,,,,,,,,,,,https://cdn.shopify.com/s/files/1/0651/8987/1813/files/157_1.jpg?v=1745217893,2,,,,,,,,,,,,,,,,,,,,,,,,,,,,,,,,,,,,,,,,,
dazzling-heart-rose-gold-tone-ring-bracelet-statement-piece,,,,,,,,,,,,,,,,,,,,,,,,,,,,,,,,https://cdn.shopify.com/s/files/1/0651/8987/1813/files/156.jpg?v=1745217893,3,,,,,,,,,,,,,,,,,,,,,,,,,,,,,,,,,,,,,,,,,
dazzling-heart-rose-gold-tone-ring-bracelet-statement-piece,,,,,,,,,,,,,,,,,,,,,,,,,,,,,,,,https://cdn.shopify.com/s/files/1/0651/8987/1813/files/155.jpg?v=1745217893,4,,,,,,,,,,,,,,,,,,,,,,,,,,,,,,,,,,,,,,,,,
dazzling-heart-rose-gold-tone-ring-bracelet-statement-piece,,,,,,,,,,,,,,,,,,,,,,,,,,,,,,,,https://cdn.shopify.com/s/files/1/0651/8987/1813/files/71_dc206e8e-bce6-4591-8d07-2593a00cfdd1.jpg?v=1745217893,5,,,,,,,,,,,,,,,,,,,,,,,,,,,,,,,,,,,,,,,,,
dazzling-heart-rose-gold-tone-ring-bracelet-statement-piece,,,,,,,,,,,,,,,,,,,,,,,,,,,,,,,,https://cdn.shopify.com/s/files/1/0651/8987/1813/files/70_13a7616d-3561-40d3-ad03-b9cd7906eb19.jpg?v=1745217893,6,,,,,,,,,,,,,,,,,,,,,,,,,,,,,,,,,,,,,,,,,
dazzling-heart-rose-gold-tone-ring-bracelet-statement-piece,,,,,,,,,,,,,,,,,,,,,,,,,,,,,,,,https://cdn.shopify.com/s/files/1/0651/8987/1813/files/34_5a5f00c0-b20c-406f-9d44-9e6ef64305df.jpg?v=1745217893,7,,,,,,,,,,,,,,,,,,,,,,,,,,,,,,,,,,,,,,,,,
flute-feather-silver-chain-nature-inspired-elegant-necklace,Flute Feather Silver Chain | Nature-Inspired Elegant Necklace,"<style type=""text/css""><!--td {border: 1px solid #cccccc;}br {mso-data-placement:same-cell;}--></style>
<p><span data-sheets-root=""1"">Discover the enchanting allure of the flute feather silver chain, a piece that seamlessly blends artistry with elegance, it reflects a deep appreciation for both artistic expression and the subtle elegance of nature.<br><br></span></p>
<p><span data-sheets-root=""1"">Gemstone - Semi Precious </span><span data-sheets-root=""1"">Zircon </span><span data-sheets-root=""1""><br>Length - 26cms<br>Weight - 8.27g<br><br></span></p>
<style type=""text/css""><!--td {border: 1px solid #cccccc;}br {mso-data-placement:same-cell;}--></style>
<style type=""text/css""><!--td {border: 1px solid #cccccc;}br {mso-data-placement:same-cell;}--></style>
<p><span data-sheets-root=""1"">Keep Your Jewellery Away From Soaps, Perfumes, Cosmetics, Humidity And Extreme Temperature.<br>Jewellery Is Delicate, Any Impact, Pressure Or Mishandling Can Cause Breakage Or Damage. Repairing, If Possible, Is A Chargeable Service.<br>Gold Plating Will Fade With Regular Use And Frequent Exposure To Air And Water. It Will Need Re-Plating. We Can Re-Plate It At A Nominal Charge. Stones(Pasted/In Setting) Can Come Off With Rough Usage.<br>Silver Creations Get Oxidized When Exposed To Air. Use Silver Cleaning Cloth To Clean It. Any Other Powder Or Concentrate May Harm The Original Finish.</span></p>
<p><span data-sheets-root=""1""></span><br></p>",SVADEZI,Apparel & Accessories > Jewelry > Necklaces,pendant,,false,Title,Default Title,,,,,,,,SCH/21097,8.27,shopify,50,continue,manual,4375.0,9812.5,true,true,,,,,,https://cdn.shopify.com/s/files/1/0651/8987/1813/files/19_ae77aa2e-eb59-4bbd-ae91-6fe915411b06.jpg?v=1745218602,1,,false,,,196,,,,,,,,,,,,,,'0,,,silver,,silver,imitation-jewelry,chain,,,,,,,,,g,,1131.00,true,,,active
flute-feather-silver-chain-nature-inspired-elegant-necklace,,,,,,,,,,,,,,,,,,,,,,,,,,,,,,,,https://cdn.shopify.com/s/files/1/0651/8987/1813/files/189_a545a3de-8db3-4276-ab30-24f9f8e0fdc2.jpg?v=1745218603,2,,,,,,,,,,,,,,,,,,,,,,,,,,,,,,,,,,,,,,,,,
flute-feather-silver-chain-nature-inspired-elegant-necklace,,,,,,,,,,,,,,,,,,,,,,,,,,,,,,,,https://cdn.shopify.com/s/files/1/0651/8987/1813/files/10_d650c053-7bf1-4ddb-a552-5aa8e7d362d2.jpg?v=1745218603,3,,,,,,,,,,,,,,,,,,,,,,,,,,,,,,,,,,,,,,,,,
pearl-crystal-silver-geometric-4-in-1-earrings,"Pearl, Crystal, Silver & Geometric 4-in-1 Earrings","<style type=""text/css""><!--td {border: 1px solid #cccccc;}br {mso-data-placement:same-cell;}--></style>
<p><span data-sheets-root=""1"">4 in 1 earrings are a versatile piece of jewellery that convenient design which gives you a 4 way styling. The studs features different designs including classic pearl, sparkling crystal, sleek silver balls and trendy geometric shape. <br><br></span></p>
<p><span data-sheets-root=""1"">Gemstone - </span><span data-sheets-root=""1"">White swarovski zircon with natural pearl</span><span data-sheets-root=""1""><br>Length - 2.5cms<br>Weight - 6.5g<br><br></span></p>
<style type=""text/css""><!--td {border: 1px solid #cccccc;}br {mso-data-placement:same-cell;}--></style>
<style type=""text/css""><!--td {border: 1px solid #cccccc;}br {mso-data-placement:same-cell;}--></style>
<style type=""text/css""><!--td {border: 1px solid #cccccc;}br {mso-data-placement:same-cell;}--></style>
<p><span data-sheets-root=""1"">Keep Your Jewellery Away From Soaps, Perfumes, Cosmetics, Humidity And Extreme Temperature.<br>Jewellery Is Delicate, Any Impact, Pressure Or Mishandling Can Cause Breakage Or Damage. Repairing, If Possible, Is A Chargeable Service.<br>Gold Plating Will Fade With Regular Use And Frequent Exposure To Air And Water. It Will Need Re-Plating. We Can Re-Plate It At A Nominal Charge. Stones(Pasted/In Setting) Can Come Off With Rough Usage.<br>Silver Creations Get Oxidized When Exposed To Air. Use Silver Cleaning Cloth To Clean It. Any Other Powder Or Concentrate May Harm The Original Finish.<br><br><br><br></span></p>
<style type=""text/css""><!--td {border: 1px solid #cccccc;}br {mso-data-placement:same-cell;}--></style>
<p> </p>
<p> </p>
<p><span data-sheets-root=""1""></span><br></p>",SVADEZI,Apparel & Accessories > Jewelry > Earrings,earrings,,false,Title,Default Title,,,,,,,,STPS/1957,6.5,shopify,50,continue,manual,3838.0,8470.0,true,true,,,,,,https://cdn.shopify.com/s/files/1/0651/8987/1813/files/22_c45e18b8-23d0-4195-8684-abb098f4d205.jpg?v=1767705406,1,,false,,,194,,,,,,,,,,,,,,'0,,,white; rose-gold,stud; hoop,gold; silver,imitation-jewelry,,,,,,,,,,g,,963.00,true,,,active
pearl-crystal-silver-geometric-4-in-1-earrings,,,,,,,,,,,,,,,,,,,,,,,,,,,,,,,,https://cdn.shopify.com/s/files/1/0651/8987/1813/files/fainal_a67d750f-5679-4bf6-9608-e94dedd3242b.jpg?v=1745219312,2,,,,,,,,,,,,,,,,,,,,,,,,,,,,,,,,,,,,,,,,,
pearl-crystal-silver-geometric-4-in-1-earrings,,,,,,,,,,,,,,,,,,,,,,,,,,,,,,,,https://cdn.shopify.com/s/files/1/0651/8987/1813/files/43_2_40f2ff43-e021-4317-87da-731964f28540.jpg?v=1745219313,3,,,,,,,,,,,,,,,,,,,,,,,,,,,,,,,,,,,,,,,,,
pearl-crystal-silver-geometric-4-in-1-earrings,,,,,,,,,,,,,,,,,,,,,,,,,,,,,,,,https://cdn.shopify.com/s/files/1/0651/8987/1813/files/26_b297b96e-ec71-48ef-8cc9-ae03cf2e5d6b.jpg?v=1745219313,4,,,,,,,,,,,,,,,,,,,,,,,,,,,,,,,,,,,,,,,,,
